/* Autogenerated with ./bin2char.sh */
0x00,0x00,0x00,0x00,0x00,0x00,0x00,0x00,0x00,0x00,0x00,0x00,0x00,0x00,0x00,0x00,
0x00,0x00,0x00,0x00,0x00,0x00,0x00,0x00,0x00,0x00,0x00,0x00,0x00,0x00,0x00,0x00,
0x00,0x00,0x00,0x00,0x00,0x00,0x00,0x00,0x00,0x00,0x00,0x00,0x00,0x00,0x00,0x00,
0x00,0x00,0x00,0x00,0x00,0x00,0x00,0x00,0x00,0x00,0x00,0x00,0x00,0x00,0x00,0x00,
0x06,0xbb,0x00,0x00,0x00,0x00,0x86,0xc3,0x00,0x00,0x00,0x00,0x20,0x7f,0x69,0x00,
0x22,0x29,0x20,0x32,0x29,0x90,0xef,0x69,0x00,0x00,0x69,0x1d,0x0f,0x06,0xa4,0x00,
0x00,0x00,0x00,0x00,0x00,0x00,0x00,0x00,0x00,0x00,0x00,0x00,0x00,0x00,0x00,0x00,
0x00,0x00,0x00,0x00,0x00,0x00,0x00,0x00,0x00,0x00,0x00,0x00,0x00,0x01,0x49,0x60,
0x01,0x49,0x20,0x41,0x49,0x30,0x01,0x49,0x40,0x01,0x49,0x50,0x01,0x49,0x70,0x01,
0x49,0x80,0x01,0x49,0x90,0x91,0x49,0xa0,0x31,0x49,0xb0,0xa1,0x49,0xc0,0x51,0x49,
0xd0,0x61,0x49,0xe0,0x71,0x49,0xf0,0x81,0x49,0xc0,0xb1,0x49,0xd0,0xa1,0x49,0xe0,
0x91,0x49,0x20,0x71,0x69,0x00,0x22,0x29,0x20,0x32,0x29,0x90,0xe1,0x69,0x00,0x00,
0x69,0xa9,0x71,0xb9,0x61,0xc6,0x88,0x00,0x00,0x00,0x00,0x00,0x00,0x00,0x00,0x00,
0x00,0x00,0x00,0x00,0x00,0x00,0x00,0x00,0x00,0x00,0x00,0x00,0x00,0x00,0x00,0x00,
0x00,0x00,0x00,0x00,0x70,0x98,0x02,0x20,0x40,0x00,0x02,0x20,0x00,0x20,0x00,0x00,
0x00,0x00,0x01,0x00,0x08,0xff,0xff,0xff,0x88,0x00,0x00,0x00,0x60,0x02,0x02,0x20,
0xe0,0x02,0x02,0x20,0x10,0x14,0x11,0x44,0x1c,0x01,0x02,0x20,0x00,0x00,0x00,0x20,
0x09,0x00,0x00,0x00,0x00,0x00,0x00,0x00,0x00,0x00,0x00,0x00,0x18,0x60,0x00,0x00,
0x18,0x77,0x0f,0x00,0x18,0x57,0x0d,0x00,0x18,0x47,0x0c,0x00,0x18,0x67,0x00,0x00,
0x21,0xec,0xff,0x8c,0x12,0xc0,0x02,0x00,0x0c,0x00,0x41,0xea,0xff,0x40,0xec,0x13,
0x21,0xea,0xff,0x20,0xe7,0x13,0x21,0xe9,0xff,0x0c,0x03,0xf2,0x73,0x00,0xf2,0x73,
0x10,0xf2,0x73,0x20,0xf2,0x73,0x30,0x32,0xd3,0x01,0x27,0x33,0xed,0x00,0x20,0x00,
0x21,0xe4,0xff,0x0c,0x03,0x72,0x73,0x00,0x72,0x73,0x20,0x72,0x73,0x40,0x72,0x73,
0x60,0x32,0xd3,0x02,0x27,0x33,0xed,0x21,0xdf,0xff,0x20,0x61,0x13,0x21,0xde,0xff,
0x20,0x28,0x13,0x21,0xde,0xff,0x31,0xde,0xff,0x16,0x62,0x06,0x16,0x33,0x06,0x38,
0x03,0x16,0xe3,0x05,0x0c,0x09,0x86,0x01,0x00,0x00,0x00,0x00,0x00,0x00,0x00,0x00,
0x90,0x5a,0x13,0x00,0x20,0x00,0x0c,0x0a,0x1c,0xfb,0x86,0x00,0x00,0x00,0x00,0x00,
0xc0,0x20,0x00,0xa0,0xe9,0x50,0x1b,0xaa,0xb7,0x3a,0xf4,0xbc,0x13,0x20,0x23,0xb0,
0x86,0x05,0x00,0x00,0x00,0x00,0x00,0x00,0x00,0x00,0x00,0x00,0x00,0x00,0x00,0x00,
0xc0,0x20,0x00,0xa0,0xec,0x50,0x0b,0xbb,0x9c,0x43,0x22,0xc2,0xf8,0xa8,0x12,0xc8,
0x02,0x0b,0x33,0xa0,0x90,0x44,0x90,0xaa,0x30,0xb0,0xaa,0x20,0x06,0xf8,0xff,0x00,
0x46,0x0b,0x00,0x21,0xc4,0xff,0x31,0xc4,0xff,0x41,0xc4,0xff,0x0c,0x86,0x0c,0x17,
0x20,0x8c,0x35,0x30,0x58,0xa0,0x82,0xc8,0xfb,0x80,0x53,0xb3,0x52,0x25,0x00,0xc0,
0x22,0x11,0x40,0x77,0xc0,0x62,0xc6,0xff,0x60,0x55,0x80,0x50,0xe7,0x50,0x56,0xe6,
0xfd,0x20,0x61,0x03,0x31,0xbb,0xff,0x30,0x22,0x20,0x20,0x61,0x13,0x21,0xb9,0xff,
0x8c,0x62,0xc0,0x02,0x00,0x0c,0x00,0x56,0xf2,0xff,0x00,0xe5,0x13,0x10,0x20,0x00,
0x85,0x97,0x01,0x00,0x00,0x00,0x00,0x00,0x00,0x00,0x00,0x00,0x00,0x00,0x00,0x00,
0x00,0x00,0x00,0x00,0x00,0x00,0x00,0x00,0x00,0x00,0x00,0x00,0x00,0x00,0x00,0x00,
0x01,0x00,0x00,0x00,0x00,0x60,0x00,0x00,0x01,0x00,0x00,0x20,0x00,0xf4,0x01,0x00,
0x01,0x00,0x02,0x20,0x00,0x77,0x0f,0x00,0x01,0x00,0x20,0x20,0x00,0x55,0x0d,0x00,
0x01,0x00,0x00,0x24,0x00,0x66,0x00,0x00,0x01,0x00,0x24,0x28,0x00,0xf6,0x01,0x00,
0x01,0x00,0x2c,0x28,0x00,0xf7,0x01,0x00,0x01,0x00,0xa4,0x28,0x00,0x80,0x01,0x00,
0x01,0x00,0xa8,0x28,0x00,0xf0,0x01,0x00,0x01,0x00,0xac,0x28,0x00,0xf4,0x01,0x00,
0x01,0x00,0x78,0x2f,0x00,0x96,0x01,0x00,0x01,0x00,0x80,0x2f,0x00,0x97,0x01,0x00,
0x01,0x00,0x00,0x30,0x00,0x66,0x00,0x00,0x01,0x00,0x00,0x60,0x00,0x67,0x0e,0x00,
0x01,0x00,0x00,0x80,0x00,0x77,0x0f,0x00,0x01,0x00,0x00,0x90,0x00,0xf4,0x01,0x00,
0x10,0x00,0x00,0x00,0xe5,0x00,0x00,0x00,0x30,0x01,0x02,0x20,0xf9,0x91,0x86,0x13,
0x00,0xa0,0xd1,0x09,0xc0,0xb1,0x09,0xd0,0xa1,0x09,0xe0,0x91,0x09,0xb0,0x01,0x29,
0x00,0x01,0x09,0x20,0x01,0x09,0x30,0x01,0x09,0x40,0x01,0x09,0x50,0x01,0x09,0x60,
0x01,0x09,0x70,0x01,0x09,0xc0,0x51,0x09,0xd0,0x61,0x09,0xe0,0x71,0x09,0x80,0x01,
0x09,0x90,0x01,0x09,0xa0,0x11,0x09,0xb0,0x41,0x09,0xf0,0x01,0x09,0x00,0x00,0x00,
0x01,0xee,0xff,0xa0,0x00,0x00,0x00,0x00,0x40,0x98,0x02,0x20,0xc8,0x88,0x02,0x20,
0x41,0xfe,0xff,0x21,0xfe,0xff,0x8c,0x64,0xb0,0x30,0x34,0x40,0x43,0xa0,0x48,0x04,
0x40,0x42,0x83,0x2d,0x01,0xa0,0x04,0x00,0x00,0x52,0x00,0x00,0x00,0x00,0x00,0x00,
0x20,0x2b,0x2d,0x23,0x30,0x2c,0x3b,0x3a,0x5f,0x00,0x00,0x00,0x00,0x00,0x00,0x00,
0x00,0x00,0x00,0x00,0x00,0x00,0x00,0x00,0x00,0x00,0x00,0x00,0x00,0x00,0x00,0x00,
0x20,0x20,0x20,0x20,0x20,0x20,0x20,0x20,0x20,0x20,0x20,0x20,0x20,0x20,0x20,0x20,
0x20,0x20,0x20,0x20,0x20,0x20,0x20,0x20,0x20,0x20,0x20,0x20,0x20,0x20,0x20,0x20,
0x00,0x00,0x00,0x00,0x00,0x00,0x00,0x00,0x00,0x00,0x00,0x00,0x00,0x00,0x00,0x00,
0x00,0x00,0x00,0x00,0x00,0x00,0x00,0x00,0x00,0x00,0x00,0x00,0x00,0x00,0x00,0x00,
0x30,0x30,0x30,0x30,0x30,0x30,0x30,0x30,0x30,0x30,0x30,0x30,0x30,0x30,0x30,0x30,
0x30,0x30,0x30,0x30,0x30,0x30,0x30,0x30,0x30,0x30,0x30,0x30,0x30,0x30,0x30,0x30,
0x00,0x00,0x00,0x00,0x00,0x00,0x00,0x00,0x00,0x00,0x00,0x00,0x00,0x00,0x00,0x00,
0x00,0x00,0x00,0x00,0x00,0x00,0x00,0x00,0x00,0x00,0x00,0x00,0x00,0x00,0x00,0x00,
0x00,0x00,0x80,0x00,0x80,0x00,0x80,0x00,0x80,0x00,0x80,0x00,0x80,0x00,0x80,0x00,
0x80,0x00,0x80,0x00,0xc0,0x04,0xc0,0x00,0xc0,0x00,0xc0,0x00,0xc0,0x00,0x80,0x00,
0x80,0x00,0x80,0x00,0x80,0x00,0x80,0x00,0x80,0x00,0x80,0x00,0x80,0x00,0x80,0x00,
0x80,0x00,0x80,0x00,0x80,0x00,0x80,0x00,0x80,0x00,0x80,0x00,0x80,0x00,0x80,0x00,
0x80,0x00,0x04,0x00,0x08,0x00,0x08,0x00,0x08,0x00,0x08,0x00,0x08,0x00,0x08,0x00,
0x08,0x00,0x08,0x00,0x08,0x00,0x08,0x00,0x08,0x00,0x08,0x00,0x08,0x00,0x08,0x00,
0x08,0x00,0x21,0x00,0x21,0x00,0x21,0x00,0x21,0x00,0x21,0x00,0x21,0x00,0x21,0x00,
0x21,0x00,0x21,0x00,0x21,0x00,0x08,0x00,0x08,0x00,0x08,0x00,0x08,0x00,0x08,0x00,
0x08,0x00,0x08,0x00,0x03,0x00,0x03,0x00,0x03,0x00,0x03,0x00,0x03,0x00,0x03,0x00,
0x02,0x00,0x02,0x00,0x02,0x00,0x02,0x00,0x02,0x00,0x02,0x00,0x02,0x00,0x02,0x00,
0x02,0x00,0x02,0x00,0x02,0x00,0x02,0x00,0x02,0x00,0x02,0x00,0x02,0x00,0x02,0x00,
0x02,0x00,0x02,0x00,0x02,0x00,0x02,0x00,0x08,0x00,0x08,0x00,0x08,0x00,0x08,0x00,
0x08,0x00,0x08,0x00,0x11,0x00,0x11,0x00,0x11,0x00,0x11,0x00,0x11,0x00,0x11,0x00,
0x10,0x00,0x10,0x00,0x10,0x00,0x10,0x00,0x10,0x00,0x10,0x00,0x10,0x00,0x10,0x00,
0x10,0x00,0x10,0x00,0x10,0x00,0x10,0x00,0x10,0x00,0x10,0x00,0x10,0x00,0x10,0x00,
0x10,0x00,0x10,0x00,0x10,0x00,0x10,0x00,0x08,0x00,0x08,0x00,0x08,0x00,0x08,0x00,
0x80,0x00,0x00,0x00,0x00,0x00,0x00,0x00,0x00,0x00,0x00,0x00,0x00,0x00,0x00,0x00,
0x00,0x00,0x00,0x00,0x00,0x00,0x00,0x00,0x00,0x00,0x00,0x00,0x00,0x00,0x00,0x00,
0x00,0x00,0x00,0x00,0x00,0x00,0x00,0x00,0x00,0x00,0x00,0x00,0x00,0x00,0x00,0x00,
0x00,0x00,0x00,0x00,0x00,0x00,0x00,0x00,0x00,0x00,0x00,0x00,0x00,0x00,0x00,0x00,
0x00,0x00,0x00,0x00,0x00,0x00,0x00,0x00,0x00,0x00,0x00,0x00,0x00,0x00,0x00,0x00,
0x00,0x00,0x00,0x00,0x00,0x00,0x00,0x00,0x00,0x00,0x00,0x00,0x00,0x00,0x00,0x00,
0x00,0x00,0x00,0x00,0x00,0x00,0x00,0x00,0x00,0x00,0x00,0x00,0x00,0x00,0x00,0x00,
0x00,0x00,0x00,0x00,0x00,0x00,0x00,0x00,0x00,0x00,0x00,0x00,0x00,0x00,0x00,0x00,
0x00,0x00,0x00,0x00,0x00,0x00,0x00,0x00,0x00,0x00,0x00,0x00,0x00,0x00,0x00,0x00,
0x00,0x00,0x00,0x00,0x00,0x00,0x00,0x00,0x00,0x00,0x00,0x00,0x00,0x00,0x00,0x00,
0x00,0x00,0x00,0x00,0x00,0x00,0x00,0x00,0x00,0x00,0x00,0x00,0x00,0x00,0x00,0x00,
0x00,0x00,0x00,0x00,0x00,0x00,0x00,0x00,0x00,0x00,0x00,0x00,0x00,0x00,0x00,0x00,
0x00,0x00,0x00,0x00,0x00,0x00,0x00,0x00,0x00,0x00,0x00,0x00,0x00,0x00,0x00,0x00,
0x00,0x00,0x00,0x00,0x00,0x00,0x00,0x00,0x00,0x00,0x00,0x00,0x00,0x00,0x00,0x00,
0x00,0x00,0x00,0x00,0x00,0x00,0x00,0x00,0x00,0x00,0x00,0x00,0x00,0x00,0x00,0x00,
0x00,0x00,0x00,0x00,0x00,0x00,0x00,0x00,0x00,0x00,0x00,0x00,0x00,0x00,0x00,0x00,
0x00,0x00,0x00,0x00,0x00,0x00,0x00,0x00,0x01,0x00,0x00,0x00,0x00,0x00,0x00,0x00,
0x00,0x00,0x00,0x00,0x00,0x00,0x00,0x00,0x00,0x00,0x00,0x00,0x00,0x00,0x90,0x3c,
0x00,0x00,0x00,0x00,0x00,0x00,0x00,0x00,0x00,0x00,0x00,0x00,0x00,0x00,0xf0,0x7f,
0x00,0x00,0x00,0x00,0x00,0x00,0x00,0x00,0x00,0x00,0x00,0x00,0x00,0x00,0xf8,0x7f,
0x00,0x00,0x00,0x00,0x00,0x00,0x00,0x00,0x01,0x00,0x00,0x00,0x00,0x00,0xf0,0x7f,
0x00,0x00,0x00,0x00,0x00,0x00,0x00,0x00,0x00,0x00,0x00,0x00,0x00,0x00,0x40,0x3e,
0x00,0x00,0x00,0x00,0x00,0x00,0x00,0x00,0x00,0x00,0x00,0x00,0x00,0x00,0x00,0x00,
0x00,0x00,0x00,0x00,0x00,0x00,0x00,0x00,0x01,0x00,0x00,0x00,0x00,0x00,0x00,0x00,
0x00,0x00,0x00,0x00,0x00,0x00,0x00,0x00,0x00,0x00,0x00,0x00,0x00,0x00,0x90,0x3c,
0x00,0x00,0x00,0x00,0x00,0x00,0x00,0x00,0x00,0x00,0x00,0x00,0x00,0x00,0xf0,0x7f,
0x00,0x00,0x00,0x00,0x00,0x00,0x00,0x00,0x00,0x00,0x00,0x00,0x00,0x00,0xf0,0x7f,
0x00,0x00,0x00,0x00,0x00,0x00,0x00,0x00,0x00,0x00,0x00,0x00,0x00,0x00,0xf8,0x7f,
0x00,0x00,0x00,0x00,0x00,0x00,0x00,0x00,0x01,0x00,0x00,0x00,0x00,0x00,0xf0,0x7f,
0x00,0x00,0x00,0x00,0x00,0x00,0x00,0x00,0x00,0x00,0x00,0x00,0x00,0x00,0x40,0x3e,
0x00,0x00,0x00,0x00,0x00,0x00,0x00,0x00,0x00,0x00,0x00,0x00,0x00,0x00,0x00,0x00,
0x00,0x00,0x00,0x00,0x00,0x00,0x00,0x00,0x00,0x00,0x00,0x00,0x00,0x00,0x00,0x00,
0x46,0x61,0x69,0x6c,0x65,0x64,0x20,0x74,0x6f,0x20,0x4f,0x70,0x65,0x6e,0x20,0x4f,
0x54,0x50,0x20,0x73,0x65,0x72,0x76,0x69,0x63,0x65,0x2e,0x20,0x45,0x72,0x72,0x6f,
0x72,0x20,0x63,0x6f,0x64,0x65,0x20,0x72,0x65,0x74,0x75,0x72,0x6e,0x65,0x64,0x20,
0x25,0x64,0x20,0x0a,0x00,0x46,0x61,0x69,0x6c,0x65,0x64,0x20,0x74,0x6f,0x20,0x52,
0x65,0x67,0x69,0x73,0x74,0x65,0x72,0x20,0x4f,0x54,0x50,0x20,0x43,0x61,0x6c,0x6c,
0x62,0x61,0x63,0x6b,0x2e,0x20,0x45,0x72,0x72,0x6f,0x72,0x20,0x63,0x6f,0x64,0x65,
0x20,0x72,0x65,0x74,0x75,0x72,0x6e,0x65,0x64,0x20,0x25,0x64,0x20,0x0a,0x00,0x4f,
0x54,0x50,0x20,0x53,0x65,0x63,0x75,0x72,0x69,0x74,0x79,0x20,0x46,0x61,0x69,0x6c,
0x75,0x72,0x65,0x2e,0x20,0x45,0x72,0x72,0x6f,0x72,0x20,0x63,0x6f,0x64,0x65,0x20,
0x72,0x65,0x74,0x75,0x72,0x6e,0x65,0x64,0x20,0x25,0x64,0x20,0x0a,0x00,0x4f,0x54,
0x50,0x20,0x43,0x6c,0x6f,0x73,0x65,0x20,0x46,0x61,0x69,0x6c,0x75,0x72,0x65,0x2e,
0x20,0x45,0x72,0x72,0x6f,0x72,0x20,0x63,0x6f,0x64,0x65,0x20,0x72,0x65,0x74,0x75,
0x72,0x6e,0x65,0x64,0x20,0x25,0x64,0x20,0x0a,0x00,0x2e,0x2e,0x2f,0x73,0x79,0x73,
0x74,0x65,0x6d,0x2f,0x73,0x65,0x72,0x76,0x69,0x63,0x65,0x73,0x2f,0x6f,0x74,0x70,
0x2f,0x61,0x64,0x69,0x5f,0x6f,0x74,0x70,0x5f,0x76,0x31,0x2e,0x63,0x3a,0x31,0x32,
0x31,0x20,0x6e,0x44,0x65,0x76,0x69,0x63,0x65,0x4e,0x75,0x6d,0x20,0x3c,0x20,0x41,
0x44,0x49,0x5f,0x4f,0x54,0x50,0x5f,0x4d,0x41,0x58,0x5f,0x49,0x4e,0x53,0x54,0x41,
0x4e,0x43,0x45,0x53,0x00,0x61,0x64,0x69,0x5f,0x6f,0x74,0x70,0x5f,0x4f,0x70,0x65,
0x6e,0x00,0x2e,0x2e,0x2f,0x73,0x79,0x73,0x74,0x65,0x6d,0x2f,0x73,0x65,0x72,0x76,
0x69,0x63,0x65,0x73,0x2f,0x6f,0x74,0x70,0x2f,0x61,0x64,0x69,0x5f,0x6f,0x74,0x70,
0x5f,0x76,0x31,0x2e,0x63,0x3a,0x31,0x32,0x34,0x20,0x67,0x4f,0x54,0x50,0x44,0x65,
0x76,0x49,0x6e,0x66,0x6f,0x5b,0x6e,0x44,0x65,0x76,0x69,0x63,0x65,0x4e,0x75,0x6d,
0x5d,0x2e,0x70,0x44,0x65,0x76,0x69,0x63,0x65,0x20,0x3d,0x3d,0x20,0x4e,0x55,0x4c,
0x4c,0x00,0x2e,0x2e,0x2f,0x73,0x79,0x73,0x74,0x65,0x6d,0x2f,0x73,0x65,0x72,0x76,
0x69,0x63,0x65,0x73,0x2f,0x6f,0x74,0x70,0x2f,0x61,0x64,0x69,0x5f,0x6f,0x74,0x70,
0x5f,0x76,0x31,0x2e,0x63,0x3a,0x31,0x32,0x37,0x20,0x70,0x68,0x49,0x6e,0x66,0x6f,
0x20,0x21,0x3d,0x20,0x4e,0x55,0x4c,0x4c,0x00,0x2e,0x2e,0x2f,0x73,0x79,0x73,0x74,
0x65,0x6d,0x2f,0x73,0x65,0x72,0x76,0x69,0x63,0x65,0x73,0x2f,0x6f,0x74,0x70,0x2f,
0x61,0x64,0x69,0x5f,0x6f,0x74,0x70,0x5f,0x76,0x31,0x2e,0x63,0x3a,0x31,0x33,0x30,
0x20,0x70,0x4d,0x65,0x6d,0x6f,0x72,0x79,0x20,0x21,0x3d,0x20,0x4e,0x55,0x4c,0x4c,
0x00,0x2e,0x2e,0x2f,0x73,0x79,0x73,0x74,0x65,0x6d,0x2f,0x73,0x65,0x72,0x76,0x69,
0x63,0x65,0x73,0x2f,0x6f,0x74,0x70,0x2f,0x61,0x64,0x69,0x5f,0x6f,0x74,0x70,0x5f,
0x76,0x31,0x2e,0x63,0x3a,0x31,0x33,0x34,0x20,0x6e,0x4d,0x65,0x6d,0x53,0x69,0x7a,
0x65,0x20,0x3e,0x3d,0x20,0x41,0x44,0x49,0x5f,0x4f,0x54,0x50,0x5f,0x4d,0x45,0x4d,
0x4f,0x52,0x59,0x5f,0x53,0x49,0x5a,0x45,0x00,0x2e,0x2e,0x2f,0x73,0x79,0x73,0x74,
0x65,0x6d,0x2f,0x73,0x65,0x72,0x76,0x69,0x63,0x65,0x73,0x2f,0x6f,0x74,0x70,0x2f,
0x61,0x64,0x69,0x5f,0x6f,0x74,0x70,0x5f,0x76,0x31,0x2e,0x63,0x3a,0x32,0x34,0x34,
0x20,0x56,0x61,0x6c,0x69,0x64,0x61,0x74,0x65,0x48,0x61,0x6e,0x64,0x6c,0x65,0x28,
0x70,0x49,0x6e,0x66,0x6f,0x29,0x20,0x3d,0x3d,0x20,0x41,0x44,0x49,0x5f,0x4f,0x54,
0x50,0x5f,0x53,0x55,0x43,0x43,0x45,0x53,0x53,0x00,0x61,0x64,0x69,0x5f,0x6f,0x74,
0x70,0x5f,0x43,0x6c,0x6f,0x73,0x65,0x00,0x2e,0x2e,0x2f,0x73,0x79,0x73,0x74,0x65,
0x6d,0x2f,0x73,0x65,0x72,0x76,0x69,0x63,0x65,0x73,0x2f,0x6f,0x74,0x70,0x2f,0x61,
0x64,0x69,0x5f,0x6f,0x74,0x70,0x5f,0x76,0x31,0x2e,0x63,0x3a,0x33,0x36,0x31,0x20,
0x56,0x61,0x6c,0x69,0x64,0x61,0x74,0x65,0x48,0x61,0x6e,0x64,0x6c,0x65,0x28,0x70,
0x49,0x6e,0x66,0x6f,0x29,0x20,0x3d,0x3d,0x20,0x41,0x44,0x49,0x5f,0x4f,0x54,0x50,
0x5f,0x53,0x55,0x43,0x43,0x45,0x53,0x53,0x00,0x61,0x64,0x69,0x5f,0x6f,0x74,0x70,
0x5f,0x52,0x65,0x67,0x69,0x73,0x74,0x65,0x72,0x43,0x61,0x6c,0x6c,0x62,0x61,0x63,
0x6b,0x00,0x2e,0x2e,0x2f,0x73,0x79,0x73,0x74,0x65,0x6d,0x2f,0x73,0x65,0x72,0x76,
0x69,0x63,0x65,0x73,0x2f,0x6f,0x74,0x70,0x2f,0x61,0x64,0x69,0x5f,0x6f,0x74,0x70,
0x5f,0x76,0x31,0x2e,0x63,0x3a,0x34,0x31,0x31,0x20,0x56,0x61,0x6c,0x69,0x64,0x61,
0x74,0x65,0x48,0x61,0x6e,0x64,0x6c,0x65,0x28,0x70,0x49,0x6e,0x66,0x6f,0x29,0x20,
0x3d,0x3d,0x20,0x41,0x44,0x49,0x5f,0x4f,0x54,0x50,0x5f,0x53,0x55,0x43,0x43,0x45,
0x53,0x53,0x00,0x61,0x64,0x69,0x5f,0x6f,0x74,0x70,0x5f,0x44,0x61,0x74,0x61,0x52,
0x65,0x61,0x64,0x00,0x2e,0x2e,0x2f,0x73,0x79,0x73,0x74,0x65,0x6d,0x2f,0x73,0x65,
0x72,0x76,0x69,0x63,0x65,0x73,0x2f,0x6f,0x74,0x70,0x2f,0x61,0x64,0x69,0x5f,0x6f,
0x74,0x70,0x5f,0x76,0x31,0x2e,0x63,0x3a,0x34,0x31,0x33,0x20,0x70,0x42,0x75,0x66,
0x66,0x65,0x72,0x20,0x21,0x3d,0x20,0x4e,0x55,0x4c,0x4c,0x00,0x2e,0x2e,0x2f,0x73,
0x79,0x73,0x74,0x65,0x6d,0x2f,0x73,0x65,0x72,0x76,0x69,0x63,0x65,0x73,0x2f,0x6f,
0x74,0x70,0x2f,0x61,0x64,0x69,0x5f,0x6f,0x74,0x70,0x5f,0x76,0x31,0x2e,0x63,0x3a,
0x34,0x37,0x36,0x20,0x56,0x61,0x6c,0x69,0x64,0x61,0x74,0x65,0x48,0x61,0x6e,0x64,
0x6c,0x65,0x28,0x70,0x49,0x6e,0x66,0x6f,0x29,0x20,0x3d,0x3d,0x20,0x41,0x44,0x49,
0x5f,0x4f,0x54,0x50,0x5f,0x53,0x55,0x43,0x43,0x45,0x53,0x53,0x00,0x61,0x64,0x69,
0x5f,0x6f,0x74,0x70,0x5f,0x45,0x43,0x43,0x52,0x65,0x61,0x64,0x00,0x2e,0x2e,0x2f,
0x73,0x79,0x73,0x74,0x65,0x6d,0x2f,0x73,0x65,0x72,0x76,0x69,0x63,0x65,0x73,0x2f,
0x6f,0x74,0x70,0x2f,0x61,0x64,0x69,0x5f,0x6f,0x74,0x70,0x5f,0x76,0x31,0x2e,0x63,
0x3a,0x34,0x37,0x38,0x20,0x70,0x52,0x65,0x61,0x64,0x42,0x75,0x66,0x66,0x65,0x72,
0x20,0x21,0x3d,0x20,0x4e,0x55,0x4c,0x4c,0x00,0x2e,0x2e,0x2f,0x73,0x79,0x73,0x74,
0x65,0x6d,0x2f,0x73,0x65,0x72,0x76,0x69,0x63,0x65,0x73,0x2f,0x6f,0x74,0x70,0x2f,
0x61,0x64,0x69,0x5f,0x6f,0x74,0x70,0x5f,0x76,0x31,0x2e,0x63,0x3a,0x34,0x37,0x39,
0x20,0x70,0x45,0x43,0x43,0x42,0x75,0x66,0x66,0x65,0x72,0x20,0x21,0x3d,0x20,0x4e,
0x55,0x4c,0x4c,0x00,0x2e,0x2e,0x2f,0x73,0x79,0x73,0x74,0x65,0x6d,0x2f,0x73,0x65,
0x72,0x76,0x69,0x63,0x65,0x73,0x2f,0x6f,0x74,0x70,0x2f,0x61,0x64,0x69,0x5f,0x6f,
0x74,0x70,0x5f,0x76,0x31,0x2e,0x63,0x3a,0x35,0x34,0x36,0x20,0x56,0x61,0x6c,0x69,
0x64,0x61,0x74,0x65,0x48,0x61,0x6e,0x64,0x6c,0x65,0x28,0x70,0x49,0x6e,0x66,0x6f,
0x29,0x20,0x3d,0x3d,0x20,0x41,0x44,0x49,0x5f,0x4f,0x54,0x50,0x5f,0x53,0x55,0x43,
0x43,0x45,0x53,0x53,0x00,0x61,0x64,0x69,0x5f,0x6f,0x74,0x70,0x5f,0x44,0x61,0x74,
0x61,0x50,0x72,0x6f,0x67,0x00,0x2e,0x2e,0x2f,0x73,0x79,0x73,0x74,0x65,0x6d,0x2f,
0x73,0x65,0x72,0x76,0x69,0x63,0x65,0x73,0x2f,0x6f,0x74,0x70,0x2f,0x61,0x64,0x69,
0x5f,0x6f,0x74,0x70,0x5f,0x76,0x31,0x2e,0x63,0x3a,0x35,0x34,0x38,0x20,0x70,0x42,
0x75,0x66,0x66,0x65,0x72,0x20,0x21,0x3d,0x20,0x4e,0x55,0x4c,0x4c,0x00,0x2e,0x2e,
0x2f,0x73,0x79,0x73,0x74,0x65,0x6d,0x2f,0x73,0x65,0x72,0x76,0x69,0x63,0x65,0x73,
0x2f,0x6f,0x74,0x70,0x2f,0x61,0x64,0x69,0x5f,0x6f,0x74,0x70,0x5f,0x76,0x31,0x2e,
0x63,0x3a,0x36,0x35,0x37,0x20,0x56,0x61,0x6c,0x69,0x64,0x61,0x74,0x65,0x48,0x61,
0x6e,0x64,0x6c,0x65,0x28,0x70,0x49,0x6e,0x66,0x6f,0x29,0x20,0x3d,0x3d,0x20,0x41,
0x44,0x49,0x5f,0x4f,0x54,0x50,0x5f,0x53,0x55,0x43,0x43,0x45,0x53,0x53,0x00,0x61,
0x64,0x69,0x5f,0x6f,0x74,0x70,0x5f,0x50,0x72,0x69,0x76,0x61,0x74,0x65,0x4b,0x65,
0x79,0x50,0x72,0x6f,0x67,0x00,0x2e,0x2e,0x2f,0x73,0x79,0x73,0x74,0x65,0x6d,0x2f,
0x73,0x65,0x72,0x76,0x69,0x63,0x65,0x73,0x2f,0x6f,0x74,0x70,0x2f,0x61,0x64,0x69,
0x5f,0x6f,0x74,0x70,0x5f,0x76,0x31,0x2e,0x63,0x3a,0x37,0x37,0x39,0x20,0x56,0x61,
0x6c,0x69,0x64,0x61,0x74,0x65,0x48,0x61,0x6e,0x64,0x6c,0x65,0x28,0x70,0x49,0x6e,
0x66,0x6f,0x29,0x20,0x3d,0x3d,0x20,0x41,0x44,0x49,0x5f,0x4f,0x54,0x50,0x5f,0x53,
0x55,0x43,0x43,0x45,0x53,0x53,0x00,0x61,0x64,0x69,0x5f,0x6f,0x74,0x70,0x5f,0x50,
0x75,0x62,0x6c,0x69,0x63,0x4b,0x65,0x79,0x50,0x72,0x6f,0x67,0x00,0x2e,0x2e,0x2f,
0x73,0x79,0x73,0x74,0x65,0x6d,0x2f,0x73,0x65,0x72,0x76,0x69,0x63,0x65,0x73,0x2f,
0x6f,0x74,0x70,0x2f,0x61,0x64,0x69,0x5f,0x6f,0x74,0x70,0x5f,0x76,0x31,0x2e,0x63,
0x3a,0x38,0x38,0x36,0x20,0x56,0x61,0x6c,0x69,0x64,0x61,0x74,0x65,0x48,0x61,0x6e,
0x64,0x6c,0x65,0x28,0x70,0x49,0x6e,0x66,0x6f,0x29,0x20,0x3d,0x3d,0x20,0x41,0x44,
0x49,0x5f,0x4f,0x54,0x50,0x5f,0x53,0x55,0x43,0x43,0x45,0x53,0x53,0x00,0x61,0x64,
0x69,0x5f,0x6f,0x74,0x70,0x5f,0x44,0x65,0x62,0x75,0x67,0x4b,0x65,0x79,0x50,0x72,
0x6f,0x67,0x00,0x2e,0x2e,0x2f,0x73,0x79,0x73,0x74,0x65,0x6d,0x2f,0x73,0x65,0x72,
0x76,0x69,0x63,0x65,0x73,0x2f,0x6f,0x74,0x70,0x2f,0x61,0x64,0x69,0x5f,0x6f,0x74,
0x70,0x5f,0x76,0x31,0x2e,0x63,0x3a,0x39,0x38,0x31,0x20,0x56,0x61,0x6c,0x69,0x64,
0x61,0x74,0x65,0x48,0x61,0x6e,0x64,0x6c,0x65,0x28,0x70,0x49,0x6e,0x66,0x6f,0x29,
0x20,0x3d,0x3d,0x20,0x41,0x44,0x49,0x5f,0x4f,0x54,0x50,0x5f,0x53,0x55,0x43,0x43,
0x45,0x53,0x53,0x00,0x61,0x64,0x69,0x5f,0x6f,0x74,0x70,0x5f,0x48,0x77,0x64,0x55,
0x6e,0x69,0x71,0x4b,0x65,0x79,0x50,0x72,0x6f,0x67,0x00,0x2e,0x2e,0x2f,0x73,0x79,
0x73,0x74,0x65,0x6d,0x2f,0x73,0x65,0x72,0x76,0x69,0x63,0x65,0x73,0x2f,0x6f,0x74,
0x70,0x2f,0x61,0x64,0x69,0x5f,0x6f,0x74,0x70,0x5f,0x76,0x31,0x2e,0x63,0x3a,0x31,
0x30,0x34,0x33,0x20,0x56,0x61,0x6c,0x69,0x64,0x61,0x74,0x65,0x48,0x61,0x6e,0x64,
0x6c,0x65,0x28,0x70,0x49,0x6e,0x66,0x6f,0x29,0x20,0x3d,0x3d,0x20,0x41,0x44,0x49,
0x5f,0x4f,0x54,0x50,0x5f,0x53,0x55,0x43,0x43,0x45,0x53,0x53,0x00,0x61,0x64,0x69,
0x5f,0x6f,0x74,0x70,0x5f,0x52,0x6f,0x6f,0x74,0x45,0x6e,0x63,0x72,0x79,0x70,0x74,
0x4b,0x65,0x79,0x50,0x72,0x6f,0x67,0x00,0x2e,0x2e,0x2f,0x73,0x79,0x73,0x74,0x65,
0x6d,0x2f,0x73,0x65,0x72,0x76,0x69,0x63,0x65,0x73,0x2f,0x6f,0x74,0x70,0x2f,0x61,
0x64,0x69,0x5f,0x6f,0x74,0x70,0x5f,0x76,0x31,0x2e,0x63,0x3a,0x31,0x31,0x30,0x33,
0x20,0x56,0x61,0x6c,0x69,0x64,0x61,0x74,0x65,0x48,0x61,0x6e,0x64,0x6c,0x65,0x28,
0x70,0x49,0x6e,0x66,0x6f,0x29,0x20,0x3d,0x3d,0x20,0x41,0x44,0x49,0x5f,0x4f,0x54,
0x50,0x5f,0x53,0x55,0x43,0x43,0x45,0x53,0x53,0x00,0x61,0x64,0x69,0x5f,0x6f,0x74,
0x70,0x5f,0x4c,0x6f,0x63,0x61,0x6c,0x45,0x6e,0x63,0x72,0x79,0x70,0x74,0x4b,0x65,
0x79,0x50,0x72,0x6f,0x67,0x00,0x2e,0x2e,0x2f,0x73,0x79,0x73,0x74,0x65,0x6d,0x2f,
0x73,0x65,0x72,0x76,0x69,0x63,0x65,0x73,0x2f,0x6f,0x74,0x70,0x2f,0x61,0x64,0x69,
0x5f,0x6f,0x74,0x70,0x5f,0x76,0x31,0x2e,0x63,0x3a,0x31,0x31,0x36,0x33,0x20,0x56,
0x61,0x6c,0x69,0x64,0x61,0x74,0x65,0x48,0x61,0x6e,0x64,0x6c,0x65,0x28,0x70,0x49,
0x6e,0x66,0x6f,0x29,0x20,0x3d,0x3d,0x20,0x41,0x44,0x49,0x5f,0x4f,0x54,0x50,0x5f,
0x53,0x55,0x43,0x43,0x45,0x53,0x53,0x00,0x61,0x64,0x69,0x5f,0x6f,0x74,0x70,0x5f,
0x45,0x6e,0x64,0x6f,0x72,0x73,0x65,0x6d,0x65,0x6e,0x74,0x4b,0x65,0x79,0x50,0x72,
0x6f,0x67,0x00,0x2e,0x2e,0x2f,0x73,0x79,0x73,0x74,0x65,0x6d,0x2f,0x73,0x65,0x72,
0x76,0x69,0x63,0x65,0x73,0x2f,0x6f,0x74,0x70,0x2f,0x61,0x64,0x69,0x5f,0x6f,0x74,
0x70,0x5f,0x76,0x31,0x2e,0x63,0x3a,0x31,0x32,0x32,0x33,0x20,0x56,0x61,0x6c,0x69,
0x64,0x61,0x74,0x65,0x48,0x61,0x6e,0x64,0x6c,0x65,0x28,0x70,0x49,0x6e,0x66,0x6f,
0x29,0x20,0x3d,0x3d,0x20,0x41,0x44,0x49,0x5f,0x4f,0x54,0x50,0x5f,0x53,0x55,0x43,
0x43,0x45,0x53,0x53,0x00,0x61,0x64,0x69,0x5f,0x6f,0x74,0x70,0x5f,0x4f,0x65,0x6d,
0x50,0x75,0x62,0x6c,0x69,0x63,0x4b,0x65,0x79,0x50,0x72,0x6f,0x67,0x00,0x2e,0x2e,
0x2f,0x73,0x79,0x73,0x74,0x65,0x6d,0x2f,0x73,0x65,0x72,0x76,0x69,0x63,0x65,0x73,
0x2f,0x6f,0x74,0x70,0x2f,0x61,0x64,0x69,0x5f,0x6f,0x74,0x70,0x5f,0x76,0x31,0x2e,
0x63,0x3a,0x31,0x32,0x38,0x32,0x20,0x56,0x61,0x6c,0x69,0x64,0x61,0x74,0x65,0x48,
0x61,0x6e,0x64,0x6c,0x65,0x28,0x70,0x49,0x6e,0x66,0x6f,0x29,0x20,0x3d,0x3d,0x20,
0x41,0x44,0x49,0x5f,0x4f,0x54,0x50,0x5f,0x53,0x55,0x43,0x43,0x45,0x53,0x53,0x00,
0x61,0x64,0x69,0x5f,0x6f,0x74,0x70,0x5f,0x53,0x74,0x61,0x67,0x65,0x49,0x44,0x50,
0x72,0x6f,0x67,0x00,0x2e,0x2e,0x2f,0x73,0x79,0x73,0x74,0x65,0x6d,0x2f,0x73,0x65,
0x72,0x76,0x69,0x63,0x65,0x73,0x2f,0x6f,0x74,0x70,0x2f,0x61,0x64,0x69,0x5f,0x6f,
0x74,0x70,0x5f,0x76,0x31,0x2e,0x63,0x3a,0x31,0x33,0x34,0x30,0x20,0x56,0x61,0x6c,
0x69,0x64,0x61,0x74,0x65,0x48,0x61,0x6e,0x64,0x6c,0x65,0x28,0x70,0x49,0x6e,0x66,
0x6f,0x29,0x20,0x3d,0x3d,0x20,0x41,0x44,0x49,0x5f,0x4f,0x54,0x50,0x5f,0x53,0x55,
0x43,0x43,0x45,0x53,0x53,0x00,0x61,0x64,0x69,0x5f,0x6f,0x74,0x70,0x5f,0x6c,0x6f,
0x63,0x6b,0x00,0x2e,0x2e,0x2f,0x73,0x79,0x73,0x74,0x65,0x6d,0x2f,0x73,0x65,0x72,
0x76,0x69,0x63,0x65,0x73,0x2f,0x6f,0x74,0x70,0x2f,0x61,0x64,0x69,0x5f,0x6f,0x74,
0x70,0x5f,0x76,0x31,0x2e,0x63,0x3a,0x31,0x34,0x30,0x30,0x20,0x56,0x61,0x6c,0x69,
0x64,0x61,0x74,0x65,0x48,0x61,0x6e,0x64,0x6c,0x65,0x28,0x70,0x49,0x6e,0x66,0x6f,
0x29,0x20,0x3d,0x3d,0x20,0x41,0x44,0x49,0x5f,0x4f,0x54,0x50,0x5f,0x53,0x55,0x43,
0x43,0x45,0x53,0x53,0x00,0x61,0x64,0x69,0x5f,0x6f,0x74,0x70,0x5f,0x42,0x6f,0x6f,
0x74,0x4d,0x6f,0x64,0x65,0x44,0x69,0x73,0x61,0x62,0x6c,0x65,0x00,0x2e,0x2e,0x2f,
0x73,0x79,0x73,0x74,0x65,0x6d,0x2f,0x73,0x65,0x72,0x76,0x69,0x63,0x65,0x73,0x2f,
0x6f,0x74,0x70,0x2f,0x61,0x64,0x69,0x5f,0x6f,0x74,0x70,0x5f,0x76,0x31,0x2e,0x63,
0x3a,0x31,0x34,0x35,0x38,0x20,0x56,0x61,0x6c,0x69,0x64,0x61,0x74,0x65,0x48,0x61,
0x6e,0x64,0x6c,0x65,0x28,0x70,0x49,0x6e,0x66,0x6f,0x29,0x20,0x3d,0x3d,0x20,0x41,
0x44,0x49,0x5f,0x4f,0x54,0x50,0x5f,0x53,0x55,0x43,0x43,0x45,0x53,0x53,0x00,0x61,
0x64,0x69,0x5f,0x6f,0x74,0x70,0x5f,0x66,0x61,0x65,0x6e,0x00,0x2e,0x2e,0x2f,0x73,
0x79,0x73,0x74,0x65,0x6d,0x2f,0x73,0x65,0x72,0x76,0x69,0x63,0x65,0x73,0x2f,0x6f,
0x74,0x70,0x2f,0x61,0x64,0x69,0x5f,0x6f,0x74,0x70,0x5f,0x76,0x31,0x2e,0x63,0x3a,
0x31,0x35,0x31,0x34,0x20,0x56,0x61,0x6c,0x69,0x64,0x61,0x74,0x65,0x48,0x61,0x6e,
0x64,0x6c,0x65,0x28,0x70,0x49,0x6e,0x66,0x6f,0x29,0x20,0x3d,0x3d,0x20,0x41,0x44,
0x49,0x5f,0x4f,0x54,0x50,0x5f,0x53,0x55,0x43,0x43,0x45,0x53,0x53,0x00,0x61,0x64,
0x69,0x5f,0x6f,0x74,0x70,0x5f,0x44,0x4d,0x43,0x45,0x6e,0x61,0x62,0x6c,0x65,0x00,
0x2e,0x2e,0x2f,0x73,0x79,0x73,0x74,0x65,0x6d,0x2f,0x73,0x65,0x72,0x76,0x69,0x63,
0x65,0x73,0x2f,0x6f,0x74,0x70,0x2f,0x61,0x64,0x69,0x5f,0x6f,0x74,0x70,0x5f,0x76,
0x31,0x2e,0x63,0x3a,0x31,0x35,0x37,0x34,0x20,0x56,0x61,0x6c,0x69,0x64,0x61,0x74,
0x65,0x48,0x61,0x6e,0x64,0x6c,0x65,0x28,0x70,0x49,0x6e,0x66,0x6f,0x29,0x20,0x3d,
0x3d,0x20,0x41,0x44,0x49,0x5f,0x4f,0x54,0x50,0x5f,0x53,0x55,0x43,0x43,0x45,0x53,
0x53,0x00,0x61,0x64,0x69,0x5f,0x6f,0x74,0x70,0x5f,0x45,0x6e,0x61,0x62,0x6c,0x65,
0x4e,0x56,0x43,0x6f,0x75,0x6e,0x74,0x65,0x72,0x00,0x2e,0x2e,0x2f,0x73,0x79,0x73,
0x74,0x65,0x6d,0x2f,0x73,0x65,0x72,0x76,0x69,0x63,0x65,0x73,0x2f,0x6f,0x74,0x70,
0x2f,0x61,0x64,0x69,0x5f,0x6f,0x74,0x70,0x5f,0x76,0x31,0x2e,0x63,0x3a,0x31,0x36,
0x33,0x34,0x20,0x56,0x61,0x6c,0x69,0x64,0x61,0x74,0x65,0x48,0x61,0x6e,0x64,0x6c,
0x65,0x28,0x70,0x49,0x6e,0x66,0x6f,0x29,0x20,0x3d,0x3d,0x20,0x41,0x44,0x49,0x5f,
0x4f,0x54,0x50,0x5f,0x53,0x55,0x43,0x43,0x45,0x53,0x53,0x00,0x61,0x64,0x69,0x5f,
0x6f,0x74,0x70,0x5f,0x47,0x65,0x74,0x4e,0x56,0x43,0x6f,0x75,0x6e,0x74,0x65,0x72,
0x00,0x2e,0x2e,0x2f,0x73,0x79,0x73,0x74,0x65,0x6d,0x2f,0x73,0x65,0x72,0x76,0x69,
0x63,0x65,0x73,0x2f,0x6f,0x74,0x70,0x2f,0x61,0x64,0x69,0x5f,0x6f,0x74,0x70,0x5f,
0x76,0x31,0x2e,0x63,0x3a,0x31,0x36,0x38,0x39,0x20,0x56,0x61,0x6c,0x69,0x64,0x61,
0x74,0x65,0x48,0x61,0x6e,0x64,0x6c,0x65,0x28,0x70,0x49,0x6e,0x66,0x6f,0x29,0x20,
0x3d,0x3d,0x20,0x41,0x44,0x49,0x5f,0x4f,0x54,0x50,0x5f,0x53,0x55,0x43,0x43,0x45,
0x53,0x53,0x00,0x61,0x64,0x69,0x5f,0x6f,0x74,0x70,0x5f,0x43,0x47,0x55,0x49,0x6e,
0x69,0x74,0x50,0x72,0x6f,0x67,0x00,0x2e,0x2e,0x2f,0x73,0x79,0x73,0x74,0x65,0x6d,
0x2f,0x73,0x65,0x72,0x76,0x69,0x63,0x65,0x73,0x2f,0x6f,0x74,0x70,0x2f,0x61,0x64,
0x69,0x5f,0x6f,0x74,0x70,0x5f,0x76,0x31,0x2e,0x63,0x3a,0x31,0x37,0x34,0x37,0x20,
0x56,0x61,0x6c,0x69,0x64,0x61,0x74,0x65,0x48,0x61,0x6e,0x64,0x6c,0x65,0x28,0x70,
0x49,0x6e,0x66,0x6f,0x29,0x20,0x3d,0x3d,0x20,0x41,0x44,0x49,0x5f,0x4f,0x54,0x50,
0x5f,0x53,0x55,0x43,0x43,0x45,0x53,0x53,0x00,0x61,0x64,0x69,0x5f,0x6f,0x74,0x70,
0x5f,0x44,0x4d,0x43,0x49,0x6e,0x69,0x74,0x50,0x72,0x6f,0x67,0x00,0x2e,0x2e,0x2f,
0x73,0x79,0x73,0x74,0x65,0x6d,0x2f,0x73,0x65,0x72,0x76,0x69,0x63,0x65,0x73,0x2f,
0x6f,0x74,0x70,0x2f,0x61,0x64,0x69,0x5f,0x6f,0x74,0x70,0x5f,0x76,0x31,0x2e,0x63,
0x3a,0x31,0x38,0x31,0x32,0x20,0x56,0x61,0x6c,0x69,0x64,0x61,0x74,0x65,0x48,0x61,
0x6e,0x64,0x6c,0x65,0x28,0x70,0x49,0x6e,0x66,0x6f,0x29,0x20,0x3d,0x3d,0x20,0x41,
0x44,0x49,0x5f,0x4f,0x54,0x50,0x5f,0x53,0x55,0x43,0x43,0x45,0x53,0x53,0x00,0x61,
0x64,0x69,0x5f,0x6f,0x74,0x70,0x5f,0x42,0x6f,0x6f,0x74,0x43,0x6d,0x64,0x50,0x72,
0x6f,0x67,0x00,0x2e,0x2e,0x2f,0x73,0x79,0x73,0x74,0x65,0x6d,0x2f,0x73,0x65,0x72,
0x76,0x69,0x63,0x65,0x73,0x2f,0x6f,0x74,0x70,0x2f,0x61,0x64,0x69,0x5f,0x6f,0x74,
0x70,0x5f,0x76,0x31,0x2e,0x63,0x3a,0x31,0x39,0x31,0x33,0x20,0x56,0x61,0x6c,0x69,
0x64,0x61,0x74,0x65,0x48,0x61,0x6e,0x64,0x6c,0x65,0x28,0x70,0x49,0x6e,0x66,0x6f,
0x29,0x20,0x3d,0x3d,0x20,0x41,0x44,0x49,0x5f,0x4f,0x54,0x50,0x5f,0x53,0x55,0x43,
0x43,0x45,0x53,0x53,0x00,0x61,0x64,0x69,0x5f,0x6f,0x74,0x70,0x5f,0x49,0x6e,0x76,
0x61,0x6c,0x69,0x64,0x61,0x74,0x65,0x00,0x2e,0x2e,0x2f,0x73,0x79,0x73,0x74,0x65,
0x6d,0x2f,0x73,0x65,0x72,0x76,0x69,0x63,0x65,0x73,0x2f,0x6f,0x74,0x70,0x2f,0x61,
0x64,0x69,0x5f,0x6f,0x74,0x70,0x5f,0x76,0x31,0x2e,0x63,0x3a,0x32,0x30,0x32,0x31,
0x20,0x56,0x61,0x6c,0x69,0x64,0x61,0x74,0x65,0x48,0x61,0x6e,0x64,0x6c,0x65,0x28,
0x70,0x49,0x6e,0x66,0x6f,0x29,0x20,0x3d,0x3d,0x20,0x41,0x44,0x49,0x5f,0x4f,0x54,
0x50,0x5f,0x53,0x55,0x43,0x43,0x45,0x53,0x53,0x00,0x61,0x64,0x69,0x5f,0x6f,0x74,
0x70,0x5f,0x46,0x6c,0x61,0x73,0x68,0x53,0x74,0x61,0x72,0x74,0x41,0x64,0x64,0x72,
0x73,0x50,0x72,0x6f,0x67,0x00,0x2e,0x2e,0x2f,0x73,0x79,0x73,0x74,0x65,0x6d,0x2f,
0x73,0x65,0x72,0x76,0x69,0x63,0x65,0x73,0x2f,0x6f,0x74,0x70,0x2f,0x61,0x64,0x69,
0x5f,0x6f,0x74,0x70,0x5f,0x76,0x31,0x2e,0x63,0x3a,0x32,0x30,0x38,0x32,0x20,0x56,
0x61,0x6c,0x69,0x64,0x61,0x74,0x65,0x48,0x61,0x6e,0x64,0x6c,0x65,0x28,0x70,0x49,
0x6e,0x66,0x6f,0x29,0x20,0x3d,0x3d,0x20,0x41,0x44,0x49,0x5f,0x4f,0x54,0x50,0x5f,
0x53,0x55,0x43,0x43,0x45,0x53,0x53,0x00,0x61,0x64,0x69,0x5f,0x6f,0x74,0x70,0x5f,
0x52,0x65,0x61,0x64,0x00,0x2e,0x2e,0x2f,0x73,0x79,0x73,0x74,0x65,0x6d,0x2f,0x73,
0x65,0x72,0x76,0x69,0x63,0x65,0x73,0x2f,0x6f,0x74,0x70,0x2f,0x61,0x64,0x69,0x5f,
0x6f,0x74,0x70,0x5f,0x76,0x31,0x2e,0x63,0x3a,0x32,0x32,0x33,0x39,0x20,0x56,0x61,
0x6c,0x69,0x64,0x61,0x74,0x65,0x48,0x61,0x6e,0x64,0x6c,0x65,0x28,0x70,0x49,0x6e,
0x66,0x6f,0x29,0x20,0x3d,0x3d,0x20,0x41,0x44,0x49,0x5f,0x4f,0x54,0x50,0x5f,0x53,
0x55,0x43,0x43,0x45,0x53,0x53,0x00,0x61,0x64,0x69,0x5f,0x6f,0x74,0x70,0x5f,0x53,
0x65,0x63,0x75,0x72,0x69,0x74,0x79,0x45,0x6e,0x61,0x62,0x6c,0x65,0x00,0x00,0x00,
0x8b,0x35,0x02,0x20,0x9c,0x35,0x02,0x20,0xad,0x35,0x02,0x20,0xbe,0x35,0x02,0x20,
0xcf,0x35,0x02,0x20,0x24,0x36,0x02,0x20,0x24,0x36,0x02,0x20,0xe0,0x35,0x02,0x20,
0x24,0x36,0x02,0x20,0xf1,0x35,0x02,0x20,0x02,0x36,0x02,0x20,0x13,0x36,0x02,0x20,
0x90,0x3a,0x02,0x20,0xa9,0x3a,0x02,0x20,0xb8,0x3a,0x02,0x20,0xc5,0x3a,0x02,0x20,
0xdc,0x3a,0x02,0x20,0xdf,0x3a,0x02,0x20,0xec,0x3a,0x02,0x20,0xf9,0x3a,0x02,0x20,
0x40,0x00,0x00,0x00,0x20,0x00,0x00,0x00,0x10,0x00,0x00,0x00,0x08,0x00,0x00,0x00,
0x04,0x00,0x00,0x00,0xbf,0xff,0xff,0xff,0xdf,0xff,0xff,0xff,0xef,0xff,0xff,0xff,
0xf7,0xff,0xff,0xff,0xfb,0xff,0xff,0xff,0x00,0x09,0x1c,0x2b,0x3a,0x49,0x6e,0x20,
0x66,0x75,0x6e,0x63,0x74,0x69,0x6f,0x6e,0x20,0x00,0x20,0x2d,0x2d,0x20,0x00,0x20,
0x2d,0x2d,0x20,0x61,0x73,0x73,0x65,0x72,0x74,0x69,0x6f,0x6e,0x20,0x66,0x61,0x69,
0x6c,0x65,0x64,0x0a,0x00,0x00,0x00,0x00,0x00,0x00,0x00,0x00,0x00,0x00,0x00,0x00,
0x00,0x00,0x00,0x00,0x00,0x00,0x00,0x00,0x00,0x00,0x00,0x00,0x00,0x00,0x00,0x00,
0x01,0x00,0x00,0x00,0x02,0x00,0x00,0x00,0x04,0x00,0x00,0x00,0x08,0x00,0x00,0x00,
0x10,0x00,0x00,0x00,0x00,0x00,0x00,0x00,0x68,0x6a,0x6c,0x74,0x7a,0x4c,0x00,0x00,
0x4d,0x4c,0x02,0x20,0x2c,0x4f,0x02,0x20,0x2c,0x4f,0x02,0x20,0x2c,0x4f,0x02,0x20,
0x4d,0x4c,0x02,0x20,0x4d,0x4c,0x02,0x20,0x4d,0x4c,0x02,0x20,0x2c,0x4f,0x02,0x20,
0x2c,0x4f,0x02,0x20,0x2c,0x4f,0x02,0x20,0x2c,0x4f,0x02,0x20,0x2c,0x4f,0x02,0x20,
0x2c,0x4f,0x02,0x20,0x2c,0x4f,0x02,0x20,0x2c,0x4f,0x02,0x20,0x2c,0x4f,0x02,0x20,
0x2c,0x4f,0x02,0x20,0x2c,0x4f,0x02,0x20,0x52,0x4f,0x02,0x20,0x2c,0x4f,0x02,0x20,
0x2c,0x4f,0x02,0x20,0x2c,0x4f,0x02,0x20,0x2c,0x4f,0x02,0x20,0xb8,0x4c,0x02,0x20,
0x2c,0x4f,0x02,0x20,0x2c,0x4f,0x02,0x20,0x2c,0x4f,0x02,0x20,0x2c,0x4f,0x02,0x20,
0x2c,0x4f,0x02,0x20,0x2c,0x4f,0x02,0x20,0x2c,0x4f,0x02,0x20,0x2c,0x4f,0x02,0x20,
0x4d,0x4c,0x02,0x20,0x2c,0x4f,0x02,0x20,0x61,0x4f,0x02,0x20,0xf4,0x4d,0x02,0x20,
0x4d,0x4c,0x02,0x20,0x4d,0x4c,0x02,0x20,0x4d,0x4c,0x02,0x20,0x2c,0x4f,0x02,0x20,
0xf4,0x4d,0x02,0x20,0x2c,0x4f,0x02,0x20,0x2c,0x4f,0x02,0x20,0x2c,0x4f,0x02,0x20,
0x2c,0x4f,0x02,0x20,0xd6,0x4f,0x02,0x20,0xb8,0x4c,0x02,0x20,0xef,0x4f,0x02,0x20,
0x2c,0x4f,0x02,0x20,0x2c,0x4f,0x02,0x20,0x5d,0x50,0x02,0x20,0x2c,0x4f,0x02,0x20,
0xb8,0x4c,0x02,0x20,0x2c,0x4f,0x02,0x20,0x2c,0x4f,0x02,0x20,0xb8,0x4c,0x02,0x20,
0x41,0x52,0x02,0x20,0xa8,0x53,0x02,0x20,0xe9,0x53,0x02,0x20,0xa8,0x53,0x02,0x20,
0x26,0x54,0x02,0x20,0xa8,0x53,0x02,0x20,0xa8,0x53,0x02,0x20,0xa8,0x53,0x02,0x20,
0xa8,0x53,0x02,0x20,0x63,0x54,0x02,0x20,0xa8,0x53,0x02,0x20,0xa8,0x53,0x02,0x20,
0xad,0x54,0x02,0x20,0xa8,0x53,0x02,0x20,0xa8,0x53,0x02,0x20,0xa8,0x53,0x02,0x20,
0xa8,0x53,0x02,0x20,0xa8,0x53,0x02,0x20,0xea,0x54,0x02,0x20,0x70,0x72,0x69,0x6e,
0x74,0x66,0x5f,0x73,0x3a,0x20,0x25,0x6e,0x20,0x64,0x69,0x73,0x61,0x6c,0x6c,0x6f,
0x77,0x65,0x64,0x00,0x70,0x72,0x69,0x6e,0x74,0x66,0x3a,0x20,0x62,0x61,0x64,0x20,
0x25,0x6e,0x20,0x61,0x72,0x67,0x75,0x6d,0x65,0x6e,0x74,0x00,0x70,0x72,0x69,0x6e,
0x74,0x66,0x5f,0x73,0x3a,0x20,0x62,0x61,0x64,0x20,0x25,0x73,0x20,0x61,0x72,0x67,
0x75,0x6d,0x65,0x6e,0x74,0x00,0x70,0x72,0x69,0x6e,0x74,0x66,0x5f,0x73,0x3a,0x20,
0x62,0x61,0x64,0x20,0x25,0x6c,0x73,0x20,0x61,0x72,0x67,0x75,0x6d,0x65,0x6e,0x74,
0x00,0x63,0x6f,0x6e,0x73,0x74,0x72,0x61,0x69,0x6e,0x74,0x20,0x68,0x61,0x6e,0x64,
0x6c,0x65,0x72,0x3a,0x20,0x62,0x61,0x64,0x20,0x6d,0x65,0x73,0x73,0x61,0x67,0x65,
0x00,0x6e,0x61,0x6e,0x00,0x4e,0x41,0x4e,0x00,0x69,0x6e,0x66,0x00,0x49,0x4e,0x46,
0x00,0x30,0x31,0x32,0x33,0x34,0x35,0x36,0x37,0x38,0x39,0x61,0x62,0x63,0x64,0x65,
0x66,0x00,0x30,0x31,0x32,0x33,0x34,0x35,0x36,0x37,0x38,0x39,0x41,0x42,0x43,0x44,
0x45,0x46,0x00,0x00,0x00,0x00,0x00,0x00,0x00,0x00,0x00,0x00,0x00,0x00,0x00,0x00,
0x00,0x00,0x00,0x00,0x00,0x00,0x00,0x00,0x00,0x00,0x00,0x00,0x00,0x00,0x00,0x00,
0x30,0x31,0x32,0x33,0x34,0x35,0x36,0x37,0x38,0x39,0x41,0x42,0x43,0x44,0x45,0x46,
0x00,0x00,0x00,0x00,0x00,0x00,0x00,0x00,0x00,0x00,0x00,0x00,0x00,0x00,0x00,0x00,
0x30,0x31,0x32,0x33,0x34,0x35,0x36,0x37,0x38,0x39,0x61,0x62,0x63,0x64,0x65,0x66,
0x00,0x30,0x00,0x2e,0x00,0x66,0x61,0x6c,0x73,0x65,0x00,0x74,0x72,0x75,0x65,0x00,
0x00,0x00,0x01,0x00,0x03,0x00,0x07,0x00,0x0f,0x00,0x1f,0x00,0x3f,0x00,0x7f,0x00,
0xff,0x00,0xff,0x01,0xff,0x03,0xff,0x07,0xff,0x0f,0xff,0x1f,0xff,0x3f,0xff,0x7f,
0x00,0x00,0x00,0x00,0x01,0x00,0x00,0x00,0x02,0x00,0x00,0x00,0x03,0x00,0x00,0x00,
0x00,0x00,0x00,0x00,0xff,0xff,0xff,0xff,0x00,0x00,0x00,0x00,0xff,0xff,0xff,0xff,
0x00,0x00,0x00,0x00,0x00,0x00,0x78,0x2f,0x00,0x00,0x78,0x2f,0x80,0xb6,0x02,0x20,
0x00,0xbd,0x02,0x20,0x00,0x00,0x00,0x80,0x00,0x00,0x00,0x80,0x00,0x00,0x00,0x00,
0xcc,0x1c,0x02,0x20,0x70,0xa0,0x02,0x20,0x68,0xa0,0x02,0x20,0x64,0xa0,0x02,0x20,
0xa4,0x89,0x02,0x20,0x00,0x00,0x00,0x00,0x00,0xe0,0x1f,0x20,0x00,0xbd,0x02,0x20,
0x00,0x00,0x00,0x00,0x44,0x18,0x02,0x20,0x5c,0x18,0x02,0x20,0x00,0x00,0x00,0x00,
0x00,0x00,0x00,0x00,0x6c,0xa0,0x02,0x20,0x60,0x1b,0x02,0x20,0x5c,0x96,0x02,0x20,
0x5c,0xa0,0x02,0x20,0x00,0x00,0x00,0x00,0x30,0x18,0x02,0x20,0x00,0x00,0x00,0x00,
0x44,0xa0,0x02,0x20,0x00,0x00,0x02,0x20,0x88,0xb6,0x02,0x20,0x00,0xb6,0x02,0x20,
0x20,0xb6,0x02,0x20,0xc4,0xa1,0x02,0x20,0xa0,0xb6,0x02,0x20,0x28,0x1d,0x02,0x20,
0x00,0x07,0x02,0x20,0x3c,0x1d,0x02,0x20,0x35,0x07,0x02,0x20,0x6f,0x07,0x02,0x20,
0x9e,0x07,0x02,0x20,0xe8,0xb6,0x02,0x20,0xd0,0x89,0x02,0x20,0x60,0x25,0x02,0x20,
0x94,0x41,0x02,0x20,0x40,0x94,0x08,0x31,0x44,0x94,0x08,0x31,0x00,0x90,0x08,0x31,
0x04,0x90,0x08,0x31,0x14,0x90,0x08,0x31,0x04,0x98,0x08,0x31,0x10,0x90,0x08,0x31,
0xff,0xff,0xfe,0xff,0x00,0x98,0x08,0x31,0xff,0xff,0xff,0xf0,0xca,0x07,0x02,0x20,
0x15,0x08,0x02,0x20,0xd0,0xa1,0x02,0x20,0x22,0x08,0x02,0x20,0x72,0x08,0x02,0x20,
0xa9,0x08,0x02,0x20,0xe1,0x08,0x02,0x20,0xe0,0x89,0x02,0x20,0x75,0x14,0x02,0x20,
0xc7,0x14,0x02,0x20,0x29,0x09,0x02,0x20,0x7a,0x09,0x02,0x20,0x88,0x09,0x02,0x20,
0xd9,0x09,0x02,0x20,0xf2,0x09,0x02,0x20,0x43,0x0a,0x02,0x20,0x54,0x0a,0x02,0x20,
0xc8,0x10,0x01,0x31,0x64,0x0b,0x02,0x20,0xb5,0x0b,0x02,0x20,0xc6,0x0b,0x02,0x20,
0x12,0xda,0x00,0x00,0x0f,0xf7,0x00,0x00,0xb4,0x0f,0x02,0x20,0x06,0x10,0x02,0x20,
0xb4,0x10,0x01,0x31,0x00,0xb7,0x02,0x20,0x00,0x30,0x08,0x31,0x00,0x40,0x08,0x31,
0x00,0x50,0x08,0x31,0x00,0x60,0x08,0x31,0x00,0x70,0x08,0x31,0x00,0x00,0x0a,0x31,
0x00,0x10,0x0a,0x31,0x00,0x20,0x01,0x31,0x00,0xa0,0x14,0x31,0x74,0x36,0x02,0x20,
0xe0,0x14,0x02,0x20,0x10,0x15,0x02,0x20,0x20,0x15,0x02,0x20,0x00,0x10,0x00,0x80,
0xe0,0xa1,0x02,0x20,0x64,0x3b,0x02,0x20,0x58,0x15,0x02,0x20,0x00,0xa2,0x02,0x20,
0x0c,0x90,0x08,0x31,0x60,0xb8,0x02,0x20,0x30,0x15,0x02,0x20,0xd4,0x42,0x02,0x20,
0x20,0x43,0x02,0x20,0x44,0x15,0x02,0x20,0x50,0xb8,0x02,0x20,0xff,0xff,0xff,0xbf,
0x10,0x8b,0x02,0x20,0xc8,0x96,0x02,0x20,0xa8,0x46,0x02,0x20,0x00,0xb9,0x02,0x20,
0x5d,0x15,0x02,0x20,0x10,0x97,0x02,0x20,0x6a,0x15,0x02,0x20,0x6f,0x15,0x02,0x20,
0x60,0x03,0x02,0x20,0xa0,0x15,0x02,0x20,0xb8,0x15,0x02,0x20,0xec,0x16,0x02,0x20,
0x04,0x17,0x02,0x20,0x36,0x17,0x02,0x20,0x34,0x07,0x02,0x20,0x1c,0x17,0x02,0x20,
0xc0,0x15,0x02,0x20,0xa0,0x16,0x02,0x20,0x80,0x03,0x02,0x20,0xc0,0x03,0x02,0x20,
0x10,0xba,0x02,0x20,0x90,0x97,0x02,0x20,0x9c,0xba,0x02,0x20,0x60,0xba,0x02,0x20,
0xc8,0x58,0x02,0x20,0xf8,0xbc,0x02,0x20,0x14,0xba,0x02,0x20,0xa0,0xba,0x02,0x20,
0xa4,0xba,0x02,0x20,0x18,0xba,0x02,0x20,0x51,0x17,0x02,0x20,0x7c,0xba,0x02,0x20,
0x80,0xba,0x02,0x20,0xd8,0x97,0x02,0x20,0x84,0xba,0x02,0x20,0x94,0x97,0x02,0x20,
0x98,0x60,0x02,0x20,0x04,0xbc,0x02,0x20,0x34,0x07,0x02,0x20,0x00,0xff,0x00,0x00,
0x00,0x00,0xff,0x00,0x00,0x00,0x00,0xff,0xa4,0x97,0x02,0x20,0x80,0x97,0x02,0x20,
0xff,0xdf,0x00,0x00,0x90,0xba,0x02,0x20,0x9c,0x97,0x02,0x20,0x98,0x97,0x02,0x20,
0xdc,0x97,0x02,0x20,0x88,0xba,0x02,0x20,0x98,0xba,0x02,0x20,0xa0,0x97,0x02,0x20,
0x02,0x90,0x00,0x00,0x75,0x17,0x02,0x20,0x71,0x17,0x02,0x20,0x7d,0x17,0x02,0x20,
0x79,0x17,0x02,0x20,0x92,0x17,0x02,0x20,0x81,0x17,0x02,0x20,0x89,0xb5,0xf8,0x14,
0x00,0x00,0x24,0x40,0xc0,0x97,0x02,0x20,0x84,0xd7,0x97,0x41,0x01,0x00,0xff,0xff,
0xe0,0x17,0x02,0x20,0xc0,0x17,0x02,0x20,0x80,0x62,0x02,0x20,0x8c,0xba,0x02,0x20,
0x00,0xbb,0x02,0x20,0xec,0x75,0x02,0x20,0xf1,0x17,0x02,0x20,0x38,0x06,0x02,0x20,
0xff,0xff,0x7f,0x7f,0x00,0xbc,0x02,0x20,0xe0,0x97,0x02,0x20,0x20,0x18,0x02,0x20,
0x00,0x18,0x02,0x20,0xa8,0x06,0x02,0x20,0x80,0xb6,0x02,0x20,0x36,0x62,0x7b,0x78,
0x80,0xa1,0x02,0x20,0x84,0xb6,0x02,0x20,0xbc,0xa1,0x02,0x20,0x00,0x00,0x00,0x00,
0xf6,0x88,0x02,0x20,0x10,0x10,0x00,0x00,0x70,0x98,0x02,0x20,0xc0,0x90,0x02,0x20,
0x40,0x98,0x02,0x20,0xc8,0x88,0x02,0x20,0x38,0x18,0x02,0x20,0x90,0x1c,0x02,0x20,
0x12,0xc1,0xe0,0x09,0x01,0x01,0x3e,0xff,0x3d,0xf0,0xc0,0x00,0x00,0xc5,0xa5,0x05,
0x22,0xa3,0xed,0x5c,0x53,0x4d,0x02,0x5d,0x03,0x00,0x51,0x00,0x47,0x92,0x09,0x57,
0x93,0x06,0x0c,0x22,0x06,0x08,0x00,0x00,0x00,0x22,0xa3,0xe9,0x00,0x51,0x00,0xe6,
0xf2,0x13,0x31,0x34,0xff,0x22,0xa3,0xea,0x00,0x51,0x00,0x22,0xa3,0xe8,0x00,0x51,
0x00,0x31,0x31,0xff,0x29,0x03,0x0c,0x12,0x31,0x31,0xff,0x29,0x03,0x01,0x30,0xff,
0x3d,0xf0,0xc0,0x00,0x00,0x08,0x01,0x12,0xc1,0x20,0x0d,0xf0,0x0c,0x00,0x21,0x2d,
0xff,0x11,0x2d,0xff,0x16,0x42,0x00,0xc0,0x02,0x00,0x0c,0x00,0x31,0x2c,0xff,0x32,
0xd3,0x01,0xfb,0x33,0x30,0x34,0x41,0xc0,0x33,0x11,0x32,0xc3,0x01,0x30,0xf8,0x13,
0x32,0xa0,0x80,0x30,0xe6,0x13,0x10,0x20,0x00,0x41,0x25,0xff,0x16,0x54,0x00,0xc0,
0x04,0x00,0x02,0xa0,0x00,0x61,0x23,0xff,0x71,0x24,0xff,0x77,0xb6,0x41,0x41,0x23,
0xff,0x8c,0xc4,0x21,0x20,0xff,0x31,0x20,0xff,0xc0,0x04,0x00,0x0c,0x00,0x86,0x0b,
0x00,0x88,0x06,0x98,0x16,0x8b,0x66,0x80,0xa9,0xc0,0x27,0x6a,0x03,0x09,0x08,0x4b,
0x88,0x37,0x6a,0x07,0x09,0x08,0x02,0x68,0x01,0x82,0xc8,0x08,0xa0,0xa4,0x41,0x76,
0x9a,0x0a,0x09,0x08,0x09,0x18,0x09,0x28,0x09,0x38,0x82,0xc8,0x10,0x77,0x36,0xd0,
0x05,0x43,0x07,0x21,0x09,0xff,0x31,0x07,0xff,0x22,0x22,0x00,0x41,0x11,0xff,0x16,
0xe4,0x00,0x50,0xeb,0x03,0x50,0x50,0x34,0x8c,0x55,0x45,0x14,0x04,0x06,0x03,0x00,
0x00,0x41,0x0c,0xff,0x51,0x0d,0xff,0x61,0x0d,0xff,0xc5,0x07,0x04,0x21,0xfe,0xfe,
0x31,0xfd,0xfe,0x28,0x02,0x41,0x07,0xff,0x45,0x0d,0x00,0x41,0x05,0xff,0x16,0xa4,
0x00,0x50,0xeb,0x03,0x50,0x50,0x34,0x8c,0x15,0x45,0xcf,0x06,0x85,0x08,0x04,0x00,
0x04,0x11,0xf0,0xc9,0x31,0xc1,0x02,0xff,0x02,0x61,0x02,0x22,0x0c,0x00,0xec,0x12,
0x38,0x1c,0x28,0x03,0x8c,0x82,0x4b,0x33,0x39,0x1c,0xc0,0x02,0x00,0xc6,0xfb,0xff,
0x21,0xfd,0xfe,0x8c,0x72,0x21,0xfc,0xfe,0x01,0xfb,0xfe,0xc0,0x00,0x00,0x0c,0x12,
0x22,0x4c,0x00,0x08,0x21,0xc8,0x31,0x04,0x11,0x10,0x0d,0xf0,0x04,0x11,0xf0,0x21,
0xf7,0xfe,0x09,0x31,0x8c,0xa2,0x21,0xf4,0xfe,0x31,0xf5,0xfe,0x01,0xf4,0xfe,0xc0,
0x00,0x00,0x08,0x31,0x04,0x11,0x10,0x0d,0xf0,0x00,0x00,0x00,0x04,0x11,0xf0,0x02,
0x61,0x01,0x22,0x61,0x03,0x32,0x61,0x02,0x28,0x31,0x0c,0x03,0x1c,0x84,0x05,0xff,
0x06,0x28,0x21,0x38,0x31,0x42,0xc3,0x14,0x22,0x43,0x14,0x20,0x38,0x41,0x32,0x44,
0x01,0x20,0x30,0x31,0x32,0x44,0x02,0x20,0x28,0x31,0x2b,0x34,0x22,0x43,0x01,0x08,
0x11,0x04,0x11,0x10,0x0d,0xf0,0x00,0x00,0x04,0x11,0xf0,0x21,0xe2,0xfe,0x32,0x02,
0x00,0x1b,0x33,0x32,0x42,0x00,0x04,0x11,0x10,0x0d,0xf0,0x00,0x04,0x11,0xf0,0x21,
0xde,0xfe,0x32,0x02,0x00,0x1b,0x33,0x32,0x42,0x00,0x04,0x11,0x10,0x0d,0xf0,0x00,
0x9d,0x01,0x14,0x81,0xff,0x04,0x18,0xe0,0xbd,0x01,0x6c,0x0a,0xa0,0x11,0x10,0xb9,
0x61,0x99,0x71,0xc9,0xa1,0xd9,0x91,0x09,0x81,0x0c,0x0c,0xc2,0x61,0x47,0xc2,0x61,
0x46,0x22,0xd1,0x01,0x04,0x22,0xa0,0x0c,0x03,0x5c,0x84,0x45,0xf7,0x06,0x04,0x21,
0x40,0x0c,0x03,0x42,0xa0,0x58,0x85,0xf6,0x06,0xc2,0x41,0x3c,0x0c,0x12,0x22,0x41,
0x38,0xc9,0xd1,0xc5,0x41,0x00,0xc9,0xc1,0x21,0xc9,0xfe,0x31,0xc9,0xfe,0xc5,0xf4,
0xff,0x3d,0xf0,0x3d,0xf0,0x3d,0xf0,0x3d,0xf0,0x3d,0xf0,0x3d,0xf0,0x3d,0xf0,0x3d,
0xf0,0x3d,0xf0,0x3d,0xf0,0x3d,0xf0,0x00,0x20,0x00,0x21,0xc2,0xfe,0x78,0x02,0x31,
0xc2,0xfe,0x51,0xc2,0xfe,0x0c,0x02,0x4c,0x84,0x0c,0x06,0xc5,0xb7,0x00,0x29,0xc1,
0x28,0xc1,0xac,0xb2,0x46,0x00,0x00,0x00,0x00,0x32,0x21,0x0c,0x21,0xbd,0xfe,0xc5,
0x85,0x02,0x22,0x21,0x46,0x20,0x22,0x90,0xd0,0x22,0x11,0x31,0xb4,0xfe,0x20,0x23,
0x80,0x22,0xc2,0x0c,0x22,0x61,0x45,0x28,0xc1,0x32,0x21,0x45,0x29,0x03,0xc6,0xff,
0xff,0x28,0xc1,0x56,0xd2,0x04,0xc6,0xff,0xff,0x21,0xae,0xfe,0x28,0x02,0x28,0x02,
0x31,0xb1,0xfe,0x0c,0x04,0x45,0xf2,0x00,0x29,0xc1,0x28,0xc1,0xbc,0x02,0xc6,0xff,
0xff,0x32,0x21,0x0c,0x21,0xad,0xfe,0x45,0x81,0x02,0x22,0x21,0x46,0x20,0x22,0x90,
0xd0,0x22,0x11,0x31,0xa2,0xfe,0x20,0x23,0x80,0x22,0xc2,0x0c,0x22,0x61,0x45,0x28,
0xc1,0x32,0x21,0x45,0x29,0x03,0x0c,0x02,0x22,0x41,0x38,0x46,0x00,0x00,0x00,0x00,
0x06,0x00,0x00,0x00,0x28,0xc1,0x56,0x22,0x04,0xc6,0xff,0xff,0x21,0x9a,0xfe,0x28,
0x02,0x28,0x02,0x0c,0x03,0xc5,0xcd,0x00,0x29,0xc1,0x28,0xc1,0xac,0x92,0xc6,0xff,
0xff,0x32,0x21,0x0c,0x21,0x9a,0xfe,0x45,0x7c,0x02,0x22,0x21,0x46,0x20,0x22,0x90,
0xd0,0x22,0x11,0x31,0x8e,0xfe,0x20,0x23,0x80,0x22,0xc2,0x0c,0x22,0x61,0x45,0x28,
0xc1,0x32,0x21,0x45,0x29,0x03,0xc6,0xff,0xff,0xc6,0xff,0xff,0x0c,0x02,0x29,0xb1,
0x06,0x00,0x00,0x00,0x28,0xb1,0x32,0xa3,0xe7,0x27,0x23,0x10,0x06,0x00,0x00,0x00,
0x06,0x00,0x00,0x00,0x28,0xb1,0x1b,0x22,0x29,0xb1,0x86,0xf9,0xff,0x28,0xc1,0x56,
0xb2,0x2d,0xc6,0xff,0xff,0xc6,0xff,0xff,0x06,0x00,0x00,0x00,0x22,0x21,0x46,0x20,
0x22,0x90,0xd0,0x22,0x11,0x31,0x79,0xfe,0x2a,0x23,0xc0,0x20,0x00,0x28,0x42,0xcc,
0x52,0xc6,0xff,0xff,0x06,0xf9,0xff,0x00,0x22,0x21,0x46,0x20,0x22,0x90,0xd0,0x22,
0x11,0x31,0x72,0xfe,0x2a,0x23,0xc0,0x20,0x00,0x28,0x22,0x26,0x12,0x1d,0x86,0x00,
0x00,0x00,0x00,0x00,0x0f,0x02,0x9b,0x00,0x00,0x50,0xe8,0x46,0x00,0x00,0x00,0x00,
0x0f,0x02,0xf3,0x00,0x00,0x78,0xe8,0x46,0x7f,0x00,0x00,0x00,0x21,0x6a,0xfe,0x28,
0x02,0x28,0x02,0x32,0x21,0x46,0x30,0x33,0x90,0xd0,0x33,0x11,0xd1,0x64,0xfe,0x3a,
0x3d,0xc0,0x20,0x00,0x48,0x03,0x32,0x21,0x46,0x30,0x33,0x90,0xd0,0x33,0x11,0x3a,
0x3d,0xc0,0x20,0x00,0x38,0x13,0x30,0x52,0x41,0x04,0xc1,0x40,0x3d,0x0c,0x05,0xe3,
0x00,0x29,0xc1,0x22,0x21,0x46,0x20,0x22,0x90,0xd0,0x22,0x11,0x2a,0x2d,0xc0,0x20,
0x00,0x28,0x52,0x32,0x21,0x46,0x30,0x33,0x90,0xd0,0x33,0x11,0x3a,0x3d,0xc0,0x20,
0x00,0x48,0x13,0x3d,0x0c,0x05,0xc1,0x06,0x22,0x21,0x46,0x20,0x22,0x90,0xd0,0x22,
0x11,0x2a,0x2d,0xcb,0x22,0x22,0x61,0x45,0x28,0xc1,0x32,0x21,0x45,0x29,0x03,0x86,
0x68,0x00,0x00,0x00,0x21,0x4c,0xfe,0x22,0x22,0x00,0x22,0x22,0x00,0x32,0x21,0x46,
0x30,0x33,0x90,0xd0,0x33,0x11,0x51,0x45,0xfe,0x30,0x35,0x80,0xc0,0x20,0x00,0x48,
0x03,0x32,0x21,0x46,0x30,0x33,0x90,0xd0,0x33,0x11,0x3a,0x35,0xc0,0x20,0x00,0x38,
0x13,0x30,0x52,0x41,0x04,0x31,0x40,0x85,0xdb,0x00,0x29,0xc1,0x28,0xc1,0x9c,0xf2,
0x06,0x00,0x00,0x00,0x22,0x21,0x46,0x20,0x22,0x90,0xd0,0x22,0x11,0x31,0x37,0xfe,
0x2a,0x23,0xcb,0x22,0x22,0x61,0x45,0x28,0xc1,0x32,0x21,0x45,0x29,0x03,0xc6,0x50,
0x00,0xc6,0xff,0xff,0x38,0xd1,0x22,0x21,0x46,0x20,0x22,0x90,0xd0,0x22,0x11,0x41,
0x2f,0xfe,0x2a,0x24,0xc0,0x20,0x00,0x28,0x12,0x20,0x42,0x41,0x0c,0x02,0x47,0xb3,
0x0e,0xc6,0xff,0xff,0x22,0x01,0x3c,0x0c,0x13,0x30,0x22,0x30,0x06,0x00,0x00,0x00,
0x07,0x62,0x24,0xc6,0xff,0xff,0x28,0xd1,0x04,0x31,0x40,0x30,0x22,0xa0,0x28,0x02,
0x8c,0x92,0xc6,0xff,0xff,0x0c,0x12,0x22,0x41,0x3c,0xc6,0xff,0xff,0x28,0xd1,0x1b,
0x22,0x29,0xd1,0x46,0xeb,0xff,0x00,0x00,0x22,0x01,0x3c,0x07,0x62,0x21,0xc6,0xff,
0xff,0x22,0x21,0x46,0x20,0x22,0x90,0xd0,0x22,0x11,0x31,0x18,0xfe,0x2a,0x23,0xcb,
0x22,0x22,0x61,0x45,0x22,0x21,0x45,0x0c,0x73,0x39,0x02,0x86,0x31,0x00,0x00,0x00,
0x22,0x21,0x46,0x20,0x22,0x90,0xd0,0x22,0x11,0xd1,0x10,0xfe,0x20,0x2d,0x80,0xc0,
0x20,0x00,0x32,0x22,0x05,0x22,0x21,0x46,0x20,0x22,0x90,0xd0,0x22,0x11,0x2a,0x2d,
0xc0,0x20,0x00,0x48,0x12,0xc2,0xd1,0x01,0x04,0xcc,0xa0,0x2d,0x0c,0x85,0xae,0x06,
0x21,0x09,0xfe,0x28,0x02,0x28,0x02,0x32,0x21,0x46,0x30,0x33,0x90,0xd0,0x33,0x11,
0x3a,0x3d,0xc0,0x20,0x00,0x48,0x03,0x32,0x21,0x46,0x30,0x33,0x90,0xd0,0x33,0x11,
0x3a,0x3d,0xc0,0x20,0x00,0x38,0x13,0x30,0x52,0x41,0xc0,0x3c,0x20,0x05,0xed,0x00,
0x29,0xc1,0x22,0x21,0x46,0x20,0x22,0x90,0xd0,0x22,0x11,0x2a,0x2d,0xcb,0x22,0x22,
0x61,0x45,0x28,0xc1,0x32,0x21,0x45,0x29,0x03,0x06,0x12,0x00,0x21,0xf6,0xfd,0x28,
0x02,0x28,0x02,0x0c,0x13,0xc5,0x2e,0x01,0x29,0xc1,0x22,0x21,0x46,0x20,0x22,0x90,
0xd0,0x22,0x11,0x31,0xee,0xfd,0x2a,0x23,0xcb,0x22,0x22,0x61,0x45,0x28,0xc1,0x32,
0x21,0x45,0x29,0x03,0x46,0x07,0x00,0x00,0x22,0x21,0x46,0x20,0x22,0x90,0xd0,0x22,
0x11,0x31,0xe6,0xfd,0x2a,0x23,0xcb,0x22,0x22,0x61,0x45,0x22,0x21,0x45,0x0c,0x13,
0x39,0x02,0xc6,0xff,0xff,0x22,0x21,0x45,0x28,0x02,0x16,0x62,0x04,0xc6,0xff,0xff,
0x21,0xe1,0xfd,0x22,0x22,0x00,0x22,0x22,0x00,0x45,0xb2,0x00,0x22,0x61,0x0c,0x28,
0xc1,0xac,0x92,0xc6,0xff,0xff,0x32,0x21,0x0c,0x21,0xe1,0xfd,0xc5,0x4d,0x02,0x22,
0x21,0x46,0x20,0x22,0x90,0xd0,0x22,0x11,0x31,0xd5,0xfd,0x20,0x23,0x80,0x22,0xc2,
0x0c,0x22,0x61,0x45,0x28,0xc1,0x32,0x21,0x45,0x29,0x03,0xc6,0xff,0xff,0x2d,0xf0,
0x06,0x00,0x00,0x00,0x22,0x21,0x46,0x20,0x22,0x90,0xd0,0x22,0x11,0x31,0xcb,0xfd,
0x2a,0x23,0xc0,0x20,0x00,0x0c,0x03,0x39,0x42,0x2d,0xf0,0x46,0x4a,0xff,0x2d,0xf0,
0x06,0x00,0x00,0x00,0x0c,0x02,0x08,0x81,0xd8,0x91,0xc8,0xa1,0x18,0x71,0x0d,0xf0,
0x04,0x11,0xf0,0x09,0x21,0x0c,0x02,0x29,0x31,0x45,0x25,0x00,0x29,0x31,0x28,0x31,
0x08,0x21,0x04,0x11,0x10,0x0d,0xf0,0x00,0x04,0x11,0xb0,0x09,0x21,0x29,0x71,0x39,
0x61,0x49,0x51,0x52,0x41,0x10,0x22,0x01,0x1f,0x0f,0x62,0x0f,0x40,0x00,0x50,0xe0,
0x06,0x00,0x00,0x00,0x22,0x21,0x07,0x05,0x34,0x02,0x22,0x61,0x03,0x22,0x21,0x03,
0x66,0x02,0x0a,0xc6,0xff,0xff,0x0c,0x12,0x29,0x81,0x86,0x50,0x00,0x00,0x22,0x21,
0x03,0x32,0xa0,0x01,0x45,0x6d,0x00,0x16,0x92,0x00,0xc6,0xff,0xff,0x0c,0x12,0x29,
0x81,0xc6,0x4a,0x00,0x22,0x21,0x07,0x32,0x21,0x06,0x42,0x21,0x05,0x05,0x20,0x02,
0x66,0x02,0x0a,0xc6,0xff,0xff,0x0c,0x12,0x29,0x81,0x86,0x44,0x00,0x00,0x22,0x21,
0x03,0x32,0xa0,0x01,0xc5,0x63,0x00,0x16,0x12,0x01,0xc6,0xff,0xff,0x22,0x21,0x07,
0xc5,0x2c,0x02,0x22,0xa0,0x01,0x22,0x61,0x08,0xc6,0x3c,0x00,0x22,0x01,0x10,0x07,
0x62,0x0d,0x06,0x00,0x00,0x00,0x28,0x31,0x0c,0x13,0x05,0x5b,0x00,0xc6,0xff,0xff,
0x06,0x07,0x00,0x00,0x22,0x21,0x07,0x32,0x21,0x06,0x42,0x21,0x05,0x05,0x1b,0x02,
0x66,0x02,0x09,0xc6,0xff,0xff,0x0c,0x12,0x29,0x81,0x86,0x30,0x00,0xc6,0xff,0xff,
0x22,0x01,0x10,0x0f,0x02,0x23,0x40,0x00,0x52,0xe0,0xc6,0xff,0xff,0x28,0x71,0x85,
0xf7,0x01,0x66,0x02,0x0a,0xc6,0xff,0xff,0x0c,0x12,0x29,0x81,0x06,0x28,0x00,0x00,
0x22,0x01,0x1f,0x32,0xa0,0xc0,0x0f,0x23,0x57,0x02,0x00,0x50,0xe0,0xc6,0xff,0xff,
0x28,0x71,0x22,0x61,0x11,0x0c,0x12,0x22,0x41,0x40,0x22,0x21,0x11,0x32,0xa0,0xf6,
0x27,0x33,0x6c,0x46,0x00,0x00,0x00,0x00,0x22,0x01,0x40,0x29,0xf1,0x22,0x21,0x11,
0x32,0xa0,0x91,0x30,0x33,0x11,0x30,0x22,0xa0,0x29,0xe1,0x22,0xa2,0x00,0x29,0xd1,
0x0c,0x12,0x40,0x22,0x11,0x29,0xc1,0x0c,0x42,0x29,0xb1,0x0c,0x02,0x29,0xa1,0x28,
0xb1,0xf6,0xc2,0x17,0x06,0x00,0x00,0x00,0x28,0xf1,0x0c,0x03,0x20,0x23,0x62,0x38,
0xb1,0x00,0x13,0x40,0x00,0x22,0xa1,0x29,0xa1,0xc6,0xff,0xff,0x28,0xd1,0x38,0xc1,
0x30,0x22,0x20,0x38,0xa1,0x30,0x22,0x20,0x29,0x91,0x28,0xe1,0x38,0x91,0x22,0x61,
0x13,0x32,0x61,0x12,0x22,0x21,0x12,0x32,0x21,0x13,0x20,0x73,0x40,0xc6,0xff,0xff,
0x06,0x00,0x00,0x00,0x06,0x00,0x00,0x00,0x0c,0x02,0x29,0x81,0x06,0x00,0x00,0x00,
0x28,0x81,0x08,0x21,0x04,0x11,0x50,0x0d,0xf0,0x00,0x00,0x00,0x04,0x11,0xe0,0x09,
0x31,0x29,0x61,0x22,0x01,0x1b,0x67,0x62,0x76,0xc6,0xff,0xff,0x22,0x21,0x06,0x45,
0x21,0x02,0x22,0x61,0x05,0x28,0x61,0x05,0x1c,0x02,0x29,0x41,0x28,0x41,0x66,0x02,
0x0a,0xc6,0xff,0xff,0x0c,0x12,0x29,0x71,0x06,0x22,0x00,0x00,0x28,0x51,0xfc,0x62,
0x06,0x00,0x00,0x00,0x22,0x21,0x04,0x32,0xa0,0x00,0x05,0x48,0x00,0x16,0xb2,0x00,
0x06,0x00,0x00,0x00,0x0c,0x12,0x29,0x71,0x06,0x1a,0x00,0x00,0x22,0x21,0x04,0x32,
0xa0,0x00,0x05,0x4d,0x00,0x16,0xb2,0x00,0x06,0x00,0x00,0x00,0x0c,0x12,0x29,0x71,
0x06,0x14,0x00,0x00,0x06,0x05,0x00,0x00,0x28,0x51,0x26,0x12,0x0a,0xc6,0xff,0xff,
0x0c,0x12,0x29,0x71,0x06,0x0f,0x00,0x00,0x06,0x00,0x00,0x00,0x06,0x00,0x00,0x00,
0x28,0x61,0xc5,0xf6,0x01,0x66,0x02,0x0c,0x86,0x00,0x00,0x00,0x00,0x00,0x0c,0x12,
0x29,0x71,0x86,0x07,0x00,0x28,0x61,0x85,0x12,0x02,0x66,0x02,0x0a,0xc6,0xff,0xff,
0x0c,0x12,0x29,0x71,0x06,0x03,0x00,0x00,0x06,0x00,0x00,0x00,0x0c,0x02,0x29,0x71,
0x06,0x00,0x00,0x00,0x28,0x71,0x08,0x31,0x04,0x11,0x20,0x0d,0xf0,0x00,0x00,0x00,
0x04,0x11,0xe0,0xc9,0x51,0x09,0x41,0x0c,0x12,0x29,0x61,0x21,0x32,0xfd,0x22,0x02,
0x00,0x07,0xe2,0x6c,0x06,0x00,0x00,0x00,0x22,0x21,0x06,0xc5,0x08,0x00,0x22,0x21,
0x06,0x85,0x0c,0x00,0x28,0x61,0x66,0x12,0x3c,0xc6,0xff,0xff,0xc5,0x10,0x00,0x21,
0x29,0xfd,0x31,0x29,0xfd,0x32,0x62,0x01,0x32,0xa0,0x00,0x39,0x22,0x31,0x27,0xfd,
0x0c,0x12,0x20,0x22,0x01,0x0c,0x04,0x0c,0x15,0xc5,0xd6,0xff,0x8c,0x82,0xc6,0xff,
0xff,0x0c,0x62,0x29,0x71,0xc6,0x10,0x00,0x85,0x27,0x00,0x0c,0x12,0x85,0x28,0x00,
0x86,0x00,0x00,0x00,0x00,0x00,0x22,0x21,0x06,0xc2,0xa0,0x01,0x0c,0x13,0x85,0x2b,
0x00,0x28,0x61,0x0c,0x13,0xc5,0x31,0x00,0x21,0x17,0xfd,0xc2,0x42,0x00,0xc6,0xff,
0xff,0x31,0x17,0xfd,0xc2,0xa0,0x00,0x22,0xa0,0x00,0x0c,0x04,0x0c,0x05,0x05,0x47,
0x06,0x0c,0x02,0x45,0xbd,0x06,0xc9,0x71,0x06,0x00,0x00,0x00,0x28,0x71,0x08,0x41,
0xc8,0x51,0x04,0x11,0x20,0x0d,0xf0,0x00,0x04,0x11,0xf0,0x29,0x21,0x28,0x21,0xb6,
0x32,0x09,0xc6,0xff,0xff,0x0c,0x22,0x29,0x31,0x46,0x09,0x00,0x28,0x21,0x0b,0x22,
0xa0,0x22,0x11,0x31,0x08,0xfd,0x3a,0x22,0x29,0x11,0x28,0x11,0xc0,0x20,0x00,0x38,
0x02,0x0c,0x24,0x40,0x33,0x20,0xc0,0x20,0x00,0x39,0x02,0x0c,0x02,0x29,0x31,0xc6,
0xff,0xff,0x28,0x31,0x04,0x11,0x10,0x0d,0xf0,0x00,0x00,0x00,0x04,0x11,0xe0,0x29,
0x61,0x28,0x61,0xb6,0x32,0x09,0xc6,0xff,0xff,0x0c,0x22,0x29,0x71,0xc6,0x0c,0x00,
0x28,0x61,0x0b,0x22,0xa0,0x22,0x11,0x31,0xf8,0xfc,0x3a,0x22,0x29,0x51,0x28,0x51,
0xc0,0x20,0x00,0x28,0x02,0x29,0x41,0x28,0x41,0x0c,0x13,0x00,0x33,0x11,0x30,0x22,
0x20,0x29,0x41,0x28,0x41,0x38,0x51,0xc0,0x20,0x00,0x29,0x03,0x0c,0x02,0x29,0x71,
0x06,0x00,0x00,0x00,0x28,0x71,0x04,0x11,0x20,0x0d,0xf0,0x00,0x04,0x11,0xf0,0xc0,
0x20,0x00,0x21,0xea,0xfc,0x0c,0x23,0x39,0x02,0x04,0x11,0x10,0x0d,0xf0,0x00,0x00,
0x04,0x11,0xb0,0x09,0x41,0x22,0x61,0x13,0x32,0x61,0x12,0xc0,0x20,0x00,0x21,0xe4,
0xfc,0x28,0x02,0x22,0x61,0x11,0x21,0xdb,0xfc,0x28,0x12,0x22,0x61,0x10,0x22,0x01,
0x44,0x0f,0x12,0x17,0x40,0x00,0x68,0xe0,0x06,0x00,0x00,0x00,0x32,0x21,0x11,0x3c,
0x04,0x40,0x23,0x10,0x37,0x04,0x18,0x46,0x00,0x00,0x00,0x00,0x26,0xb2,0x54,0x46,
0x00,0x00,0x00,0x00,0x0f,0x02,0x2b,0x06,0x00,0x52,0xe8,0x46,0x46,0x00,0x00,0x00,
0xc0,0x20,0x00,0x21,0xd4,0xfc,0x28,0x02,0x29,0xf1,0x22,0x01,0x3c,0x17,0x62,0x30,
0x06,0x00,0x00,0x00,0x28,0xf1,0x3c,0x03,0x30,0x22,0x10,0x66,0xc2,0x15,0xc6,0xff,
0xff,0x52,0x21,0x10,0x21,0xc4,0xfc,0x28,0x22,0x0c,0x23,0x2c,0x04,0xc0,0x05,0x00,
0x06,0x00,0x00,0x00,0x28,0xf1,0xc0,0x20,0x00,0x31,0xc6,0xfc,0x29,0x03,0xc6,0xff,
0xff,0xc6,0x35,0x00,0x22,0x21,0x11,0x0c,0xf3,0x80,0x33,0x11,0x30,0x22,0x10,0x20,
0x28,0x41,0x29,0xe1,0x28,0xe1,0x0b,0x22,0xa0,0x22,0x11,0x31,0xbb,0xfc,0x3a,0x22,
0x29,0xd1,0x28,0xd1,0xc0,0x20,0x00,0x28,0x02,0x29,0xc1,0x22,0x01,0x30,0x17,0x62,
0x36,0xc6,0xff,0xff,0x28,0xc1,0x3c,0x03,0x30,0x22,0x10,0x66,0xb2,0x1d,0xc6,0xff,
0xff,0x28,0xe1,0x29,0xa1,0x1c,0x02,0x29,0xb1,0x52,0x21,0x10,0x21,0xaa,0xfc,0x28,
0x22,0x04,0x41,0x28,0x0c,0x13,0xc0,0x05,0x00,0xc6,0xff,0xff,0x28,0xc1,0x38,0xd1,
0xc0,0x20,0x00,0x29,0x03,0xc6,0xff,0xff,0x06,0x1c,0x00,0x00,0x22,0x01,0x46,0x29,
0x91,0x28,0x91,0x31,0xa9,0xfc,0x30,0x22,0xb0,0x29,0x81,0x28,0x81,0xc0,0x20,0x00,
0x28,0x02,0x29,0x71,0x22,0x01,0x1c,0x17,0x62,0x49,0xc6,0xff,0xff,0x28,0x91,0x29,
0x51,0x38,0x71,0x3c,0x04,0x40,0x23,0x10,0x37,0x04,0x0a,0x46,0x00,0x00,0x00,0x00,
0x26,0xc2,0x09,0x46,0x03,0x00,0x0c,0x02,0x29,0x61,0x86,0x02,0x00,0x2c,0x02,0x29,
0x61,0xc6,0x00,0x00,0x06,0x00,0x00,0x00,0x52,0x21,0x10,0x21,0x8e,0xfc,0x28,0x22,
0x04,0x41,0x14,0x0c,0x03,0xc0,0x05,0x00,0x28,0x71,0x38,0x81,0xc0,0x20,0x00,0x29,
0x03,0xc6,0xff,0xff,0x06,0x01,0x00,0x00,0x06,0x00,0x00,0x00,0x06,0x00,0x00,0x00,
0x22,0x21,0x11,0xc0,0x20,0x00,0x31,0x8a,0xfc,0x29,0x03,0x08,0x41,0x04,0x11,0x50,
0x0d,0xf0,0x00,0x00,0x04,0x11,0xf0,0xc0,0x20,0x00,0x21,0x88,0xfc,0x0c,0x23,0x39,
0x02,0x0c,0x02,0x04,0x11,0x10,0x0d,0xf0,0x04,0x11,0xf0,0x22,0x41,0x0c,0xc0,0x20,
0x00,0x21,0x7e,0xfc,0x28,0x02,0x29,0x21,0x22,0x01,0x0c,0x07,0x62,0x0e,0xc6,0xff,
0xff,0x28,0x21,0x0c,0x13,0x30,0x22,0x20,0x29,0x21,0xc6,0x02,0x00,0x28,0x21,0x7c,
0xe3,0x30,0x22,0x10,0x29,0x21,0xc6,0xff,0xff,0x28,0x21,0xc0,0x20,0x00,0x31,0x73,
0xfc,0x29,0x03,0x04,0x11,0x10,0x0d,0xf0,0x04,0x11,0xe0,0x29,0x61,0x32,0x41,0x14,
0x28,0x61,0xb6,0x32,0x0a,0xc6,0xff,0xff,0x0c,0x22,0x29,0x71,0x46,0x13,0x00,0x00,
0x28,0x61,0x0b,0x22,0xa0,0x22,0x11,0x31,0x67,0xfc,0x3a,0x22,0x29,0x41,0x28,0x41,
0xc0,0x20,0x00,0x28,0x02,0x29,0x31,0x22,0x01,0x14,0x07,0x62,0x12,0xc6,0xff,0xff,
0x28,0x31,0x0c,0x13,0x00,0x33,0x11,0x30,0x22,0x20,0x29,0x31,0x46,0x03,0x00,0x00,
0x28,0x31,0x31,0x63,0xfc,0x30,0x22,0x10,0x29,0x31,0xc6,0xff,0xff,0x28,0x31,0x38,
0x41,0xc0,0x20,0x00,0x29,0x03,0x0c,0x02,0x29,0x71,0xc6,0xff,0xff,0x28,0x71,0x04,
0x11,0x20,0x0d,0xf0,0x04,0x11,0xe0,0x29,0x61,0x32,0x41,0x14,0x28,0x61,0xb6,0x32,
0x0a,0xc6,0xff,0xff,0x0c,0x22,0x29,0x71,0x06,0x12,0x00,0x00,0x28,0x61,0x0b,0x22,
0xa0,0x22,0x11,0x31,0x4c,0xfc,0x3a,0x22,0x29,0x41,0x28,0x41,0xc0,0x20,0x00,0x28,
0x02,0x29,0x31,0x22,0x01,0x14,0x07,0x62,0x0e,0xc6,0xff,0xff,0x28,0x31,0x0c,0x13,
0x30,0x22,0x20,0x29,0x31,0xc6,0x02,0x00,0x28,0x31,0x7c,0xe3,0x30,0x22,0x10,0x29,
0x31,0xc6,0xff,0xff,0x28,0x31,0x38,0x41,0xc0,0x20,0x00,0x29,0x03,0x0c,0x02,0x29,
0x71,0xc6,0xff,0xff,0x28,0x71,0x04,0x11,0x20,0x0d,0xf0,0x00,0x04,0x11,0xe0,0x29,
0x61,0x32,0x41,0x14,0x28,0x61,0x32,0xa1,0x01,0x37,0x32,0x0b,0x06,0x00,0x00,0x00,
0x0c,0x32,0x29,0x71,0x06,0x11,0x00,0x00,0x28,0x61,0x31,0x3a,0xfc,0x30,0x22,0xb0,
0x29,0x41,0x28,0x41,0xc0,0x20,0x00,0x28,0x02,0x29,0x31,0x22,0x01,0x14,0x07,0x62,
0x0e,0xc6,0xff,0xff,0x28,0x31,0x0c,0x13,0x30,0x22,0x20,0x29,0x31,0xc6,0x02,0x00,
0x28,0x31,0x7c,0xe3,0x30,0x22,0x10,0x29,0x31,0xc6,0xff,0xff,0x28,0x31,0x38,0x41,
0xc0,0x20,0x00,0x29,0x03,0x0c,0x02,0x29,0x71,0xc6,0xff,0xff,0x28,0x71,0x04,0x11,
0x20,0x0d,0xf0,0x00,0x04,0x11,0xe0,0x29,0x61,0x32,0x41,0x14,0x28,0x61,0x32,0xa1,
0x01,0x37,0x32,0x0b,0x06,0x00,0x00,0x00,0x0c,0x32,0x29,0x71,0x06,0x11,0x00,0x00,
0x28,0x61,0x31,0x20,0xfc,0x30,0x22,0xb0,0x29,0x41,0x28,0x41,0xc0,0x20,0x00,0x28,
0x02,0x29,0x31,0x22,0x01,0x14,0x07,0x62,0x0e,0xc6,0xff,0xff,0x28,0x31,0x0c,0x43,
0x30,0x22,0x20,0x29,0x31,0xc6,0x02,0x00,0x28,0x31,0x7c,0xb3,0x30,0x22,0x10,0x29,
0x31,0xc6,0xff,0xff,0x28,0x31,0x38,0x41,0xc0,0x20,0x00,0x29,0x03,0x0c,0x02,0x29,
0x71,0xc6,0xff,0xff,0x28,0x71,0x04,0x11,0x20,0x0d,0xf0,0x00,0x04,0x11,0xe0,0x29,
0x61,0x39,0x51,0x28,0x61,0x32,0xa1,0x01,0x37,0x32,0x09,0xc6,0xff,0xff,0x0c,0x32,
0x29,0x71,0x86,0x12,0x00,0x28,0x51,0xb6,0x32,0x09,0xc6,0xff,0xff,0x0c,0x22,0x29,
0x71,0xc6,0x0e,0x00,0x28,0x61,0x31,0x03,0xfc,0x30,0x22,0xb0,0x29,0x41,0x28,0x41,
0xc0,0x20,0x00,0x28,0x02,0x29,0x31,0x28,0x31,0x31,0xff,0xfb,0x30,0x22,0x10,0x29,
0x31,0x28,0x31,0x38,0x51,0x30,0x30,0x34,0x80,0x33,0x01,0x30,0x22,0x20,0x29,0x31,
0x28,0x31,0x38,0x41,0xc0,0x20,0x00,0x29,0x03,0x0c,0x02,0x29,0x71,0xc6,0xff,0xff,
0x28,0x71,0x04,0x11,0x20,0x0d,0xf0,0x00,0x04,0x11,0xd0,0x09,0x11,0x22,0x41,0x28,
0x39,0x91,0x49,0x81,0x59,0x71,0x69,0x61,0x79,0x51,0x28,0x91,0x29,0x21,0x22,0x01,
0x28,0xcc,0x72,0x46,0x00,0x00,0x00,0x00,0xc6,0x02,0x00,0x00,0x21,0xec,0xfb,0x31,
0xec,0xfb,0xc5,0xe1,0x01,0x3d,0xf0,0x22,0x01,0x28,0xc0,0x22,0x11,0x31,0xe9,0xfb,
0x20,0x23,0x80,0x22,0x22,0x03,0x56,0x62,0x00,0xc6,0xff,0xff,0x86,0x03,0x00,0x00,
0x21,0xe6,0xfb,0x31,0xe3,0xfb,0xf0,0x20,0x00,0x45,0xdf,0x01,0x3d,0xf0,0x28,0x51,
0x8c,0x42,0xc6,0xff,0xff,0x46,0x03,0x00,0x21,0xe1,0xfb,0x31,0xdd,0xfb,0xf0,0x20,
0x00,0xc5,0xdd,0x01,0x3d,0xf0,0x28,0x91,0x8c,0x42,0xc6,0xff,0xff,0x46,0x03,0x00,
0x21,0xdc,0xfb,0x31,0xd7,0xfb,0xf0,0x20,0x00,0x45,0xdc,0x01,0x3d,0xf0,0x28,0x81,
0x4c,0x83,0x37,0x32,0x06,0xc6,0xff,0xff,0xc6,0x02,0x00,0x00,0x21,0xd6,0xfb,0x31,
0xd0,0xfb,0xc5,0xda,0x01,0x3d,0xf0,0x22,0x01,0x28,0xc0,0x22,0x11,0x31,0xcd,0xfb,
0x20,0x23,0x80,0x29,0x31,0x28,0x21,0x29,0x41,0x28,0x41,0x38,0x31,0x29,0x33,0x28,
0x91,0x48,0x81,0x0c,0x03,0x85,0x2e,0x06,0x28,0x31,0x28,0x02,0x58,0x41,0x32,0xc5,
0x10,0x48,0x71,0x62,0xc5,0x18,0x52,0xa0,0x00,0x45,0x1b,0x01,0x8c,0x82,0xc6,0xff,
0xff,0x0c,0xb2,0x29,0xb1,0x06,0x44,0x00,0x22,0x21,0x04,0x22,0x22,0x06,0x32,0xa0,
0x33,0x0c,0x14,0x85,0x67,0x01,0x8c,0xa2,0x06,0x00,0x00,0x00,0x0c,0xb2,0x29,0xb1,
0x46,0x3d,0x00,0x00,0x22,0x21,0x04,0x22,0x22,0x06,0x32,0xa0,0x01,0x05,0x43,0x01,
0x8c,0x82,0xc6,0xff,0xff,0x0c,0xb2,0x29,0xb1,0x06,0x37,0x00,0x22,0x21,0x04,0x22,
0x22,0x06,0x32,0xa0,0x01,0xc5,0x48,0x01,0x8c,0x92,0xc6,0xff,0xff,0x0c,0xb2,0x29,
0xb1,0x06,0x31,0x00,0x00,0x42,0x21,0x07,0x22,0x21,0x04,0x62,0xc2,0x1c,0x22,0xa0,
0x0c,0x0c,0x03,0x0c,0x05,0x45,0xa8,0x00,0x8c,0x82,0xc6,0xff,0xff,0x0c,0xb2,0x29,
0xb1,0x06,0x29,0x00,0x22,0x21,0x04,0x22,0x22,0x07,0x45,0xca,0x00,0x16,0xb2,0x00,
0x06,0x00,0x00,0x00,0x0c,0xb2,0x29,0xb1,0x46,0x23,0x00,0x00,0x22,0x21,0x04,0x22,
0x22,0x07,0x32,0xa0,0x01,0x05,0xe1,0x00,0x8c,0x82,0xc6,0xff,0xff,0x0c,0xb2,0x29,
0xb1,0x06,0x1d,0x00,0x22,0x21,0x04,0x22,0x22,0x07,0x32,0xa0,0x03,0x0c,0x04,0x45,
0xf4,0x00,0x8c,0xa2,0x06,0x00,0x00,0x00,0x0c,0xb2,0x29,0xb1,0x46,0x16,0x00,0x00,
0x22,0x21,0x04,0x22,0x22,0x07,0x32,0xa0,0x01,0x05,0xe8,0x00,0x8c,0x82,0xc6,0xff,
0xff,0x0c,0xb2,0x29,0xb1,0x06,0x10,0x00,0x22,0x21,0x03,0x32,0xa0,0x01,0x45,0x04,
0x00,0x16,0xc2,0x00,0x06,0x00,0x00,0x00,0x0c,0xb2,0x29,0xb1,0x46,0x0a,0x00,0x00,
0x00,0x42,0x21,0x03,0x22,0x24,0x02,0x31,0x88,0xfb,0x52,0xa0,0x01,0x85,0x6a,0xff,
0x8c,0x82,0xc6,0xff,0xff,0x0c,0x22,0x29,0xb1,0x06,0x03,0x00,0x28,0x31,0x38,0x51,
0x29,0x03,0x0c,0x02,0x29,0xb1,0xc6,0xff,0xff,0x28,0xb1,0x08,0x11,0x04,0x11,0x30,
0x0d,0xf0,0x00,0x00,0x04,0x11,0xe0,0x02,0x61,0x02,0x22,0x61,0x06,0x32,0x41,0x14,
0x22,0x21,0x06,0x29,0x41,0x0c,0x02,0x29,0x31,0x28,0x41,0xc5,0x17,0x00,0xcc,0x62,
0x06,0x00,0x00,0x00,0x86,0x03,0x00,0x00,0x21,0x75,0xfb,0x31,0x75,0xfb,0xf0,0x20,
0x00,0xc5,0xc1,0x01,0x3d,0xf0,0x22,0x21,0x04,0x22,0x22,0x03,0x22,0x61,0x03,0x28,
0x31,0x28,0x62,0x0c,0x03,0xc5,0x28,0x01,0x8c,0x82,0xc6,0xff,0xff,0x0c,0xb2,0x29,
0x71,0xc6,0x33,0x00,0x22,0x21,0x03,0x22,0x22,0x06,0x32,0xa0,0x00,0x05,0x19,0x01,
0x8c,0x82,0xc6,0xff,0xff,0x0c,0xb2,0x29,0x71,0xc6,0x2d,0x00,0x22,0x01,0x14,0x07,
0xe2,0x3d,0x06,0x00,0x00,0x00,0x22,0x21,0x03,0x22,0x22,0x06,0x32,0xa0,0x33,0x0c,
0x04,0x05,0x3b,0x01,0x8c,0x82,0xc6,0xff,0xff,0x0c,0xb2,0x29,0x71,0xc6,0x24,0x00,
0x22,0x21,0x03,0x22,0x22,0x06,0x32,0xa0,0x33,0x0c,0x04,0x45,0x43,0x01,0x8c,0xa2,
0x06,0x00,0x00,0x00,0x0c,0xb2,0x29,0x71,0x06,0x1e,0x00,0x00,0x06,0x0f,0x00,0x00,
0x22,0x21,0x03,0x22,0x22,0x06,0x32,0xa0,0x33,0x0c,0x74,0x85,0x37,0x01,0x8c,0xa2,
0x06,0x00,0x00,0x00,0x0c,0xb2,0x29,0x71,0x06,0x16,0x00,0x00,0x22,0x21,0x03,0x22,
0x22,0x06,0x32,0xa0,0x33,0x0c,0x74,0x85,0x3f,0x01,0x8c,0xa2,0x06,0x00,0x00,0x00,
0x0c,0xb2,0x29,0x71,0x06,0x0f,0x00,0x00,0x06,0x00,0x00,0x00,0x22,0x21,0x03,0x22,
0x22,0x06,0x32,0xa0,0x01,0x85,0x0f,0x01,0x8c,0x82,0xc6,0xff,0xff,0x0c,0xb2,0x29,
0x71,0xc6,0x07,0x00,0x22,0x21,0x03,0x22,0x22,0x06,0x32,0xa0,0x01,0x45,0x1c,0x01,
0x8c,0x82,0xc6,0xff,0xff,0x0c,0xb2,0x29,0x71,0xc6,0x01,0x00,0x0c,0x02,0x29,0x71,
0x06,0x00,0x00,0x00,0x28,0x71,0x08,0x21,0x04,0x11,0x20,0x0d,0xf0,0x00,0x00,0x00,
0x04,0x11,0xe0,0x09,0x41,0x29,0x61,0x28,0x61,0x29,0x51,0x28,0x51,0x85,0x05,0x00,
0xcc,0x42,0xc6,0xff,0xff,0x86,0x02,0x00,0x21,0x2f,0xfb,0x31,0x2f,0xfb,0x05,0xb0,
0x01,0x3d,0xf0,0x22,0x21,0x05,0x32,0xa0,0x01,0x85,0xea,0xff,0x8c,0x82,0xc6,0xff,
0xff,0x0c,0xb2,0x29,0x71,0xc6,0x08,0x00,0x22,0x21,0x05,0x22,0x22,0x02,0xc5,0x69,
0xff,0x16,0xb2,0x00,0x06,0x00,0x00,0x00,0x0c,0x22,0x29,0x71,0x06,0x03,0x00,0x00,
0x28,0x51,0x0c,0x03,0x39,0x32,0x39,0x71,0x06,0x00,0x00,0x00,0x28,0x71,0x08,0x41,
0x04,0x11,0x20,0x0d,0xf0,0x00,0x00,0x00,0x04,0x11,0xf0,0x29,0x21,0x28,0x21,0x16,
0x92,0x04,0xc6,0xff,0xff,0x0c,0x02,0x29,0x11,0xc6,0xff,0xff,0x28,0x11,0xfc,0x72,
0x06,0x00,0x00,0x00,0x28,0x21,0x38,0x11,0xc0,0x33,0x11,0x41,0x0a,0xfb,0x3a,0x34,
0x37,0x92,0x18,0xc6,0xff,0xff,0x28,0x21,0x28,0x32,0x8c,0xa2,0x06,0x00,0x00,0x00,
0x0c,0x02,0x29,0x31,0x06,0x07,0x00,0x00,0x06,0x00,0x00,0x00,0x06,0x00,0x00,0x00,
0x28,0x11,0x1b,0x22,0x29,0x11,0x86,0xf0,0xff,0xc6,0xff,0xff,0x0c,0x32,0x29,0x31,
0x06,0x00,0x00,0x00,0x28,0x31,0x04,0x11,0x10,0x0d,0xf0,0x00,0x04,0x11,0xe0,0x09,
0x31,0x29,0x71,0x39,0x61,0x49,0x51,0x28,0x71,0x29,0x41,0x28,0x41,0x85,0xf8,0xff,
0xcc,0x42,0xc6,0xff,0xff,0x46,0x03,0x00,0x21,0xfd,0xfa,0x31,0xfd,0xfa,0xf0,0x20,
0x00,0xc5,0xa2,0x01,0x3d,0xf0,0x28,0x61,0x38,0x41,0x38,0x33,0x29,0x03,0x28,0x51,
0x38,0x41,0x38,0x33,0x29,0x13,0x0c,0x02,0x08,0x31,0x04,0x11,0x20,0x0d,0xf0,0x00,
0x04,0x11,0xd0,0x02,0x61,0x03,0x22,0x61,0x0a,0x32,0x61,0x09,0x49,0x81,0x59,0x71,
0x28,0xa1,0x29,0x61,0x28,0x81,0x0c,0x93,0x60,0x33,0x01,0x3a,0x22,0x29,0x41,0x28,
0x61,0x45,0xf3,0xff,0xcc,0x42,0xc6,0xff,0xff,0x46,0x03,0x00,0x21,0xea,0xfa,0x31,
0xea,0xfa,0xf0,0x20,0x00,0x85,0x9d,0x01,0x3d,0xf0,0x28,0x91,0x8c,0x42,0xc6,0xff,
0xff,0x86,0x02,0x00,0x21,0xe6,0xfa,0x31,0xe4,0xfa,0x45,0x9c,0x01,0x3d,0xf0,0x22,
0x01,0x20,0x0c,0x33,0x27,0x83,0x1c,0x86,0x00,0x00,0x00,0x00,0x00,0x28,0x81,0x32,
0xa3,0x75,0x37,0x32,0x16,0xc6,0xff,0xff,0x28,0x81,0x32,0xa4,0x8c,0x37,0x12,0x0b,
0x06,0x00,0x00,0x00,0x0c,0xc2,0x29,0xb1,0x06,0x25,0x00,0x00,0x22,0x21,0x09,0x32,
0x21,0x06,0x32,0x23,0x03,0x29,0x23,0x28,0x61,0x28,0x12,0x05,0x09,0x00,0x0c,0x02,
0x22,0x51,0x0a,0x46,0x00,0x00,0x00,0x00,0x22,0x11,0x0a,0x38,0x71,0x37,0xb2,0x2f,
0x06,0x00,0x00,0x00,0x22,0x21,0x04,0x45,0xc1,0x05,0x32,0x21,0x06,0x32,0x23,0x03,
0x38,0x23,0x42,0x11,0x0a,0x30,0x34,0xa0,0x29,0x03,0x28,0x41,0x4b,0x22,0x29,0x41,
0x06,0x00,0x00,0x00,0x22,0x91,0x0a,0x1b,0x22,0x22,0x51,0x0a,0x06,0xf2,0xff,0x00,
0x0c,0x02,0x22,0x51,0x0a,0xc6,0xff,0xff,0x22,0x11,0x0a,0x32,0xa3,0xe7,0x27,0x33,
0x12,0xc6,0xff,0xff,0x06,0x00,0x00,0x00,0x22,0x91,0x0a,0x1b,0x22,0x22,0x51,0x0a,
0x06,0xf9,0xff,0x00,0x28,0x61,0x28,0x32,0xc0,0x20,0x00,0x28,0x82,0x8c,0x82,0xc6,
0xff,0xff,0x0c,0x52,0x29,0xb1,0x86,0x01,0x00,0x0c,0x02,0x29,0xb1,0xc6,0xff,0xff,
0x28,0xb1,0x08,0x31,0x04,0x11,0x30,0x0d,0xf0,0x00,0x00,0x00,0x04,0x11,0xf0,0x29,
0x31,0x28,0x31,0xc0,0x20,0x00,0x38,0x02,0x7c,0xe4,0x40,0x33,0x10,0xc0,0x20,0x00,
0x39,0x02,0x00,0x20,0x00,0x28,0x31,0xc0,0x20,0x00,0x32,0xa0,0x61,0x32,0xd3,0x78,
0x32,0x62,0x22,0x28,0x31,0xc0,0x20,0x00,0x0c,0x74,0x42,0xd4,0x78,0x42,0x62,0x23,
0x28,0x31,0xc0,0x20,0x00,0x32,0x62,0x24,0x28,0x31,0xc0,0x20,0x00,0x32,0xa1,0x01,
0xd0,0x33,0x11,0x32,0x62,0x25,0x38,0x31,0xc0,0x20,0x00,0x0c,0x12,0x22,0x63,0x26,
0x38,0x31,0xc0,0x20,0x00,0x42,0xa0,0xa0,0x42,0x63,0x27,0x38,0x31,0xc0,0x20,0x00,
0x42,0xa0,0x77,0x42,0x63,0x28,0x38,0x31,0xc0,0x20,0x00,0x42,0xa0,0x61,0x42,0x63,
0x2e,0x38,0x31,0xc0,0x20,0x00,0x42,0xa0,0x78,0x42,0x63,0x2f,0x38,0x31,0xc0,0x20,
0x00,0x0c,0x94,0x42,0x63,0x30,0x38,0x31,0xc0,0x20,0x00,0x0c,0x44,0x42,0x63,0x31,
0xc0,0x20,0x00,0x31,0x8b,0xfa,0x0c,0x04,0x49,0x03,0x38,0x31,0xc0,0x20,0x00,0x42,
0x63,0x33,0x38,0x31,0xc0,0x20,0x00,0x42,0x63,0x34,0x38,0x31,0xc0,0x20,0x00,0x42,
0x63,0x35,0x38,0x31,0xc0,0x20,0x00,0x0c,0x85,0x52,0x63,0x36,0x38,0x31,0xc0,0x20,
0x00,0x42,0x63,0x37,0x38,0x31,0xc0,0x20,0x00,0x42,0x63,0x38,0x38,0x31,0xc0,0x20,
0x00,0x0c,0x24,0x42,0x63,0x29,0x38,0x31,0xc0,0x20,0x00,0x3c,0x74,0x60,0x44,0x11,
0x42,0x63,0x2a,0x38,0x31,0xc0,0x20,0x00,0x48,0x03,0x20,0x24,0x20,0xc0,0x20,0x00,
0x29,0x03,0x00,0x20,0x00,0x00,0x20,0x00,0x04,0x11,0x10,0x0d,0xf0,0x00,0x00,0x00,
0x10,0x91,0x20,0x14,0x81,0xff,0x04,0x18,0x60,0x10,0xb1,0x20,0xa2,0xaf,0xe0,0xa0,
0x11,0x10,0xb9,0x51,0x99,0x61,0x09,0x71,0x22,0x61,0x26,0x32,0x61,0x25,0x42,0x61,
0x24,0x52,0x61,0x23,0x22,0x21,0x26,0x22,0x61,0x22,0x22,0x21,0x22,0x85,0xd0,0xff,
0xcc,0x42,0xc6,0xff,0xff,0x86,0x02,0x00,0x21,0x63,0xfa,0x31,0x63,0xfa,0x05,0x7b,
0x01,0x3d,0xf0,0x22,0x21,0x25,0x8c,0x62,0x06,0x00,0x00,0x00,0xc6,0x02,0x00,0x00,
0x21,0x5f,0xfa,0x31,0x5d,0xfa,0x85,0x79,0x01,0x3d,0xf0,0x22,0x01,0x90,0x0c,0x33,
0x27,0x83,0x1d,0x86,0x00,0x00,0x00,0x00,0x00,0x22,0x21,0x24,0x32,0xa3,0x75,0x37,
0x32,0x16,0xc6,0xff,0xff,0x22,0x21,0x24,0x32,0xa4,0x8c,0x37,0x12,0x0a,0xc6,0xff,
0xff,0x0c,0xc2,0x22,0x61,0x27,0x86,0x60,0x00,0x22,0x21,0x25,0x32,0x21,0x22,0x32,
0x23,0x03,0x22,0x63,0x03,0x22,0x21,0x22,0x3d,0xf0,0x22,0x22,0x01,0x85,0x17,0x00,
0x22,0x21,0x22,0x32,0x21,0x25,0x42,0x11,0x48,0x52,0x21,0x23,0x45,0x26,0x00,0xcc,
0x92,0xc6,0xff,0xff,0x0c,0x62,0x22,0x61,0x27,0xc6,0x53,0x00,0x22,0x21,0x22,0x32,
0x21,0x25,0x42,0x21,0x24,0x42,0xd4,0x08,0x52,0x21,0x23,0x40,0x40,0xf4,0x45,0x24,
0x00,0xcc,0xc2,0x86,0x00,0x00,0x00,0x00,0x00,0x0c,0x62,0x22,0x61,0x27,0x86,0x4a,
0x00,0x22,0x21,0x22,0x32,0x21,0x25,0x42,0x21,0x24,0x42,0xd4,0x10,0x52,0x21,0x23,
0x40,0x40,0xf4,0x05,0x22,0x00,0xcc,0xe2,0x86,0x00,0x00,0x00,0x00,0x00,0x0c,0x62,
0x22,0x61,0x27,0x46,0x41,0x00,0x00,0x00,0x22,0x21,0x22,0x32,0x21,0x25,0x42,0x21,
0x24,0x42,0xd4,0x18,0x52,0x21,0x23,0x40,0x40,0xf4,0x85,0x1f,0x00,0xcc,0xc2,0x86,
0x00,0x00,0x00,0x00,0x00,0x0c,0x62,0x22,0x61,0x27,0x86,0x37,0x00,0x22,0x21,0x26,
0x42,0x21,0x24,0x52,0x21,0x23,0x04,0x31,0x20,0x45,0xca,0xff,0x22,0x61,0x21,0x22,
0x21,0x21,0x8c,0xc2,0x86,0x00,0x00,0x00,0x00,0x00,0x0c,0x52,0x22,0x61,0x27,0x46,
0x2e,0x00,0x0c,0x02,0x22,0x41,0x80,0x46,0x00,0x00,0x00,0x00,0x22,0x01,0x80,0x32,
0x21,0x23,0x0f,0x32,0x7f,0x04,0x00,0x50,0xe0,0xc6,0xff,0xff,0x0c,0x02,0x22,0x41,
0x7c,0xc6,0xff,0xff,0x22,0x01,0x7c,0xe6,0x22,0x79,0xc6,0xff,0xff,0x22,0x21,0x22,
0x28,0x32,0x28,0x32,0x32,0x01,0x80,0x20,0x23,0xa0,0x28,0x02,0x32,0x01,0x7c,0xc0,
0x33,0x11,0x00,0x03,0x40,0x20,0x20,0x91,0x7c,0xf3,0x30,0x30,0xf4,0x27,0x03,0x43,
0x06,0x00,0x00,0x00,0x22,0x01,0x80,0x04,0x31,0x20,0x30,0x32,0xa0,0x38,0x03,0x42,
0x01,0x7c,0xc0,0x44,0x11,0x00,0x04,0x40,0x30,0x30,0x91,0x30,0x30,0xf4,0x52,0x21,
0x22,0x58,0x35,0x58,0x35,0x50,0x22,0xa0,0x28,0x02,0x00,0x04,0x40,0x20,0x20,0x91,
0x20,0x20,0xf4,0x27,0x13,0x0a,0xc6,0xff,0xff,0x0c,0x82,0x22,0x61,0x27,0x86,0x0a,
0x00,0xc6,0xff,0xff,0x06,0x00,0x00,0x00,0x22,0x01,0x7c,0x1b,0x22,0x22,0x41,0x7c,
0x06,0xe0,0xff,0x00,0x06,0x00,0x00,0x00,0x22,0x01,0x80,0x1b,0x22,0x22,0x41,0x80,
0x06,0xd6,0xff,0x00,0x0c,0x02,0x22,0x61,0x27,0xc6,0xff,0xff,0x22,0x21,0x27,0x08,
0x71,0x18,0x61,0x0d,0xf0,0x00,0x00,0x00,0x04,0x11,0xf0,0x29,0x31,0x28,0x31,0xc0,
0x20,0x00,0x38,0x02,0x7c,0xe4,0x40,0x33,0x10,0xc0,0x20,0x00,0x39,0x02,0x00,0x20,
0x00,0x28,0x31,0xc0,0x20,0x00,0x0c,0xa3,0x32,0x62,0x20,0x00,0x20,0x00,0x28,0x31,
0xc0,0x20,0x00,0x32,0xa0,0x61,0x32,0xd3,0x78,0x32,0x62,0x22,0x28,0x31,0xc0,0x20,
0x00,0x31,0xdf,0xf9,0x32,0x62,0x23,0x28,0x31,0xc0,0x20,0x00,0x31,0xde,0xf9,0x32,
0x62,0x24,0x28,0x31,0xc0,0x20,0x00,0x0c,0x13,0x32,0xd3,0x7c,0x32,0x62,0x25,0x28,
0x31,0xc0,0x20,0x00,0x32,0xa0,0x98,0x32,0x62,0x26,0x28,0x31,0xc0,0x20,0x00,0x3c,
0x13,0x32,0x62,0x27,0x28,0x31,0xc0,0x20,0x00,0x32,0xa0,0xdd,0x32,0x62,0x28,0x28,
0x31,0xc0,0x20,0x00,0x32,0xa0,0x61,0x32,0x62,0x2e,0x28,0x31,0xc0,0x20,0x00,0x32,
0xa0,0x78,0x32,0x62,0x2f,0x28,0x31,0xc0,0x20,0x00,0x32,0xa0,0xe5,0x32,0x62,0x30,
0x28,0x31,0xc0,0x20,0x00,0x0c,0x43,0x32,0x62,0x31,0xc0,0x20,0x00,0x21,0xc0,0xf9,
0x0c,0x03,0x39,0x02,0x28,0x31,0xc0,0x20,0x00,0x32,0x62,0x33,0x28,0x31,0xc0,0x20,
0x00,0x32,0x62,0x34,0x28,0x31,0xc0,0x20,0x00,0x0c,0xb4,0x42,0x62,0x35,0x28,0x31,
0xc0,0x20,0x00,0x0c,0x84,0x42,0x62,0x36,0x28,0x31,0xc0,0x20,0x00,0x32,0x62,0x37,
0x28,0x31,0xc0,0x20,0x00,0x32,0x62,0x38,0x28,0x31,0xc0,0x20,0x00,0x0c,0x24,0x42,
0x62,0x29,0x28,0x31,0xc0,0x20,0x00,0x32,0x62,0x2a,0x00,0x20,0x00,0x04,0x11,0x10,
0x0d,0xf0,0x00,0x00,0x04,0x11,0xd0,0x09,0x21,0x29,0xa1,0x39,0x91,0x42,0x51,0x10,
0x59,0x71,0x0c,0x02,0x22,0x41,0x14,0x22,0x11,0x10,0x0c,0x93,0x60,0x33,0x01,0x3a,
0x22,0x29,0x41,0x28,0x91,0xcc,0x92,0xc6,0xff,0xff,0x0c,0x12,0x22,0x41,0x2c,0x86,
0x3d,0x00,0x0c,0x02,0x22,0x41,0x18,0x46,0x00,0x00,0x00,0x00,0x22,0x01,0x18,0x38,
0x71,0x0f,0x32,0x5f,0x44,0x00,0x58,0xe0,0x06,0x00,0x00,0x00,0x0c,0x02,0x22,0x41,
0x14,0xc6,0xff,0xff,0x22,0x01,0x14,0x0f,0x12,0x93,0x40,0x00,0x52,0xe8,0x06,0x00,
0x00,0x00,0x22,0x21,0x0a,0x22,0x22,0x01,0x05,0x73,0x05,0x56,0xa2,0x00,0xc6,0xff,
0xff,0x0c,0x02,0x22,0x41,0x2c,0xc6,0x2b,0x00,0x28,0x91,0x32,0x01,0x18,0x20,0x23,
0xa0,0x28,0x02,0x32,0x01,0x14,0xc0,0x33,0x11,0x00,0x03,0x40,0x20,0x20,0x91,0x22,
0x51,0x06,0x22,0x11,0x06,0x16,0x32,0x05,0x46,0x00,0x00,0x00,0x00,0x22,0x21,0x0a,
0x22,0x22,0x01,0x32,0x21,0x04,0x42,0x11,0x06,0xc5,0x12,0x00,0xcc,0xa2,0xc6,0xff,
0xff,0x0c,0x02,0x22,0x41,0x2c,0xc6,0x1b,0x00,0x00,0x22,0x21,0x0a,0x22,0x22,0x01,
0x85,0x6f,0x05,0x56,0xb2,0x00,0xc6,0xff,0xff,0x0c,0x02,0x22,0x41,0x2c,0xc6,0x15,
0x00,0x00,0x22,0x21,0x0a,0x22,0x22,0x01,0xc5,0x6f,0x05,0x16,0xa2,0x00,0xc6,0xff,
0xff,0x0c,0x02,0x22,0x41,0x2c,0xc6,0x0f,0x00,0xc6,0x00,0x00,0x06,0x00,0x00,0x00,
0x28,0x41,0x2b,0x22,0x29,0x41,0xc6,0xff,0xff,0x22,0x01,0x14,0x1b,0x22,0x22,0x41,
0x14,0xc6,0xd3,0xff,0x06,0x00,0x00,0x00,0x22,0x01,0x18,0x1b,0x22,0x22,0x41,0x18,
0x06,0xca,0xff,0x00,0x22,0x21,0x0a,0x22,0x22,0x01,0x45,0x70,0x05,0x32,0xa0,0x01,
0x30,0x22,0x30,0x22,0x41,0x2c,0xc6,0xff,0xff,0x22,0x01,0x2c,0x08,0x21,0x04,0x11,
0x30,0x0d,0xf0,0x00,0x04,0x11,0xe0,0x02,0x61,0x01,0x22,0x61,0x06,0x32,0x41,0x14,
0x22,0xa0,0x00,0x29,0x31,0x28,0x61,0x29,0x21,0x28,0x21,0xc5,0x8d,0xff,0xcc,0x62,
0x06,0x00,0x00,0x00,0xc6,0x02,0x00,0x00,0x21,0x5c,0xf9,0x31,0x5c,0xf9,0x05,0x38,
0x01,0x3d,0xf0,0x22,0x01,0x14,0x07,0x62,0x5a,0xc6,0xff,0xff,0x22,0x21,0x06,0x04,
0x31,0x0c,0x42,0xa4,0x8c,0x52,0xa0,0x01,0x45,0x95,0xff,0x22,0x61,0x04,0x28,0x41,
0x8c,0x82,0xc6,0xff,0xff,0x0c,0x52,0x29,0x71,0xc6,0x0f,0x00,0x22,0x11,0x06,0x8c,
0x92,0xc6,0xff,0xff,0x0c,0x72,0x29,0x71,0x06,0x0c,0x00,0x00,0x22,0xa0,0x01,0x22,
0x61,0x03,0x22,0x21,0x06,0x04,0x31,0x0c,0x42,0xa4,0x8c,0x0c,0x15,0x05,0xb4,0xff,
0x29,0x41,0x28,0x41,0x8c,0x82,0xc6,0xff,0xff,0x0c,0x62,0x29,0x71,0xc6,0x02,0x00,
0x06,0x00,0x00,0x00,0x0c,0x02,0x29,0x71,0x06,0x00,0x00,0x00,0x28,0x71,0x08,0x11,
0x04,0x11,0x20,0x0d,0xf0,0x00,0x00,0x00,0x04,0x11,0xe0,0x09,0x31,0x29,0x61,0x39,
0x51,0x42,0x51,0x08,0x28,0x51,0x38,0x61,0xc0,0x20,0x00,0x22,0x63,0x1e,0x22,0x11,
0x08,0x38,0x61,0xc0,0x20,0x00,0x22,0x63,0x1d,0xc0,0x20,0x00,0x21,0x35,0xf9,0x0c,
0x03,0x39,0x02,0x28,0x61,0xc0,0x20,0x00,0x0c,0x13,0x32,0x62,0x1f,0x00,0x20,0x00,
0x06,0x00,0x00,0x00,0x28,0x61,0x85,0x62,0x05,0xdc,0xf2,0x86,0x00,0x00,0x00,0x00,
0x00,0x28,0x61,0x45,0x5b,0x05,0x8c,0xe2,0x86,0x00,0x00,0x00,0x00,0x00,0x0c,0x02,
0x22,0x41,0x1c,0x86,0x06,0x00,0x00,0x00,0x06,0xf6,0xff,0x00,0x28,0x61,0xc0,0x20,
0x00,0x0c,0x23,0x32,0x62,0x1f,0x00,0x20,0x00,0x0c,0x12,0x22,0x41,0x1c,0xc6,0xff,
0xff,0x22,0x01,0x1c,0x08,0x31,0x04,0x11,0x20,0x0d,0xf0,0x00,0x04,0x11,0xd0,0x09,
0x31,0x29,0xa1,0x39,0x91,0x49,0x81,0x59,0x71,0x69,0x61,0x22,0xa0,0xd9,0x29,0x41,
0x28,0x61,0x0c,0x03,0x39,0x02,0x28,0xa1,0x20,0x22,0x90,0xd0,0x22,0x11,0x31,0x15,
0xf9,0x2a,0x23,0x29,0x51,0x28,0xa1,0x0c,0xe3,0x37,0x32,0x0b,0x06,0x00,0x00,0x00,
0x0c,0x22,0x29,0xb1,0x46,0x48,0x00,0x00,0x28,0x51,0x9c,0x62,0x06,0x00,0x00,0x00,
0x28,0x51,0x22,0x02,0x00,0x07,0x62,0x0b,0x06,0x00,0x00,0x00,0x0c,0x32,0x29,0xb1,
0x46,0x41,0x00,0x00,0x28,0x91,0x8c,0xa2,0x06,0x00,0x00,0x00,0x0c,0x72,0x29,0xb1,
0x46,0x3d,0x00,0x00,0x28,0xa1,0x22,0xc2,0xfe,0x0f,0x22,0x8f,0x44,0x00,0x52,0xe8,
0x31,0x0c,0xf9,0x30,0x22,0xa0,0x28,0x02,0xa0,0x02,0x00,0x28,0x51,0x31,0xfe,0xf8,
0x39,0x12,0x28,0x51,0x0c,0x83,0x32,0x42,0x0c,0xc6,0x22,0x00,0x28,0x51,0x31,0xfb,
0xf8,0x39,0x12,0x28,0x51,0x0c,0x83,0x32,0x42,0x0c,0x86,0x1e,0x00,0x28,0x51,0x31,
0xf8,0xf8,0x39,0x12,0x28,0x51,0x0c,0x83,0x32,0x42,0x0c,0x46,0x1a,0x00,0x28,0x51,
0x31,0xf5,0xf8,0x39,0x12,0x28,0x51,0x0c,0x83,0x32,0x42,0x0c,0x06,0x16,0x00,0x28,
0x51,0x31,0xf1,0xf8,0x39,0x12,0x28,0x51,0x0c,0x83,0x32,0x42,0x0c,0xc6,0x11,0x00,
0x28,0x51,0x31,0xee,0xf8,0x39,0x12,0x28,0x51,0x0c,0x83,0x32,0x42,0x0c,0x86,0x0d,
0x00,0x28,0x51,0x31,0xeb,0xf8,0x39,0x12,0x28,0x51,0x0c,0x83,0x32,0x42,0x0c,0xc6,
0xff,0xff,0x28,0x51,0x31,0xe8,0xf8,0x39,0x12,0x28,0x51,0x0c,0x83,0x32,0x42,0x0c,
0x06,0x05,0x00,0x28,0x51,0x31,0xe4,0xf8,0x39,0x12,0x28,0x51,0x0c,0x83,0x32,0x42,
0x0c,0xc6,0x00,0x00,0x06,0x00,0x00,0x00,0x22,0x21,0x04,0x32,0x21,0x05,0x22,0x63,
0x02,0x48,0x51,0x28,0x24,0x31,0xdd,0xf8,0x0c,0x15,0xc5,0xb8,0xfe,0x8c,0x82,0xc6,
0xff,0xff,0x0c,0x62,0x29,0xb1,0xc6,0x07,0x00,0x28,0x81,0x38,0x51,0x29,0x43,0x28,
0x71,0x38,0x51,0x29,0x53,0x28,0x51,0x0c,0x13,0x32,0x42,0x00,0x28,0x51,0x38,0x61,
0x29,0x03,0x0c,0x02,0x29,0xb1,0xc6,0xff,0xff,0x28,0xb1,0x08,0x31,0x04,0x11,0x30,
0x0d,0xf0,0x00,0x00,0x04,0x11,0xe0,0x09,0x21,0x29,0x71,0x39,0x61,0x0c,0x02,0x29,
0x51,0x29,0x41,0x29,0x31,0x29,0x51,0xc6,0xff,0xff,0x28,0x51,0x0c,0xd3,0x27,0x33,
0x67,0xc6,0xff,0xff,0x28,0x51,0x20,0x22,0x90,0xd0,0x22,0x11,0x31,0xba,0xf8,0x2a,
0x23,0x29,0x41,0x28,0x41,0x22,0x02,0x00,0x07,0x62,0x40,0xc6,0xff,0xff,0x28,0x41,
0x28,0x12,0xc0,0x20,0x00,0x28,0x12,0x29,0x31,0x28,0x31,0xac,0x92,0xc6,0xff,0xff,
0x28,0x41,0x28,0x42,0x9c,0x02,0xc6,0xff,0xff,0x48,0x41,0x58,0x44,0x28,0x54,0x38,
0x31,0xc0,0x05,0x00,0x06,0x00,0x00,0x00,0x28,0x31,0x38,0x41,0x38,0x13,0xc0,0x20,
0x00,0x29,0x13,0x46,0x00,0x00,0x00,0x00,0x06,0x00,0x00,0x00,0x06,0x00,0x00,0x00,
0x28,0x51,0x1b,0x22,0x29,0x51,0x06,0xe4,0xff,0x08,0x21,0x04,0x11,0x20,0x0d,0xf0,
0x04,0x11,0xf0,0x29,0x21,0x28,0x21,0xac,0x52,0xc6,0xff,0xff,0x28,0x21,0x31,0x9d,
0xf8,0x37,0x32,0x1b,0x06,0x00,0x00,0x00,0x28,0x21,0x31,0x9a,0xf8,0x42,0xa1,0x38,
0x4a,0x33,0x27,0x33,0x0a,0xc6,0xff,0xff,0x0c,0x02,0x29,0x31,0x06,0x02,0x00,0x00,
0x0c,0x12,0x29,0x31,0x06,0x00,0x00,0x00,0x28,0x31,0x04,0x11,0x10,0x0d,0xf0,0x00,
0x04,0x11,0xe0,0x09,0x31,0x29,0x61,0x28,0x61,0x29,0x51,0x28,0x51,0x05,0xfb,0xff,
0x8c,0x82,0xc6,0xff,0xff,0x0c,0x12,0x29,0x71,0xc6,0x57,0x00,0x28,0x51,0x22,0x02,
0x00,0x07,0xe2,0x0b,0x06,0x00,0x00,0x00,0x0c,0x42,0x29,0x71,0x06,0x53,0x00,0x00,
0x28,0x51,0x28,0x12,0xc0,0x20,0x00,0x28,0x02,0xf7,0x72,0x0b,0x06,0x00,0x00,0x00,
0x0c,0xf2,0x29,0x71,0x06,0x4d,0x00,0x00,0x28,0x51,0x28,0x12,0xc0,0x20,0x00,0x28,
0x02,0x47,0x62,0x0b,0x06,0x00,0x00,0x00,0x1c,0x02,0x29,0x71,0x06,0x47,0x00,0x00,
0x28,0x51,0x28,0x12,0x22,0xd2,0x08,0xc0,0x20,0x00,0x28,0x02,0xf7,0x72,0x09,0xc6,
0xff,0xff,0x1c,0x12,0x29,0x71,0x86,0x40,0x00,0x28,0x51,0x28,0x12,0x22,0xd2,0x08,
0xc0,0x20,0x00,0x28,0x02,0x37,0x62,0x0b,0x06,0x00,0x00,0x00,0x1c,0x22,0x29,0x71,
0x06,0x3a,0x00,0x00,0x28,0x51,0x28,0x12,0xc0,0x20,0x00,0x0c,0x03,0x39,0x02,0x28,
0x51,0x28,0x12,0xc0,0x20,0x00,0x7c,0xf4,0x49,0x12,0x28,0x51,0x28,0x12,0x22,0xd2,
0x08,0xc0,0x20,0x00,0x39,0x02,0x39,0x41,0x06,0x00,0x00,0x00,0x28,0x41,0x38,0x51,
0x32,0x03,0x0c,0x0f,0x32,0x5f,0x04,0x00,0x52,0xe0,0xc6,0xff,0xff,0x28,0x51,0x28,
0x12,0x22,0xc2,0x20,0x38,0x41,0x30,0x33,0x90,0xd0,0x33,0x11,0x3a,0x32,0xc0,0x20,
0x00,0x0c,0x02,0x29,0x03,0x38,0x51,0x38,0x13,0x32,0xc3,0x20,0x48,0x41,0x40,0x44,
0x90,0xd0,0x44,0x11,0x4a,0x33,0xc0,0x20,0x00,0x29,0x13,0x38,0x51,0x38,0x13,0x32,
0xc3,0x20,0x48,0x41,0x40,0x44,0x90,0xd0,0x44,0x11,0x4a,0x33,0xc0,0x20,0x00,0x29,
0x23,0x38,0x51,0x38,0x13,0x32,0xc3,0x20,0x48,0x41,0x40,0x44,0x90,0xd0,0x44,0x11,
0x4a,0x33,0xc0,0x20,0x00,0x29,0x33,0x38,0x51,0x38,0x13,0x32,0xc3,0x20,0x48,0x41,
0x40,0x44,0x90,0xd0,0x44,0x11,0x4a,0x33,0xc0,0x20,0x00,0x29,0x43,0x38,0x51,0x38,
0x13,0x32,0xc3,0x20,0x48,0x41,0x40,0x44,0x90,0xd0,0x44,0x11,0x4a,0x33,0xc0,0x20,
0x00,0x29,0x53,0x38,0x51,0x38,0x13,0x4c,0x14,0xb0,0x44,0x11,0x4a,0x33,0x48,0x41,
0x30,0x34,0xa0,0xc0,0x20,0x00,0x29,0x03,0x06,0x00,0x00,0x00,0x28,0x41,0x1b,0x22,
0x29,0x41,0x86,0xd1,0xff,0x0c,0x02,0x29,0x71,0xc6,0xff,0xff,0x28,0x71,0x08,0x31,
0x04,0x11,0x20,0x0d,0xf0,0x00,0x00,0x00,0x04,0x11,0xe0,0x02,0x61,0x03,0x22,0x61,
0x06,0x32,0x41,0x14,0x22,0x21,0x06,0x29,0x41,0x28,0x41,0x45,0xe2,0xff,0x8c,0xa2,
0x06,0x00,0x00,0x00,0x0c,0x12,0x29,0x71,0x06,0x1d,0x00,0x00,0x28,0x41,0x22,0x02,
0x00,0x07,0xe2,0x0b,0x06,0x00,0x00,0x00,0x0c,0x42,0x29,0x71,0x06,0x18,0x00,0x00,
0x28,0x41,0x28,0x12,0xc0,0x20,0x00,0x28,0x02,0xf7,0x72,0x0b,0x06,0x00,0x00,0x00,
0x0c,0xf2,0x29,0x71,0x06,0x12,0x00,0x00,0x06,0x00,0x00,0x00,0x22,0x01,0x14,0x07,
0x62,0x19,0xc6,0xff,0xff,0x28,0x41,0x28,0x12,0xc0,0x20,0x00,0x38,0x02,0x0c,0x14,
0x40,0x33,0x20,0xc0,0x20,0x00,0x39,0x02,0x06,0x06,0x00,0x00,0x28,0x41,0x28,0x12,
0xc0,0x20,0x00,0x38,0x02,0x7c,0xe4,0x40,0x33,0x10,0xc0,0x20,0x00,0x39,0x02,0x46,
0x00,0x00,0x00,0x00,0x06,0x00,0x00,0x00,0x0c,0x02,0x29,0x71,0x06,0x00,0x00,0x00,
0x28,0x71,0x08,0x31,0x04,0x11,0x20,0x0d,0xf0,0x00,0x00,0x00,0x04,0x11,0xe0,0x02,
0x61,0x03,0x22,0x61,0x06,0x32,0x41,0x14,0x22,0x21,0x06,0x29,0x41,0x28,0x41,0x05,
0xd8,0xff,0x8c,0xa2,0x06,0x00,0x00,0x00,0x0c,0x12,0x29,0x71,0x06,0x1e,0x00,0x00,
0x28,0x41,0x22,0x02,0x00,0x07,0xe2,0x0b,0x06,0x00,0x00,0x00,0x0c,0x42,0x29,0x71,
0x06,0x19,0x00,0x00,0x28,0x41,0x28,0x12,0x22,0xd2,0x08,0xc0,0x20,0x00,0x28,0x02,
0xf7,0x72,0x09,0xc6,0xff,0xff,0x1c,0x12,0x29,0x71,0x86,0x12,0x00,0xc6,0xff,0xff,
0x22,0x01,0x14,0x07,0x62,0x1b,0xc6,0xff,0xff,0x28,0x41,0x28,0x12,0x22,0xd2,0x08,
0xc0,0x20,0x00,0x38,0x02,0x0c,0x44,0x40,0x33,0x20,0xc0,0x20,0x00,0x39,0x02,0x46,
0x06,0x00,0x28,0x41,0x28,0x12,0x22,0xd2,0x08,0xc0,0x20,0x00,0x38,0x02,0x7c,0xb4,
0x40,0x33,0x10,0xc0,0x20,0x00,0x39,0x02,0x06,0x00,0x00,0x00,0x06,0x00,0x00,0x00,
0x0c,0x02,0x29,0x71,0x06,0x00,0x00,0x00,0x28,0x71,0x08,0x31,0x04,0x11,0x20,0x0d,
0xf0,0x00,0x00,0x00,0x04,0x11,0xd0,0x02,0x61,0x04,0x22,0x61,0x0a,0x32,0x61,0x09,
0x49,0x81,0x28,0xa1,0x29,0x71,0x0c,0x02,0x29,0x61,0x29,0x51,0x28,0x71,0x05,0xcd,
0xff,0x8c,0x82,0xc6,0xff,0xff,0x0c,0x12,0x29,0xb1,0xc6,0x46,0x00,0x28,0x71,0x22,
0x02,0x00,0x07,0xe2,0x0a,0xc6,0xff,0xff,0x0c,0x42,0x29,0xb1,0x46,0x42,0x00,0x00,
0x28,0x71,0x28,0x12,0x22,0xd2,0x08,0xc0,0x20,0x00,0x28,0x02,0xf7,0x72,0x09,0xc6,
0xff,0xff,0x1c,0x12,0x29,0xb1,0xc6,0x3b,0x00,0x28,0x91,0xf6,0x42,0x0a,0xc6,0xff,
0xff,0x28,0x81,0xb6,0x42,0x09,0xc6,0xff,0xff,0x0c,0xe2,0x29,0xb1,0x06,0x36,0x00,
0x28,0x91,0xf6,0x42,0x42,0x31,0xcb,0xf7,0x30,0x22,0xa0,0x28,0x02,0xa0,0x02,0x00,
0x28,0x61,0x32,0xa2,0x00,0x30,0x22,0x20,0x29,0x61,0x28,0x61,0x0c,0x13,0x50,0x33,
0x11,0x30,0x22,0x20,0x29,0x61,0x86,0x08,0x00,0x28,0x61,0x0c,0x13,0x50,0x33,0x11,
0x30,0x22,0x20,0x29,0x61,0xc6,0x04,0x00,0x28,0x61,0x32,0xa2,0x00,0x30,0x22,0x20,
0x29,0x61,0x86,0x01,0x00,0xc6,0x00,0x00,0x06,0x00,0x00,0x00,0x28,0x81,0xf6,0x42,
0x3e,0x31,0xb9,0xf7,0x30,0x22,0xa0,0x28,0x02,0xa0,0x02,0x00,0x06,0x0d,0x00,0x28,
0x61,0x32,0xa1,0x00,0x30,0x22,0x20,0x29,0x61,0xc6,0x09,0x00,0x28,0x61,0x32,0xa4,
0x00,0x30,0x22,0x20,0x29,0x61,0x86,0x06,0x00,0x28,0x61,0x32,0xa1,0x00,0x30,0x22,
0x20,0x29,0x61,0x28,0x61,0x32,0xa4,0x00,0x30,0x22,0x20,0x29,0x61,0xc6,0x00,0x00,
0x06,0x00,0x00,0x00,0x22,0xa0,0x0f,0x80,0x22,0x11,0x22,0x61,0x05,0x45,0x65,0x00,
0x28,0x51,0x38,0x71,0x38,0x13,0x32,0xd3,0x08,0xc0,0x20,0x00,0x48,0x03,0x20,0x24,
0x10,0x20,0x24,0x30,0xc0,0x20,0x00,0x29,0x03,0x28,0x61,0x38,0x71,0x38,0x13,0x32,
0xd3,0x08,0xc0,0x20,0x00,0x48,0x03,0x20,0x24,0x20,0xc0,0x20,0x00,0x29,0x03,0x45,
0x63,0x00,0x0c,0x02,0x29,0xb1,0xc6,0xff,0xff,0x28,0xb1,0x08,0x41,0x04,0x11,0x30,
0x0d,0xf0,0x00,0x00,0x04,0x11,0xe0,0x09,0x21,0x29,0x71,0x39,0x61,0x28,0x61,0x29,
0x51,0x28,0x51,0x28,0x42,0x29,0x41,0x28,0x51,0x28,0x02,0xc0,0x20,0x00,0x28,0x12,
0x29,0x31,0x28,0x41,0x28,0x02,0xbc,0x22,0x06,0x00,0x00,0x00,0x22,0x01,0x0f,0x77,
0x62,0x15,0xc6,0xff,0xff,0x28,0x41,0x58,0x02,0x28,0x12,0x32,0xa0,0x00,0x42,0xa0,
0x00,0xc0,0x05,0x00,0x06,0x04,0x00,0x00,0x28,0x41,0x58,0x02,0x28,0x12,0x0c,0x13,
0x0c,0x04,0xc0,0x05,0x00,0xc6,0xff,0xff,0x06,0x00,0x00,0x00,0x28,0x51,0x28,0x02,
0xc0,0x20,0x00,0x31,0x7e,0xf7,0x39,0x12,0x08,0x21,0x04,0x11,0x20,0x0d,0xf0,0x00,
0x04,0x11,0xd0,0xc9,0x31,0x09,0x21,0x29,0xa1,0x39,0x91,0x49,0x81,0x59,0x71,0x69,
0x61,0x28,0xa1,0x8c,0x92,0xc6,0xff,0xff,0x0c,0x42,0x29,0xb1,0x06,0x3a,0x00,0x00,
0x28,0x61,0x8c,0xa2,0x06,0x00,0x00,0x00,0x28,0x91,0xcc,0xa2,0x06,0x00,0x00,0x00,
0x0c,0x32,0x29,0xb1,0x06,0x34,0x00,0x00,0x28,0xa1,0x20,0x22,0xa0,0xe0,0x22,0x11,
0x31,0x6c,0xf7,0x2a,0x23,0x22,0x02,0x0c,0x07,0x62,0x09,0xc6,0xff,0xff,0x0c,0x52,
0x29,0xb1,0x86,0x2c,0x00,0x22,0x21,0x0a,0x20,0x22,0xa0,0xe0,0x22,0x11,0x31,0x64,
0xf7,0x20,0x23,0x80,0x22,0x61,0x05,0x28,0x91,0x0c,0x0c,0x0c,0x03,0x0c,0x84,0x05,
0x0b,0x05,0x28,0x91,0x38,0x51,0x29,0x43,0x28,0x81,0x38,0x51,0x38,0x43,0x29,0x03,
0x28,0x71,0x38,0x51,0x38,0x43,0x29,0x13,0x28,0x51,0x28,0x02,0xc0,0x20,0x00,0x32,
0xa0,0xad,0x39,0x02,0xc9,0x41,0xc6,0xff,0xff,0x28,0x41,0x38,0x51,0x38,0x13,0x37,
0xb2,0x36,0xc6,0xff,0xff,0x28,0x51,0x28,0x02,0x22,0xd2,0x04,0x38,0x41,0x20,0x23,
0xa0,0xc0,0x20,0x00,0x0c,0x03,0x39,0x02,0x28,0x51,0x28,0x02,0x22,0xd2,0x0a,0x38,
0x41,0x20,0x23,0xa0,0xc0,0x20,0x00,0x0c,0x13,0x39,0x02,0xc6,0xff,0xff,0x28,0x41,
0x1b,0x22,0x29,0x41,0x46,0xf0,0xff,0x00,0x00,0x42,0x21,0x05,0x22,0x24,0x02,0x31,
0x45,0xf7,0x52,0xa0,0x01,0x05,0x51,0xfe,0x8c,0x82,0xc6,0xff,0xff,0x0c,0x62,0x29,
0xb1,0xc6,0x04,0x00,0x28,0x51,0x0c,0x13,0x32,0x42,0x0c,0x28,0x51,0x38,0x61,0x29,
0x03,0x0c,0x02,0x29,0xb1,0xc6,0xff,0xff,0x28,0xb1,0x08,0x21,0xc8,0x31,0x04,0x11,
0x30,0x0d,0xf0,0x00,0x04,0x11,0xf0,0x29,0x21,0x0c,0x02,0x29,0x11,0xc6,0xff,0xff,
0x28,0x11,0xec,0xb2,0x06,0x00,0x00,0x00,0x28,0x11,0x20,0x22,0xa0,0xe0,0x22,0x11,
0x31,0x30,0xf7,0x2a,0x23,0x38,0x21,0x37,0x92,0x09,0xc6,0xff,0xff,0x0c,0x02,0x29,
0x31,0xc6,0x04,0x00,0x06,0x00,0x00,0x00,0x28,0x11,0x1b,0x22,0x29,0x11,0x86,0xf3,
0xff,0x0c,0x22,0x29,0x31,0xc6,0xff,0xff,0x28,0x31,0x04,0x11,0x10,0x0d,0xf0,0x00,
0x04,0x11,0xe0,0x02,0x61,0x01,0x22,0x61,0x06,0x32,0x41,0x14,0x22,0x21,0x06,0x29,
0x41,0x28,0x41,0x05,0xfa,0xff,0x29,0x31,0x8c,0x92,0xc6,0xff,0xff,0x28,0x31,0x29,
0x71,0xc6,0x16,0x00,0x00,0x28,0x61,0x04,0x31,0x08,0x05,0x06,0x00,0x22,0x01,0x08,
0x07,0x62,0x0c,0x86,0x00,0x00,0x00,0x00,0x00,0x0c,0x82,0x29,0x71,0xc6,0x0f,0x00,
0x22,0x01,0x14,0x07,0x62,0x1b,0xc6,0xff,0xff,0x28,0x41,0x28,0x02,0xc0,0x20,0x00,
0x38,0x02,0x0c,0x14,0x00,0x44,0x11,0x40,0x33,0x20,0xc0,0x20,0x00,0x39,0x02,0x86,
0x05,0x00,0x28,0x41,0x28,0x02,0xc0,0x20,0x00,0x38,0x02,0x41,0xdd,0xf6,0x40,0x33,
0x10,0xc0,0x20,0x00,0x39,0x02,0xc6,0xff,0xff,0x0c,0x02,0x29,0x71,0xc6,0xff,0xff,
0x28,0x71,0x08,0x11,0x04,0x11,0x20,0x0d,0xf0,0x00,0x00,0x00,0x04,0x11,0xe0,0x02,
0x61,0x02,0x22,0x61,0x06,0x32,0x61,0x05,0x28,0x61,0x29,0x41,0x28,0x41,0x45,0xf1,
0xff,0x29,0x31,0x8c,0x92,0xc6,0xff,0xff,0x28,0x31,0x29,0x71,0x06,0x0a,0x00,0x00,
0x28,0x51,0xcc,0xa2,0x06,0x00,0x00,0x00,0x0c,0x32,0x29,0x71,0x06,0x06,0x00,0x00,
0x28,0x41,0x28,0x02,0xc0,0x20,0x00,0x28,0x12,0x38,0x51,0x20,0x20,0x04,0x22,0x43,
0x00,0x0c,0x02,0x29,0x71,0xc6,0xff,0xff,0x28,0x71,0x08,0x21,0x04,0x11,0x20,0x0d,
0xf0,0x00,0x00,0x00,0x04,0x11,0xe0,0x02,0x61,0x01,0x22,0x61,0x06,0x32,0x41,0x14,
0x22,0x21,0x06,0x29,0x41,0x28,0x41,0xc5,0xeb,0xff,0x29,0x21,0x8c,0x82,0xc6,0xff,
0xff,0x28,0x21,0x29,0x71,0x46,0x0f,0x00,0x28,0x41,0x28,0x02,0xc0,0x20,0x00,0x28,
0x02,0x29,0x31,0x28,0x31,0x32,0xaf,0x00,0x30,0x22,0x10,0x29,0x31,0x22,0x01,0x14,
0x07,0xe2,0x10,0xc6,0xff,0xff,0x28,0x31,0x32,0xa0,0xad,0x30,0x22,0x20,0x29,0x31,
0x06,0x00,0x00,0x00,0x28,0x31,0x38,0x41,0x38,0x03,0xc0,0x20,0x00,0x29,0x03,0x0c,
0x02,0x29,0x71,0xc6,0xff,0xff,0x28,0x71,0x08,0x11,0x04,0x11,0x20,0x0d,0xf0,0x00,
0x04,0x11,0xe0,0x02,0x61,0x02,0x22,0x61,0x06,0x32,0x41,0x14,0x22,0x21,0x06,0x29,
0x41,0x28,0x41,0x05,0xe5,0xff,0x29,0x31,0x8c,0x82,0xc6,0xff,0xff,0x28,0x31,0x29,
0x71,0xc6,0x10,0x00,0x22,0x01,0x14,0x07,0x62,0x1b,0xc6,0xff,0xff,0x28,0x41,0x28,
0x02,0xc0,0x20,0x00,0x38,0x02,0x0c,0x14,0x20,0x44,0x11,0x40,0x33,0x20,0xc0,0x20,
0x00,0x39,0x02,0x46,0x06,0x00,0x28,0x41,0x28,0x02,0xc0,0x20,0x00,0x38,0x02,0x42,
0xa0,0xff,0x42,0xd4,0xbf,0x40,0x33,0x10,0xc0,0x20,0x00,0x39,0x02,0xc6,0xff,0xff,
0x0c,0x02,0x29,0x71,0x06,0x00,0x00,0x00,0x28,0x71,0x08,0x21,0x04,0x11,0x20,0x0d,
0xf0,0x00,0x00,0x00,0x04,0x11,0xe0,0x02,0x61,0x02,0x22,0x61,0x06,0x32,0x41,0x14,
0x22,0x21,0x06,0x29,0x41,0x28,0x41,0xc5,0xdd,0xff,0x29,0x31,0x8c,0x82,0xc6,0xff,
0xff,0x28,0x31,0x29,0x71,0x06,0x14,0x00,0x22,0x01,0x14,0x07,0x62,0x22,0xc6,0xff,
0xff,0x28,0x41,0x28,0x02,0x2c,0x13,0xa0,0x33,0x11,0x3a,0x22,0xc0,0x20,0x00,0x38,
0x02,0x0c,0x14,0x20,0x44,0x11,0x40,0x33,0x20,0xc0,0x20,0x00,0x39,0x02,0x06,0x08,
0x00,0x28,0x41,0x28,0x02,0x2c,0x13,0xa0,0x33,0x11,0x3a,0x22,0xc0,0x20,0x00,0x38,
0x02,0x42,0xa0,0xff,0x42,0xd4,0xbf,0x40,0x33,0x10,0xc0,0x20,0x00,0x39,0x02,0xc6,
0xff,0xff,0x0c,0x02,0x29,0x71,0xc6,0xff,0xff,0x28,0x71,0x08,0x21,0x04,0x11,0x20,
0x0d,0xf0,0x00,0x00,0x04,0x11,0xd0,0x09,0x31,0x29,0xa1,0x39,0x91,0x49,0x81,0x28,
0xa1,0x29,0x71,0x28,0x71,0xc5,0xd5,0xff,0x29,0x51,0x8c,0xa2,0x06,0x00,0x00,0x00,
0x28,0x51,0x29,0xb1,0x86,0x1b,0x00,0x00,0x28,0x91,0x38,0x71,0x38,0x13,0x37,0x32,
0x0b,0xc6,0xff,0xff,0x0c,0x72,0x29,0xb1,0x86,0x16,0x00,0x00,0x00,0x28,0xa1,0x04,
0x31,0x10,0x85,0xe0,0xff,0x22,0x01,0x10,0x07,0x62,0x0c,0x86,0x00,0x00,0x00,0x00,
0x00,0x0c,0x82,0x29,0xb1,0x46,0x0f,0x00,0x28,0x71,0x28,0x02,0x22,0xd2,0x04,0x38,
0x91,0x20,0x23,0xa0,0xc0,0x20,0x00,0x28,0x02,0x29,0x61,0x22,0x11,0x0c,0x29,0x61,
0x28,0x81,0x00,0x22,0x11,0x38,0x61,0x20,0x23,0x20,0x29,0x61,0x28,0x61,0x38,0x71,
0x38,0x03,0x32,0xd3,0x04,0x48,0x91,0x30,0x34,0xa0,0xc0,0x20,0x00,0x29,0x03,0x0c,
0x02,0x29,0xb1,0xc6,0xff,0xff,0x28,0xb1,0x08,0x31,0x04,0x11,0x30,0x0d,0xf0,0x00,
0x04,0x11,0xd0,0x09,0x31,0x29,0xa1,0x39,0x91,0x49,0x81,0x28,0xa1,0x29,0x71,0x28,
0x71,0x05,0xcc,0xff,0x29,0x51,0x8c,0xa2,0x06,0x00,0x00,0x00,0x28,0x51,0x29,0xb1,
0x86,0x1b,0x00,0x00,0x28,0x91,0x38,0x71,0x38,0x13,0x37,0x32,0x0b,0xc6,0xff,0xff,
0x0c,0x72,0x29,0xb1,0x86,0x16,0x00,0x00,0x00,0x28,0xa1,0x04,0x31,0x10,0xc5,0xd6,
0xff,0x22,0x01,0x10,0x07,0x62,0x0c,0x86,0x00,0x00,0x00,0x00,0x00,0x0c,0x82,0x29,
0xb1,0x46,0x0f,0x00,0x28,0x71,0x28,0x02,0x22,0xd2,0x04,0x38,0x91,0x20,0x23,0xa0,
0xc0,0x20,0x00,0x28,0x02,0x29,0x61,0x22,0x11,0x0d,0x00,0x22,0x11,0x29,0x61,0x28,
0x81,0x38,0x61,0x20,0x23,0x20,0x29,0x61,0x28,0x61,0x38,0x71,0x38,0x03,0x32,0xd3,
0x04,0x48,0x91,0x30,0x34,0xa0,0xc0,0x20,0x00,0x29,0x03,0x0c,0x02,0x29,0xb1,0xc6,
0xff,0xff,0x28,0xb1,0x08,0x31,0x04,0x11,0x30,0x0d,0xf0,0x00,0x04,0x11,0xd0,0x02,
0x61,0x04,0x22,0x61,0x0a,0x32,0x61,0x09,0x42,0x41,0x20,0x28,0xa1,0x29,0x71,0x28,
0x71,0x05,0xc2,0xff,0x29,0x61,0x8c,0xa2,0x06,0x00,0x00,0x00,0x28,0x61,0x29,0xb1,
0x46,0x25,0x00,0x00,0x28,0x91,0x38,0x71,0x38,0x13,0x37,0x32,0x0a,0xc6,0xff,0xff,
0x0c,0x72,0x29,0xb1,0x46,0x20,0x00,0x00,0x28,0x71,0x28,0x02,0x2c,0x13,0xa0,0x33,
0x11,0x3a,0x22,0xc0,0x20,0x00,0x28,0x02,0x07,0x72,0x20,0xc6,0xff,0xff,0x28,0xa1,
0x04,0x31,0x14,0x85,0xcb,0xff,0x22,0x01,0x14,0x07,0x62,0x0c,0x86,0x00,0x00,0x00,
0x00,0x00,0x0c,0x82,0x29,0xb1,0xc6,0x13,0x00,0xc6,0xff,0xff,0x22,0x01,0x20,0x07,
0x62,0x21,0xc6,0xff,0xff,0x28,0x71,0x28,0x02,0x22,0xd2,0x0a,0x38,0x91,0x20,0x23,
0xa0,0xc0,0x20,0x00,0x38,0x02,0x0c,0x14,0x40,0x33,0x20,0xc0,0x20,0x00,0x39,0x02,
0x86,0x07,0x00,0x00,0x28,0x71,0x28,0x02,0x22,0xd2,0x0a,0x38,0x91,0x20,0x23,0xa0,
0xc0,0x20,0x00,0x38,0x02,0x7c,0xe4,0x40,0x33,0x10,0xc0,0x20,0x00,0x39,0x02,0xc6,
0xff,0xff,0x0c,0x02,0x29,0xb1,0xc6,0xff,0xff,0x28,0xb1,0x08,0x41,0x04,0x11,0x30,
0x0d,0xf0,0x00,0x00,0x04,0x11,0xf0,0x09,0x31,0x05,0x24,0x00,0x08,0x31,0x04,0x11,
0x10,0x0d,0xf0,0x00,0x04,0x11,0xf0,0x09,0x31,0xc5,0x25,0x00,0x08,0x31,0x04,0x11,
0x10,0x0d,0xf0,0x00,0x1f,0x4b,0xd8,0x86,0x38,0x4d,0xf1,0xc9,0x31,0x09,0x21,0x30,
0x00,0x0e,0xf0,0x10,0x0e,0x3d,0xf0,0xf0,0x12,0x0e,0xae,0x57,0x68,0x47,0x3a,0xac,
0x30,0xc0,0xf5,0x8f,0x43,0xf9,0x74,0x01,0xc4,0xa0,0x50,0x2c,0xb0,0xc0,0x20,0x00,
0x31,0x02,0xf6,0x28,0x02,0x3a,0x3c,0x2e,0x33,0x7c,0x4b,0xf9,0x45,0x32,0x03,0x05,
0x3a,0x3c,0x2a,0x23,0x3e,0x3e,0xe8,0x57,0x20,0x90,0x20,0x44,0x01,0x30,0x32,0xb0,
0x32,0xd3,0x07,0x4a,0x22,0x7e,0x33,0x1e,0x52,0x0f,0x72,0x3d,0xf0,0xc0,0x05,0x00,
0xc0,0x20,0x00,0x21,0xf7,0xf5,0xc9,0x02,0x1e,0x01,0x04,0xb2,0x01,0x72,0x1f,0x10,
0x64,0xc2,0xe8,0x14,0xf0,0x00,0x00,0x00,0x1f,0x35,0x78,0xc2,0x30,0x4d,0xf1,0x0e,
0xc1,0xcc,0x72,0x00,0x92,0x4f,0xd1,0x90,0x8a,0xe6,0x49,0x10,0x0e,0xe1,0xca,0x52,
0x00,0x92,0x5f,0xf1,0x12,0x8a,0xe1,0x8c,0x90,0xde,0x01,0xc5,0xc2,0x1f,0x97,0x1f,
0xe2,0xd0,0x40,0x02,0x14,0xa0,0x9f,0x82,0x85,0x48,0x01,0x43,0x08,0xf1,0xe3,0xf5,
0x31,0xe8,0xf5,0xf0,0x4d,0xb0,0x85,0x6c,0x04,0xdf,0x02,0x1d,0xf0,0x1f,0x4f,0xa8,
0x00,0x2d,0x47,0x45,0xe2,0x04,0x4f,0x62,0x00,0x08,0xc6,0x41,0x10,0x40,0xed,0x10,
0xdf,0xe3,0xf1,0xb4,0x1f,0x4d,0xa0,0x0c,0x8f,0xf0,0x6f,0x00,0x00,0x2e,0x47,0x45,
0x19,0x00,0xf6,0xd2,0x46,0x31,0xd7,0xf5,0x30,0x22,0x90,0x3d,0xf0,0xd2,0x52,0x00,
0x37,0xef,0x08,0x0e,0x28,0x22,0x08,0x80,0x92,0x30,0x62,0x00,0x0e,0x2f,0xff,0x04,
0x81,0xc2,0x20,0x2e,0x36,0x6e,0x30,0x68,0x4f,0x31,0xb8,0xf6,0x52,0x0d,0x80,0xfe,
0xe3,0x30,0x22,0xa0,0x28,0x02,0x20,0x2f,0x20,0x20,0xe8,0xf3,0x2e,0x3c,0x2a,0x77,
0x39,0x40,0x42,0xa0,0x00,0x85,0x69,0x04,0x86,0xe6,0xff,0x00,0x8f,0x01,0xc1,0x08,
0xc1,0x4b,0x10,0x1e,0xe1,0x0a,0x7a,0x02,0x72,0x1e,0xc1,0x0e,0x72,0x03,0x72,0x04,
0x11,0x20,0x0d,0xf0,0x1f,0x22,0x80,0x82,0xd8,0x4f,0xf0,0xc9,0x31,0x0e,0x01,0xc4,
0x0a,0x1e,0x4a,0xc0,0x2c,0x20,0xc5,0x11,0x00,0x31,0xba,0xf5,0xb1,0xb8,0xf5,0x30,
0x32,0x90,0x32,0x13,0x00,0xb0,0x22,0x26,0x4f,0x83,0x2a,0x00,0x08,0x84,0xe8,0xfe,
0x50,0x35,0x92,0x1f,0x97,0xae,0x30,0x36,0x42,0x1a,0xaa,0x4a,0x2c,0xc0,0x05,0x00,
0x1e,0x01,0x04,0xb2,0x01,0x72,0x1f,0x10,0x64,0xc2,0xe8,0x14,0xf0,0x00,0x00,0x00,
0x04,0x11,0xf0,0x09,0x31,0x01,0xa9,0xf5,0x38,0x12,0x4e,0x52,0x00,0x02,0x12,0xbe,
0x40,0x23,0x21,0xc0,0x05,0x00,0x08,0x31,0x04,0x11,0x10,0x0d,0xf0,0x00,0x00,0x00,
0x4f,0x01,0x64,0xc8,0x21,0x4b,0x11,0x0e,0x01,0xc4,0x4a,0x00,0x92,0xdf,0xe3,0xcd,
0xc0,0x1f,0x47,0xa0,0x5f,0x83,0x98,0x08,0x01,0x41,0x08,0x05,0xd4,0x04,0x86,0x05,
0x00,0x00,0x00,0x00,0x1e,0x55,0x68,0x42,0x90,0xbb,0x9f,0x03,0x22,0x92,0xa2,0x94,
0x90,0xdf,0x45,0x5d,0xcc,0x1f,0x45,0xa0,0x1f,0x01,0xc0,0x80,0xc8,0x0e,0xf0,0x0d,
0xf0,0x00,0x00,0x00,0x0e,0x2f,0xff,0x04,0x81,0xc2,0x20,0x24,0x36,0x6e,0x45,0x68,
0x4d,0x31,0xb8,0xf6,0x52,0x0d,0x80,0x0e,0xe3,0x40,0x22,0xa0,0x28,0x02,0x20,0x20,
0x10,0x20,0xe8,0xf3,0x2e,0x30,0x8e,0x08,0xa0,0x90,0x42,0xa0,0x00,0x05,0x5a,0x04,
0x1f,0x01,0xc0,0x80,0xc8,0x0e,0xf0,0x0d,0xf0,0x00,0x00,0x00,0x0c,0x84,0x40,0x64,
0x00,0x7e,0x29,0x28,0x55,0x32,0xb9,0x38,0x02,0x0c,0x15,0x9e,0x03,0x40,0x14,0x42,
0xb3,0x04,0x33,0x01,0x39,0x02,0x0d,0xf0,0x5f,0x45,0x0e,0xc2,0x01,0x36,0xf1,0x49,
0x12,0x39,0x02,0x0d,0xf0,0x00,0x00,0x00,0x21,0x80,0xf5,0x38,0x02,0x48,0x12,0x0b,
0x33,0x39,0x02,0xcc,0x93,0x8c,0x74,0x0e,0x28,0x22,0x08,0x80,0x92,0x30,0x62,0x00,
0x0d,0xf0,0x00,0x00,0x6e,0x44,0xe8,0xcb,0x21,0xbc,0x7c,0xf2,0x52,0x14,0x00,0x04,
0x22,0x01,0x8f,0x85,0x0c,0x08,0x02,0x04,0xe8,0x37,0x95,0xef,0x0d,0xf0,0x00,0x00,
0x4f,0x82,0xb4,0x88,0x02,0x43,0x08,0x9f,0xe5,0xd0,0x58,0x02,0x56,0xa0,0x62,0xa0,
0xf6,0xdf,0x56,0xd9,0x8c,0x1f,0x57,0xa0,0x0e,0x68,0x23,0x18,0x80,0x92,0x70,0x67,
0x00,0xb1,0x62,0xf5,0xb0,0x85,0xb0,0x39,0x08,0x49,0x18,0x9f,0x37,0xa6,0x10,0x01,
0xd4,0xa0,0x0c,0x02,0x20,0x66,0x00,0x9f,0x86,0x00,0x08,0xc1,0x41,0x10,0x7c,0xf2,
0x20,0x21,0x41,0x20,0x75,0x10,0x0e,0x68,0x21,0x20,0x80,0x92,0x60,0x66,0x00,0xde,
0x95,0x69,0xca,0x9f,0x97,0x1f,0xaf,0x1b,0xa4,0x24,0x8c,0x91,0x4f,0x79,0xc3,0xec,
0x14,0x0e,0x80,0xee,0xb4,0x68,0x63,0x24,0xb1,0xae,0x20,0x69,0xdb,0x29,0x90,0xfe,
0xbb,0x3d,0xab,0xff,0x95,0x90,0x92,0x80,0x1f,0x2b,0x51,0xa0,0xc4,0x0c,0xf0,0x5f,
0x16,0x81,0x8a,0x25,0x0c,0xf1,0x4f,0x82,0x0f,0x00,0x05,0x04,0xe8,0x27,0x97,0xe7,
0xdf,0x2a,0x59,0xce,0x1f,0x47,0xa8,0xcf,0x5b,0x00,0x08,0xe1,0x49,0x10,0x39,0x09,
0x49,0x19,0xdc,0xb8,0x0e,0x28,0x22,0x08,0x80,0x92,0x30,0x62,0x00,0xcf,0x10,0x64,
0x4a,0xe1,0x51,0x10,0xb1,0x46,0xf5,0xb0,0x55,0x10,0xdf,0x56,0x4d,0x8c,0x1f,0x45,
0xa0,0x0d,0xf0,0x00,0x0e,0x28,0x21,0x18,0x80,0x92,0x60,0x66,0x00,0x71,0x37,0xf5,
0x70,0x75,0xb0,0x72,0xd7,0x07,0x32,0x67,0x2e,0x42,0x67,0x2f,0x37,0xe6,0x04,0x0c,
0x03,0x30,0x62,0x00,0x22,0xa0,0xf7,0x9f,0x10,0x64,0x4a,0xe9,0x95,0xb0,0x00,0x00,
0x04,0x11,0xf0,0x2e,0x37,0xe8,0x51,0x20,0x90,0x09,0x31,0x45,0xf0,0xff,0x1f,0x01,
0xc0,0x80,0xc8,0x0e,0xf0,0x0d,0xf0,0x00,0xbe,0x31,0xe8,0x51,0x22,0x94,0xce,0x5b,
0xe1,0x9e,0x87,0x92,0x30,0x32,0x10,0xdf,0x34,0xed,0xcc,0x1f,0x47,0xa0,0x5f,0x53,
0xe0,0x0c,0x01,0x43,0x00,0xfe,0x40,0xa9,0xc9,0x3f,0x95,0x52,0xa0,0xfa,0x1b,0x44,
0x9f,0x65,0x2e,0x84,0x02,0x04,0xe0,0x72,0x04,0x00,0x04,0x22,0x01,0x5a,0x77,0x8f,
0x73,0x5a,0x44,0xe2,0x3e,0xe7,0x86,0x00,0x00,0x00,0x0c,0x42,0x32,0xa0,0xfb,0x30,
0x22,0x36,0x0d,0xf0,0x4f,0x2f,0xfc,0xce,0x21,0x4b,0x11,0x9f,0xe3,0x7a,0x28,0x02,
0x54,0xa0,0x7e,0x4a,0x6b,0xd1,0x27,0x90,0x82,0xa0,0xfe,0xfe,0x43,0xd1,0xd0,0xbf,
0x97,0x4f,0x3b,0xcf,0x9c,0x07,0x50,0xa0,0x0f,0x53,0xfc,0x4c,0x00,0x4a,0xa0,0x51,
0x0a,0xf5,0x1b,0x65,0xdf,0x87,0x3a,0x84,0x03,0x04,0xe0,0x8f,0x96,0x12,0x00,0xc2,
0x0e,0xf0,0x04,0x66,0x01,0x7a,0x99,0x97,0xb3,0xe9,0x1f,0x0c,0x03,0x38,0xdb,0x45,
0xf0,0x00,0x00,0x00,0x8e,0x65,0x20,0x52,0x80,0x92,0x9f,0x5b,0xd8,0x96,0x2b,0x8d,
0xb1,0x8f,0x77,0x12,0x10,0xcc,0x8f,0xb0,0x3e,0xbd,0xe9,0xaf,0x27,0x90,0xfe,0x74,
0x10,0x22,0xb4,0xb2,0x8f,0x86,0xe6,0xcc,0x01,0x86,0xa0,0x8e,0x9a,0xe0,0x1e,0x93,
0xbe,0x6e,0x53,0xd1,0x30,0xbc,0xae,0xae,0x5e,0xea,0x2f,0x3a,0xb4,0xee,0x84,0x12,
0x22,0xb3,0xb2,0x60,0x60,0x60,0x76,0x86,0x11,0x68,0x04,0x3d,0xf0,0x8c,0x36,0x8c,
0x13,0x57,0x96,0x0b,0x8f,0x13,0xc0,0x20,0x22,0x0c,0xf1,0x0d,0xf0,0x00,0x00,0x00,
0x1e,0xf0,0x64,0x4b,0xa0,0x92,0x00,0x00,0x1f,0x26,0x18,0x80,0x38,0x4d,0xf1,0x09,
0x31,0x45,0x0b,0x00,0x0c,0x12,0x05,0x1b,0x00,0x00,0x00,0x00,0x04,0x11,0xb0,0x1f,
0xd1,0x90,0xc0,0xf5,0x0c,0xf0,0x8e,0x01,0xe0,0x42,0x00,0x92,0x1f,0xc1,0xd0,0xc0,
0xfe,0x0c,0xf0,0x39,0x91,0x49,0xa1,0x59,0xb1,0x69,0xc1,0x79,0xd1,0x09,0x71,0xb9,
0x61,0xd9,0x51,0xd1,0xe4,0xf4,0x00,0xc2,0x47,0x2d,0x0d,0x05,0x2a,0x01,0x1e,0x51,
0x08,0x5a,0x03,0x72,0x9f,0x71,0xc1,0x8a,0xc1,0x4b,0x10,0xae,0x2f,0x69,0x37,0x22,
0xbc,0x0c,0x08,0x89,0x01,0x85,0x16,0x00,0x4f,0x1d,0xa4,0x08,0xe6,0x51,0x10,0xc5,
0x2d,0x01,0x8f,0x01,0x41,0x48,0xc1,0x4b,0x10,0x1e,0xc1,0x26,0x72,0x01,0x76,0x1f,
0x10,0x64,0xc2,0xe8,0x15,0xf0,0x00,0x00,0x04,0x11,0xf0,0x8f,0xc1,0xd0,0x08,0xe6,
0x49,0x10,0x4f,0xd1,0x90,0x88,0xe6,0x49,0x10,0x5f,0x01,0x50,0x08,0xe1,0x49,0x10,
0x9f,0x31,0x19,0x88,0x22,0x49,0x11,0x05,0xa8,0x01,0x4f,0x30,0x18,0x30,0x29,0xcc,
0xb1,0x5e,0x01,0x00,0xca,0x06,0xba,0x9e,0xd1,0x07,0x32,0x01,0xbe,0x1f,0xc1,0xc0,
0x80,0xc8,0x0e,0xf0,0x0d,0xf0,0x00,0x00,0x1f,0x31,0x18,0x80,0x38,0x4d,0xf1,0x4f,
0xd1,0x90,0x88,0xe6,0x49,0x10,0xc2,0x61,0x03,0x02,0x61,0x01,0x85,0x03,0x00,0x4f,
0x02,0x34,0x48,0x06,0x41,0x08,0x9f,0x0c,0x65,0x08,0x01,0x41,0x08,0x0e,0x0c,0x46,
0x08,0x40,0x92,0x45,0x02,0x00,0x00,0x2d,0x47,0xc0,0x0c,0x00,0x0c,0x0c,0x8f,0x01,
0x41,0x08,0xc1,0x4b,0x10,0x1e,0xc1,0x06,0x72,0x01,0x72,0x1f,0x10,0x64,0xc2,0xe8,
0x14,0xf0,0x0c,0x12,0x05,0x0b,0x00,0x00,0x1f,0xba,0x98,0x80,0x30,0x4d,0xf1,0x5f,
0xd1,0x90,0x8a,0xe6,0x49,0x10,0x4f,0xe1,0x50,0x0a,0xe7,0x49,0x10,0x4f,0x01,0x12,
0x3a,0xf8,0x4d,0xf0,0xde,0xc1,0xcd,0xf2,0x1f,0x97,0x1f,0x0b,0xf8,0x4c,0x00,0x40,
0xa0,0x26,0x0d,0x16,0xc5,0x21,0x01,0x21,0xa5,0xf4,0x3d,0xf0,0x20,0xee,0xa0,0x22,
0xa0,0x01,0xce,0xde,0xc1,0x32,0x00,0x72,0xc5,0x27,0x01,0x8f,0x01,0x01,0x0a,0xc1,
0x4b,0x10,0x1e,0xd1,0x0c,0xba,0x02,0x72,0xc2,0x21,0x07,0x04,0x11,0x20,0x0d,0xf0,
0x04,0x11,0xe0,0x4f,0xc1,0xd0,0x0a,0xe6,0x49,0x10,0xd9,0x61,0xe9,0x51,0x09,0x41,
0x5f,0x83,0x00,0xc8,0x06,0x43,0x08,0xe1,0x97,0xf4,0x21,0x95,0xf4,0x3d,0x0e,0xc5,
0x7e,0x01,0xcf,0x1d,0xa5,0x88,0xe1,0x51,0x10,0x05,0x7e,0x01,0xee,0x23,0x69,0xbd,
0x21,0xbc,0x85,0x7d,0x01,0xd1,0x8f,0xf4,0x2d,0x0c,0xd0,0x3d,0x20,0xc5,0x7c,0x01,
0xbe,0x2f,0x2b,0xb5,0x21,0xbc,0x45,0x7c,0x01,0x0c,0x02,0x05,0x64,0x01,0x0c,0x62,
0x45,0xf0,0xff,0x0c,0x12,0x05,0x53,0x01,0x04,0x11,0xf0,0x09,0x31,0x05,0x19,0x04,
0x1f,0xf1,0x2c,0xcc,0x24,0x4b,0x11,0x0f,0xa0,0xbd,0xc6,0x30,0x4f,0xf1,0x1f,0xa1,
0x60,0x88,0xa5,0x51,0x10,0xb2,0x61,0x13,0x92,0x61,0x14,0x1f,0x01,0x12,0x06,0xe0,
0x8c,0xf0,0x1f,0xe1,0x92,0x06,0xe7,0x8c,0xf0,0x0f,0xc1,0x10,0x58,0xee,0x0c,0xf0,
0x8f,0xd1,0xd0,0x8e,0xe6,0x49,0x10,0xc9,0x91,0x9f,0x31,0x54,0xcc,0xe1,0x49,0x10,
0xc2,0x29,0x00,0x0e,0xf1,0xda,0x7a,0x00,0x92,0xcf,0x21,0x15,0x54,0xe1,0x4d,0xf0,
0xdf,0xf1,0x54,0xca,0xe2,0x49,0x10,0xcf,0xf1,0x14,0x4a,0xe2,0x49,0x10,0x22,0x61,
0x0b,0x85,0x1c,0x01,0x1f,0x11,0x0a,0x00,0x21,0x8c,0xf1,0x1f,0xf1,0xda,0x00,0xe7,
0x8c,0xf0,0x1f,0xc2,0xc0,0x42,0xf6,0x0f,0xf0,0x0f,0xc1,0x90,0x60,0xe1,0x4d,0xf0,
0xc1,0x68,0xf4,0xcf,0x21,0x91,0x04,0xe9,0x4d,0xf0,0x22,0x61,0x11,0xc6,0x00,0x00,
0x00,0x16,0x02,0x36,0xde,0x21,0x25,0x92,0x1f,0x97,0x9f,0x51,0x41,0xc8,0xc1,0x4b,
0x10,0x0c,0x0e,0x3e,0xf1,0xa0,0x12,0x12,0xbb,0x45,0xbe,0x02,0x4f,0x12,0x58,0x88,
0x07,0x41,0x08,0x22,0x0d,0x00,0xf0,0x20,0x00,0x20,0xfe,0x62,0x3e,0x21,0xe0,0x10,
0x00,0x92,0x52,0x21,0x38,0x32,0xc2,0xdb,0x40,0x33,0x62,0x9f,0x3f,0x8d,0x8e,0x01,
0x71,0x11,0xcf,0x3e,0x7d,0x38,0x02,0xc4,0xa8,0x22,0x21,0x39,0xc0,0x05,0x00,0x22,
0x61,0x39,0x1f,0x82,0x0c,0x08,0x28,0xa4,0xc8,0x02,0x21,0x43,0xf0,0x20,0x00,0xea,
0x30,0x32,0x61,0x43,0x9f,0x35,0x9b,0xb8,0x2e,0x8d,0xb1,0x0f,0x32,0xa6,0x3e,0xe0,
0x70,0xa7,0xf2,0xa0,0x00,0x9f,0xf1,0x59,0x08,0xe7,0x49,0x10,0xf0,0x20,0x00,0x45,
0xb4,0x01,0x32,0x0e,0x00,0x20,0x23,0x90,0x22,0x02,0x00,0x1f,0x52,0x38,0x88,0x10,
0xc0,0x60,0x02,0xa3,0xe8,0x20,0x22,0xa0,0x30,0x22,0x90,0x22,0xc2,0xd0,0x22,0x61,
0x41,0xcf,0x02,0x2f,0x46,0xe7,0x3c,0xe7,0x32,0x0e,0x00,0x8e,0x01,0x00,0x4b,0x01,
0x92,0xdf,0x23,0x92,0x0e,0x0f,0x44,0xa0,0x0b,0x20,0x37,0x32,0x07,0xf2,0x61,0x41,
0x06,0x01,0x00,0x00,0x00,0x04,0xde,0x01,0x00,0x2c,0x47,0xbe,0xe2,0xe8,0x11,0x20,
0x90,0x9e,0xf1,0xc3,0x0b,0x00,0x7a,0xf2,0x61,0x3f,0xf2,0x61,0x3e,0xf2,0x61,0x3d,
0xf2,0x61,0x3c,0xf2,0x61,0x3b,0xf2,0x51,0x8a,0x85,0x3d,0x04,0xac,0x42,0x4f,0xb1,
0xa0,0x34,0xc9,0xcc,0xb0,0x4f,0x3d,0x50,0x38,0xc1,0x8b,0xb0,0x9e,0x22,0x80,0x10,
0x00,0x92,0x1b,0xdd,0x8f,0x2b,0x0d,0x08,0x01,0x69,0x11,0x02,0x51,0x8a,0x45,0x3b,
0x04,0x56,0x92,0xfd,0x4e,0x2d,0x43,0x0a,0x01,0x92,0xae,0x71,0x26,0xd2,0x00,0x92,
0x9f,0x32,0xa1,0x0e,0x07,0x49,0x00,0x1e,0x31,0x14,0x9a,0x05,0x72,0xbe,0x47,0x16,
0xdb,0xea,0xbc,0xce,0x0b,0x22,0x90,0x81,0xba,0x8e,0xe0,0xa0,0x00,0x8a,0xbe,0xce,
0x81,0x95,0x90,0x23,0xba,0x38,0x03,0x0c,0x4e,0x3a,0x27,0x4b,0x47,0x42,0x61,0x33,
0x28,0x02,0x22,0x61,0x44,0x1e,0x12,0xc0,0x0c,0x41,0xce,0x0e,0x21,0xc9,0x3b,0x01,
0xbe,0x22,0x51,0x8a,0x9f,0x3d,0x53,0x00,0xc1,0x0e,0xf0,0x4f,0x1a,0x00,0x88,0xc6,
0x41,0x10,0x00,0x00,0xf2,0x61,0x44,0xc5,0xa4,0x01,0x32,0x0d,0x00,0x20,0x23,0x90,
0x22,0x02,0x00,0xf0,0x20,0x00,0x57,0xe2,0x5e,0xce,0x0f,0xfd,0x4e,0x81,0x92,0x9f,
0x23,0x9b,0x4e,0x01,0x48,0xa0,0x4e,0x2d,0x41,0x42,0x01,0x92,0xae,0x71,0x26,0xd2,
0x00,0x92,0x0f,0x32,0x3c,0x3c,0x00,0x4a,0xa0,0x1f,0x02,0x82,0x0e,0x05,0xd0,0x60,
0x9e,0x61,0x16,0xda,0x0a,0xbe,0x7e,0x47,0x15,0x7b,0xe0,0x90,0xae,0x56,0xf0,0x38,
0xaa,0xbe,0xf2,0xa0,0x20,0x40,0x7f,0x93,0x5e,0x47,0x0a,0x0a,0xc0,0x70,0x42,0x61,
0x33,0x30,0x27,0x80,0x04,0xdd,0x02,0x22,0x22,0x00,0x22,0x61,0x42,0x06,0x1a,0x00,
0x02,0x61,0x42,0x86,0x18,0x00,0x00,0x00,0x1e,0x1d,0x00,0x00,0x52,0x70,0x00,0x00,
0x04,0xde,0x01,0x05,0x9d,0x01,0x32,0x0e,0x01,0x20,0x23,0x90,0x22,0x02,0x00,0x00,
0xed,0x47,0x1f,0x52,0x04,0x40,0xf2,0xf0,0x67,0x7c,0xf4,0x3e,0x00,0xa8,0x50,0xb2,
0xbb,0x4f,0x40,0x34,0x4c,0xe1,0xfc,0x87,0x30,0x22,0x90,0x22,0xc2,0xd0,0x22,0x61,
0x44,0xc6,0xf2,0xff,0x04,0xdd,0x02,0x9e,0x05,0x01,0x38,0x41,0x90,0x04,0xdd,0x01,
0xf2,0x61,0x42,0x05,0x99,0x01,0x32,0x0d,0x00,0x20,0x23,0x90,0x22,0x02,0x00,0xf0,
0x20,0x00,0x9f,0x52,0xb5,0xc8,0x07,0x59,0x00,0x9f,0x3d,0x13,0x00,0xc7,0x0e,0xf0,
0x2e,0x22,0x66,0x7f,0x20,0x90,0x45,0x34,0x04,0x16,0x12,0x03,0xf2,0x21,0x09,0x8e,
0x08,0xa3,0x0a,0x83,0x92,0x22,0x0d,0x00,0x22,0x4f,0x00,0x0f,0x32,0x1a,0x7c,0x00,
0x42,0xa0,0x0f,0x02,0xb7,0x0e,0x03,0x42,0xa0,0x22,0x0d,0x01,0x08,0x91,0x4f,0x32,
0x9e,0x0e,0x03,0x42,0xa0,0x2d,0x00,0x9f,0x22,0x01,0x08,0xc7,0x04,0xf0,0x28,0x91,
0x9f,0xf2,0x01,0x08,0xe7,0x4b,0x10,0x46,0x05,0x00,0x00,0x00,0x22,0x0d,0x01,0x1f,
0x32,0x98,0xce,0x04,0xc0,0x60,0x9f,0x31,0xd9,0x0a,0x27,0x0c,0xf1,0x32,0x42,0x00,
0x1f,0x21,0x4a,0x00,0xc0,0x8e,0xf0,0x1f,0x41,0x84,0xc0,0xd2,0x0f,0xf0,0x1f,0x32,
0x6e,0x80,0x01,0x86,0xe8,0x4f,0x31,0x46,0xf8,0xde,0x4f,0xf0,0x1f,0xd1,0x58,0x90,
0xee,0x0d,0xf0,0x9f,0x51,0xc5,0x48,0xc1,0x4b,0x10,0x05,0xec,0x00,0x1f,0x4e,0x12,
0x00,0xc1,0x8e,0xf0,0x9f,0x01,0x65,0x8a,0x21,0x49,0x11,0x04,0x22,0xd8,0xc5,0x08,
0x00,0x9c,0x32,0x46,0x1c,0x00,0x00,0x00,0x0f,0x4e,0x10,0x20,0xc9,0x4f,0xf0,0x04,
0x33,0xc4,0x85,0x07,0x00,0x56,0xf2,0x05,0x1f,0x01,0xe6,0x00,0x21,0x8c,0xf1,0xcf,
0x82,0xa3,0xc0,0x26,0x0e,0xf1,0xc5,0xb0,0x00,0x96,0xf2,0x03,0x06,0x39,0xff,0x00,
0x00,0x06,0x06,0x00,0x04,0xdf,0x01,0xc5,0x89,0x01,0x32,0x0f,0x01,0x20,0x23,0x90,
0x22,0x02,0x00,0xf0,0x20,0x00,0x9f,0x52,0x1d,0xc8,0xe7,0x61,0x07,0x3e,0x3e,0xfc,
0x09,0x71,0x72,0x7c,0xf4,0x3e,0x22,0x18,0x10,0xb2,0xbb,0x0f,0x42,0x2a,0x4c,0xe1,
0x7c,0x87,0x22,0xc2,0xd0,0x22,0x61,0x42,0x06,0xf2,0xff,0x00,0xde,0x08,0x01,0x88,
0x5f,0x95,0x00,0x00,0x00,0x22,0x21,0x43,0x1e,0x01,0x1a,0xba,0x06,0x72,0x1e,0xd1,
0x1c,0x7a,0x07,0x72,0x1e,0x11,0x28,0x32,0x00,0x76,0x0d,0xf0,0x04,0x11,0xd0,0x8f,
0xe1,0x10,0x0c,0xe7,0x49,0x10,0x9f,0xc1,0x90,0x0c,0xe6,0x49,0x10,0x4f,0xd1,0x50,
0x8c,0xe6,0x49,0x10,0x8f,0xf1,0xd2,0x3a,0xf9,0x4c,0xf0,0xde,0x01,0xce,0xba,0x01,
0x92,0x8f,0x2f,0xe3,0x54,0x23,0x5a,0xa0,0x7e,0x42,0x25,0x5d,0x20,0x90,0xf2,0xa0,
0x6c,0x2e,0x42,0x9a,0x18,0xa1,0x92,0x8e,0x9c,0xa0,0x22,0x80,0x92,0x5e,0xa4,0x63,
0x28,0x80,0x92,0x28,0x02,0x0c,0x00,0x8e,0xf2,0x24,0xd3,0xa0,0x92,0x0e,0x2d,0x14,
0xd2,0x00,0x92,0x0e,0x5f,0x20,0x18,0x81,0x92,0x5f,0x82,0xac,0x50,0x01,0x06,0xe8,
0x0c,0x47,0x88,0x23,0x00,0x92,0x47,0xae,0xb8,0x1c,0x63,0xed,0xbc,0x7e,0xa3,0x73,
0x94,0xad,0xbe,0xb0,0x86,0x93,0x98,0x09,0x9a,0x98,0x70,0x09,0x10,0x0a,0x88,0x8b,
0x88,0x89,0x23,0x0e,0x8d,0x16,0x62,0x10,0xa3,0x2e,0x0d,0x03,0xb9,0x9f,0x55,0xf9,
0xbd,0xe6,0x18,0xcd,0x00,0x2d,0x47,0xc5,0x1c,0x04,0x22,0x92,0x00,0x5e,0x22,0xe5,
0x0e,0x41,0x92,0x32,0x1d,0x1e,0x0f,0x13,0x93,0x00,0x00,0x62,0xe0,0x0f,0x03,0x80,
0x48,0x01,0x62,0xa0,0x06,0x4a,0x00,0x00,0x9e,0x2d,0x17,0x7a,0x0f,0x7e,0x1e,0xe1,
0xc8,0xd2,0x03,0x92,0x0e,0xc1,0xd6,0xd2,0x00,0x92,0x5f,0x82,0xbc,0x10,0x01,0x1c,
0xe8,0x0e,0x6f,0x22,0x18,0x81,0x92,0x8e,0x9c,0xa0,0x22,0x80,0x92,0x1c,0x4a,0x5e,
0x45,0x03,0x28,0x40,0x90,0x08,0x23,0x00,0xc2,0x47,0xbe,0xf0,0x1c,0x43,0xef,0xbc,
0xfe,0xe3,0x31,0x9e,0xaf,0xbe,0xf0,0x07,0x93,0xc8,0x0c,0xca,0xc0,0x80,0xfc,0x10,
0xfe,0xf0,0x11,0x30,0xb6,0xb2,0x8b,0x00,0x09,0x23,0x8e,0xcc,0x03,0xba,0x00,0x72,
0xf9,0x1d,0x9e,0x0d,0x17,0x7a,0x0f,0x7e,0xc2,0x6d,0x00,0xe2,0xc0,0xff,0xe2,0x6d,
0x0b,0x0f,0x30,0x4f,0x40,0x00,0x50,0xe8,0x4f,0x4f,0x31,0x44,0xe3,0x72,0xa7,0x4f,
0x9f,0x80,0x4e,0x07,0x43,0x00,0xc8,0x23,0x00,0xf2,0x47,0x6e,0x0c,0x15,0x73,0xef,
0xbc,0x2e,0xe3,0xf2,0x2e,0xa8,0xbe,0x00,0xc7,0x93,0x4b,0xec,0xf8,0x0f,0x8e,0x4e,
0x03,0x38,0x50,0xb0,0x5f,0x0f,0x98,0x36,0x01,0xc2,0x60,0x8f,0xc5,0x2f,0xb8,0x17,
0x6f,0xf1,0xfe,0x03,0xb1,0x9e,0xaf,0xbe,0xf0,0xc7,0x93,0xe8,0x0e,0xca,0x0e,0x80,
0xe0,0x10,0xae,0x0e,0x11,0x38,0xb6,0xb2,0x8b,0xcc,0xc9,0x23,0xf8,0x10,0x2e,0x8e,
0xfc,0x76,0x40,0x70,0x4f,0xca,0xac,0x8e,0x07,0x6b,0x11,0x8f,0xe3,0xef,0x2e,0x10,
0x65,0xf1,0xb0,0x00,0x62,0x00,0xc7,0x93,0xf8,0x0f,0xe2,0xcc,0x04,0xc0,0x0f,0x80,
0x0e,0xe3,0xc6,0x3a,0x00,0x92,0x2e,0x66,0xfc,0x76,0x40,0x70,0x5e,0x04,0xe0,0x8a,
0x83,0x92,0x4f,0xf2,0x15,0x8e,0x03,0x62,0xa0,0x4e,0x08,0xa0,0x0a,0x83,0x92,0xdf,
0x2f,0x2d,0x8c,0x3f,0x65,0xa0,0x0f,0x0f,0xbc,0x4e,0x39,0xe1,0x80,0xc6,0xc2,0x00,
0x2c,0xd2,0x38,0x5d,0x8e,0x43,0x03,0xca,0xd1,0xb0,0x42,0x6d,0x05,0x22,0x43,0x00,
0x28,0x5d,0x00,0x3e,0x47,0x9f,0x2c,0xe1,0x0e,0x61,0x51,0x10,0xf9,0x4d,0x05,0x82,
0x01,0x46,0x00,0x01,0x9e,0xe1,0xcb,0x7a,0x0f,0x7e,0x8f,0x2d,0xc1,0x0c,0xc7,0x4b,
0x10,0xde,0x41,0xe1,0x1a,0x80,0x92,0x5f,0x82,0x88,0x50,0x01,0x1e,0xe8,0x0e,0x4a,
0x02,0x18,0x41,0x90,0x0e,0x53,0x04,0xb2,0x00,0x92,0x00,0x02,0x47,0xae,0xf5,0x1f,
0x53,0xee,0xbc,0xfe,0xc3,0x31,0x98,0xaf,0xbe,0xf0,0x57,0x93,0x08,0x00,0x0a,0x05,
0x80,0xf0,0x10,0xbe,0x0f,0x12,0xb8,0xb2,0xb2,0x8b,0x55,0x52,0x63,0x02,0x0e,0xc0,
0x02,0xba,0x00,0x72,0xf9,0x1d,0x9e,0x5d,0x17,0x7a,0x0f,0x7e,0xc2,0x6d,0x00,0x02,
0xc5,0xff,0x02,0x6d,0x0b,0x0f,0x35,0x6f,0x40,0x00,0x50,0xe8,0x4f,0x4f,0x2b,0x14,
0xe3,0x72,0xa7,0x4f,0x9f,0x80,0x4e,0x00,0x43,0x00,0xc8,0x23,0x00,0xf2,0x47,0x6e,
0x0c,0x15,0xf3,0xea,0xbc,0x2e,0x53,0xf2,0x2e,0xa8,0xbe,0x00,0xc7,0x93,0x4b,0x0c,
0xf8,0x0f,0x8e,0x50,0x03,0xb8,0x52,0xb0,0x5f,0x5f,0xa0,0x36,0x01,0xc2,0x60,0x8f,
0x50,0x5b,0xb8,0x37,0x4d,0xf1,0xde,0xc5,0x41,0x9b,0xaf,0xbe,0xfe,0x53,0x32,0x38,
0xa6,0xba,0x08,0x00,0xca,0x50,0x80,0x05,0x10,0xae,0x50,0x51,0x82,0xb7,0xb2,0x8b,
0xff,0xf9,0x23,0xf8,0x15,0xbe,0x8b,0xfc,0x76,0x40,0x70,0x00,0x4f,0xca,0x2c,0x88,
0x07,0x6b,0x11,0x8f,0x03,0xef,0xae,0x12,0x65,0xf1,0xb0,0x55,0x62,0x50,0xc7,0x93,
0xf8,0x0f,0x4b,0x0c,0xca,0x5f,0x09,0x23,0xc8,0x05,0xfe,0x66,0xfd,0xf6,0x4f,0xb4,
0x07,0x1f,0x06,0x0f,0x2f,0x87,0x06,0x20,0x40,0xe0,0xde,0xee,0x41,0x88,0x5f,0x95,
0x5e,0x04,0xe0,0x8a,0x83,0x92,0x4f,0xf2,0x05,0xce,0x03,0x78,0xa0,0x22,0xa0,0x62,
0x0f,0x2f,0x09,0x04,0x23,0x52,0xa0,0x0f,0x0f,0x8b,0x46,0x20,0x58,0xe0,0x22,0x9d,
0x00,0x29,0x0d,0x86,0x6c,0x00,0x2c,0x52,0x27,0x9e,0x10,0x38,0x5d,0x8e,0x43,0x03,
0xca,0xd1,0xb0,0x49,0x5d,0x22,0x43,0x00,0x86,0xb2,0x00,0x00,0x28,0x5d,0x8e,0x22,
0x01,0xca,0xd1,0xb0,0x29,0x5d,0x2c,0x54,0x42,0x43,0x00,0x9f,0x8e,0x2d,0xc8,0x22,
0xd2,0x68,0x8e,0x32,0x01,0x4a,0xd1,0xb0,0x39,0x5d,0xe2,0x42,0x00,0x46,0xa9,0x00,
0x00,0x00,0x8e,0x4d,0x15,0x4a,0x03,0x92,0x22,0x4d,0x3e,0xd6,0xd4,0x10,0x86,0x5b,
0x00,0x9e,0x0d,0x15,0x4a,0x0f,0x7e,0x5e,0x44,0x63,0x10,0x80,0x92,0x0f,0xf2,0x8e,
0x5e,0x00,0x78,0xa0,0x0e,0x4d,0x14,0x4a,0x00,0x92,0x0e,0x54,0x60,0x20,0x80,0x92,
0x5f,0x84,0xac,0x50,0x02,0x06,0xe8,0x0e,0x6b,0x22,0x18,0x81,0x92,0x82,0x23,0x02,
0x00,0xa4,0x47,0xbe,0x98,0x14,0xe3,0xed,0xbc,0x3e,0xb3,0xb1,0x9c,0xac,0xbe,0x90,
0x87,0x93,0x92,0xc8,0x04,0x4e,0x93,0xc5,0x2a,0x00,0x72,0x92,0x2d,0x0b,0xaa,0x88,
0x0b,0xf9,0x0e,0xfd,0xd5,0x62,0x00,0x72,0xe6,0x19,0xd1,0x9f,0x21,0x41,0x0c,0xe1,
0x49,0x10,0x7c,0xfc,0x1f,0x81,0x00,0x84,0xe9,0x0c,0xf0,0xc9,0xcd,0x45,0x56,0x00,
0xd6,0x22,0x22,0x46,0x88,0x00,0xbe,0x2d,0x7d,0x5a,0x0f,0x7e,0x6e,0x00,0x66,0x95,
0x20,0x90,0xcf,0x82,0x14,0x10,0x24,0x47,0x68,0x0e,0x37,0x40,0x02,0x41,0xbc,0x5e,
0x2d,0x17,0x52,0x00,0x92,0x2c,0x06,0x5f,0x82,0x98,0x50,0x21,0x14,0xe8,0x78,0x23,
0x00,0x92,0x47,0xae,0x87,0x16,0x5b,0xed,0xbc,0x2e,0xa3,0x73,0x14,0xac,0xbe,0x80,
0x76,0x93,0x4b,0x87,0x1e,0x83,0xc7,0x22,0x00,0x72,0x88,0xbd,0x9a,0x77,0x0b,0xf8,
0xde,0xfd,0xd6,0x5a,0x00,0x72,0xe6,0x18,0xd4,0x0e,0x7d,0xc0,0x0a,0x00,0x92,0x0e,
0x2d,0xc0,0xd2,0x01,0x92,0x9f,0x87,0x25,0xc8,0x22,0xc8,0x68,0xf2,0xa0,0x78,0x8e,
0x22,0x01,0xca,0xd1,0xb0,0x29,0x5d,0x42,0x43,0x00,0x28,0x5d,0x8e,0x22,0x01,0x4a,
0xd7,0xb0,0x29,0x5d,0xf2,0x4e,0x00,0x46,0x8c,0x00,0x00,0x00,0x00,0x42,0x0d,0x3e,
0x28,0xbd,0x5f,0x54,0x94,0x16,0x02,0x24,0xe0,0x96,0x32,0x06,0x5f,0xcd,0x84,0x90,
0x22,0x0c,0xf1,0x5e,0x64,0x63,0x18,0x80,0x92,0x82,0xa0,0x20,0x48,0x23,0x00,0xa5,
0x47,0xee,0x94,0x14,0xd3,0xed,0xbc,0x3e,0xb3,0xb3,0x9c,0xac,0xbe,0x90,0x48,0x93,
0x4b,0x94,0x4e,0x93,0xc5,0x2a,0x00,0x72,0x98,0x02,0xaa,0x44,0x0b,0xf9,0x8e,0xf2,
0xc0,0x12,0x00,0x72,0xe6,0x19,0xd4,0x9f,0x84,0x09,0x48,0x01,0x43,0x08,0x00,0x34,
0x47,0x05,0x48,0x00,0xde,0x12,0xa5,0xf6,0x5f,0x97,0x86,0x4e,0x00,0x07,0x1f,0x06,
0x0f,0x2f,0x9b,0x06,0x00,0x60,0xe0,0x28,0x0d,0xde,0xe7,0x01,0x08,0x49,0xb4,0x00,
0x7e,0x25,0x67,0x8b,0x20,0x90,0x06,0x13,0x01,0x22,0xa0,0xff,0x0e,0x3d,0x00,0x12,
0x00,0x92,0x49,0x1d,0x20,0x23,0x10,0x29,0x0d,0x1e,0x31,0x0a,0xd2,0x05,0x72,0x9e,
0x0d,0x01,0x4a,0x0e,0x7e,0x0e,0x4d,0x00,0x1a,0x01,0x92,0x0f,0x32,0x1f,0x98,0x03,
0x42,0xa0,0x7e,0x04,0xa8,0x58,0xa4,0xbe,0x9e,0x02,0x45,0x88,0x42,0x72,0x0f,0x78,
0xb4,0xd6,0x01,0x40,0xa0,0x9e,0x22,0x00,0x4a,0xd3,0xb0,0x29,0x5d,0x42,0x46,0x00,
0x28,0x5d,0x9e,0xf2,0x00,0x4a,0xd1,0xb0,0xf9,0x5d,0x32,0x42,0x00,0x28,0x5d,0x9e,
0xb9,0x00,0x88,0x57,0xb0,0x00,0x00,0x00,0x5f,0x80,0xb0,0x10,0x01,0x2e,0xe8,0x2c,
0x06,0x78,0x23,0x00,0x92,0x47,0xae,0x87,0x16,0x5b,0xed,0xbc,0x2e,0xa3,0x73,0x14,
0xac,0xbe,0x80,0x76,0x93,0x4b,0x87,0x1e,0x83,0xc7,0x22,0x00,0x72,0x88,0xbd,0x9a,
0x77,0x0b,0xf8,0xde,0xfd,0xd6,0x5a,0x00,0x72,0xe6,0x18,0xd4,0x06,0x51,0x00,0x00,
0x9e,0x22,0x29,0x48,0x42,0x72,0x1c,0x45,0x28,0x23,0x00,0x94,0x47,0xbe,0x82,0x14,
0x4b,0xed,0xbc,0x2e,0xa3,0x71,0x1c,0xac,0xbe,0x80,0x27,0x93,0x4b,0x82,0x1e,0x83,
0xc7,0x22,0x00,0x72,0x88,0xbd,0x9a,0x22,0x0b,0xf8,0x4e,0xfd,0xd4,0x4a,0x00,0x72,
0x29,0x4d,0xe6,0x18,0xd2,0xc6,0x46,0x00,0x22,0x0d,0x00,0x00,0x32,0x23,0xde,0x3d,
0xc3,0x0a,0x09,0xb6,0x29,0x1d,0x1e,0x22,0x82,0xce,0x42,0x72,0x42,0x1d,0x1e,0x5f,
0x14,0xad,0x48,0x01,0x40,0xa0,0x0f,0x04,0xa0,0x08,0x01,0x40,0xa0,0xc6,0x05,0x00,
0x28,0x1d,0x3e,0x12,0xbe,0x8b,0x62,0x72,0x2c,0xd2,0x58,0x5d,0xce,0x45,0x03,0xd2,
0xd2,0xb0,0x42,0x6d,0x05,0x22,0x45,0x00,0x28,0x5d,0x2a,0xfe,0x9f,0xfd,0x11,0x0a,
0xe1,0x49,0x10,0x85,0xae,0x01,0x0c,0x0c,0x8f,0x01,0x81,0x0a,0xc1,0x4b,0x10,0x1e,
0xe1,0x12,0xba,0x03,0x72,0x1e,0xc1,0x16,0xb2,0x04,0x72,0x04,0x11,0x30,0x0d,0xf0,
0xcf,0x45,0xd8,0x1c,0x01,0xde,0xa0,0x7e,0x27,0x27,0x11,0x20,0x90,0x0e,0x0d,0x14,
0x5a,0x01,0x92,0xae,0x24,0x98,0x90,0xa0,0x92,0x9e,0x7d,0x15,0xe2,0x05,0x72,0x9e,
0x9d,0x15,0xea,0x05,0x72,0x28,0x02,0xb8,0xbd,0x5f,0x12,0x24,0x52,0xe1,0x14,0xf0,
0x00,0x5f,0x8b,0xb8,0x10,0x21,0x1c,0xe8,0x5e,0x44,0x63,0x10,0x80,0x92,0x2c,0x06,
0x78,0x23,0x00,0x92,0x47,0xae,0x87,0x16,0x5b,0xed,0xbc,0x2e,0xa3,0x73,0x14,0xac,
0xbe,0x80,0x76,0x93,0x4b,0x87,0x1e,0x83,0xc7,0x22,0x00,0x72,0x88,0xbd,0x9a,0x77,
0x0b,0xf8,0xde,0xfd,0xd6,0x5a,0x00,0x72,0xe6,0x18,0xd4,0x9f,0x87,0x05,0x88,0x26,
0xd2,0x68,0x22,0x57,0x00,0x46,0xdb,0xff,0x09,0x1d,0x09,0x0d,0x9e,0x0d,0xbd,0x88,
0x02,0x72,0x0e,0x3a,0x20,0x90,0x80,0x92,0x9f,0x2c,0xa1,0x0e,0x61,0x51,0x10,0x0e,
0x3d,0xdc,0x92,0x07,0xbe,0xe9,0x4d,0x0e,0xfd,0xbf,0x8a,0x03,0x92,0xc5,0xa2,0x01,
0x86,0xd0,0xff,0x00,0x28,0x5d,0x8e,0x32,0x01,0x4a,0xd1,0xb0,0x39,0x5d,0x72,0x42,
0x00,0x46,0xcc,0xff,0x4e,0x02,0x03,0xce,0x40,0x92,0x42,0x2d,0x0c,0x96,0xb4,0x08,
0x32,0xa0,0x00,0x05,0xa7,0x03,0x16,0xe2,0x01,0x32,0x2d,0x04,0x4e,0x7f,0x02,0x08,
0x51,0xbc,0x00,0x00,0x9e,0x4d,0x19,0x8a,0x0f,0x7e,0x01,0xd0,0xf1,0x16,0x32,0x06,
0x0e,0x32,0x80,0x00,0x41,0xbc,0x00,0x00,0x9e,0x63,0x01,0x08,0x46,0x70,0x00,0x00,
0x4e,0x0d,0x14,0x52,0x03,0x92,0x5f,0x42,0xbc,0x16,0x01,0x14,0xe0,0x8f,0x80,0xa0,
0x90,0x20,0x40,0xa8,0x0e,0x5b,0x20,0x18,0x81,0x92,0x78,0x23,0x00,0x92,0x47,0xae,
0x87,0x16,0x5b,0xed,0xbc,0x2e,0xa3,0x73,0x14,0xac,0xbe,0x80,0x76,0x93,0x4b,0x87,
0x1e,0x83,0xc7,0x22,0x00,0x72,0x88,0xbd,0x9a,0x77,0x0b,0xf8,0xde,0xfd,0xd6,0x5a,
0x00,0x72,0xe6,0x18,0xd4,0x9f,0x87,0x31,0x88,0x06,0xf8,0x68,0x22,0x47,0x00,0xc6,
0xa8,0xff,0x00,0x00,0x21,0xb5,0xf1,0x29,0x4d,0xd6,0x34,0xf7,0x45,0xa5,0x00,0x9e,
0x2d,0xcd,0x52,0x07,0x6e,0x8e,0x3d,0x1a,0x92,0x00,0x92,0x8f,0x44,0x0e,0x50,0xf2,
0x91,0xa7,0x9f,0x32,0x9d,0x04,0x07,0xc0,0x60,0x20,0x23,0x27,0x29,0x6d,0x06,0x9d,
0xff,0x00,0x00,0x00,0x9f,0x54,0xdd,0x94,0xe2,0xca,0x6f,0x9f,0x83,0x4f,0x50,0xe3,
0xca,0x6f,0x20,0x20,0xc0,0x40,0x22,0xc0,0x50,0x22,0xc0,0x0f,0x32,0x6f,0x40,0xe0,
0x48,0xef,0x29,0x6d,0x86,0x93,0xff,0x00,0x8e,0x2d,0x14,0xd2,0x00,0x92,0x0e,0x5b,
0x20,0x18,0x81,0x92,0x5f,0x82,0x90,0x50,0x01,0x2e,0xe8,0x78,0x23,0x00,0x92,0x47,
0xae,0x87,0x16,0x5b,0xed,0xbc,0x2e,0xa3,0x73,0x14,0xac,0xbe,0x80,0x76,0x93,0x4b,
0x87,0x1e,0x83,0xc7,0x22,0x00,0x72,0x88,0xbd,0x9a,0x77,0x0b,0xf8,0xde,0xfd,0xd6,
0x5a,0x00,0x72,0xe6,0x18,0xd4,0x86,0x4b,0x00,0x5f,0x8a,0xa8,0x10,0x01,0x26,0xe8,
0x5e,0x44,0x63,0x10,0x80,0x92,0x2c,0x06,0x78,0x23,0x00,0x92,0x47,0xae,0x87,0x16,
0x5b,0xed,0xbc,0x2e,0xa3,0x73,0x14,0xac,0xbe,0x80,0x76,0x93,0x4b,0x87,0x1e,0x83,
0xc7,0x22,0x00,0x72,0x88,0xbd,0x9a,0x77,0x0b,0xf8,0xde,0xfd,0xd6,0x5a,0x00,0x72,
0xe6,0x18,0xd4,0x86,0x1d,0x00,0x5f,0x89,0xac,0x50,0x01,0x1e,0xe8,0x5e,0x44,0x63,
0x10,0x80,0x92,0x2c,0x06,0x78,0x23,0x00,0x92,0x47,0xae,0x87,0x16,0x5b,0xed,0xbc,
0x2e,0xa3,0x73,0x14,0xac,0xbe,0x80,0x76,0x93,0x4b,0x87,0x1e,0x83,0xc7,0x22,0x00,
0x72,0x88,0xbd,0x9a,0x77,0x0b,0xf8,0xde,0xfd,0xd6,0x5a,0x00,0x72,0xe6,0x18,0xd4,
0x06,0x2d,0x00,0x5f,0x88,0xb4,0x10,0x01,0x16,0xe8,0x5e,0x44,0x63,0x10,0x80,0x92,
0x2c,0x06,0x78,0x23,0x00,0x92,0x47,0xae,0x87,0x16,0x5b,0xed,0xbc,0x2e,0xa3,0x73,
0x14,0xac,0xbe,0x80,0x76,0x93,0x4b,0x87,0x1e,0x83,0xc7,0x22,0x00,0x72,0x88,0xbd,
0x9a,0x77,0x0b,0xf8,0xde,0xfd,0xd6,0x5a,0x00,0x72,0xe6,0x18,0xd4,0x16,0x07,0x08,
0x28,0xdd,0x29,0x07,0x20,0x2f,0x31,0x29,0x17,0x46,0x52,0xff,0x00,0x5f,0x87,0xa0,
0x10,0x01,0x0e,0xe8,0x5e,0x44,0x63,0x10,0x80,0x92,0x2c,0x06,0x78,0x23,0x00,0x92,
0x47,0xae,0x87,0x16,0x5b,0xed,0xbc,0x2e,0xa3,0x73,0x14,0xac,0xbe,0x80,0x76,0x93,
0x4b,0x87,0x1e,0x83,0xc7,0x22,0x00,0x72,0x88,0xbd,0x9a,0x77,0x0b,0xf8,0xde,0xfd,
0xd6,0x5a,0x00,0x72,0xe6,0x18,0xd4,0x46,0x0b,0x00,0x96,0x30,0x03,0x78,0x23,0x00,
0x92,0x47,0xae,0x87,0x16,0x5b,0xed,0xbc,0x2e,0xa3,0x73,0x14,0xac,0xbe,0x80,0x76,
0x93,0x4b,0x87,0x1e,0x83,0xc7,0x22,0x00,0x72,0x88,0xbd,0x9a,0x77,0x0b,0xf8,0xde,
0xfd,0xd6,0x5a,0x00,0x72,0xe6,0x18,0xd4,0x8c,0x57,0x28,0xdd,0x29,0x07,0x06,0x35,
0xff,0x21,0x3f,0xf1,0x1c,0x83,0xc5,0x75,0x00,0x7c,0xf3,0x6e,0xc9,0x3e,0x4e,0x46,
0xbd,0x00,0x00,0x00,0x1f,0xf1,0x2c,0xcc,0x24,0x4b,0x11,0x0f,0xa0,0xbd,0xc6,0x30,
0x0f,0xf1,0x1f,0xa1,0x60,0x88,0xa5,0x51,0x10,0xf0,0x20,0x00,0xb2,0x61,0x14,0x92,
0x61,0x15,0x4e,0xc1,0xe0,0x72,0x06,0x72,0x4e,0xe1,0xdc,0x7a,0x07,0x72,0x5f,0xd1,
0x10,0xc8,0xe6,0x49,0x10,0x4f,0xf1,0x90,0x8e,0xe7,0x49,0x10,0x02,0x61,0x0d,0x85,
0x33,0x00,0x4f,0x30,0x18,0x38,0x29,0x8d,0xb1,0x1f,0x01,0x18,0x02,0x37,0x0d,0xf1,
0x32,0x61,0x07,0x39,0x61,0x29,0xa1,0x8f,0x02,0xf8,0x54,0x00,0x40,0xa0,0x22,0x1f,
0x1e,0x40,0x22,0x10,0x1e,0x32,0x00,0x48,0x45,0x72,0x45,0xce,0x00,0xdc,0x02,0xde,
0xe8,0x03,0xb8,0x5f,0x95,0x00,0x00,0x00,0xcf,0x30,0x19,0x0a,0x21,0x49,0x11,0x39,
0xa1,0xde,0xf1,0xd3,0xba,0x1f,0x97,0x1e,0x21,0xd2,0x7a,0x11,0xbb,0x8e,0xe1,0xe5,
0x0a,0x16,0xb3,0x1f,0x01,0x18,0x64,0xaf,0x0c,0xf0,0x0f,0x3c,0x66,0x78,0x00,0x50,
0xa8,0x09,0xc1,0xe2,0x61,0x13,0xde,0xf1,0xd7,0xfa,0x1f,0x97,0x22,0x21,0x0c,0x1e,
0x3d,0xc0,0x90,0x01,0x76,0x85,0x63,0x00,0x4f,0x82,0x9c,0x48,0x07,0x51,0x08,0x02,
0x1d,0x00,0xf0,0x20,0x00,0xcc,0x50,0xcf,0x3e,0x43,0x38,0x1f,0x55,0xe8,0x1f,0xec,
0x2e,0x3e,0x04,0xc8,0x60,0x48,0xa1,0x28,0x5f,0x0c,0x00,0xe0,0x32,0x80,0x1f,0x34,
0x7a,0xcc,0x04,0xc0,0x60,0xdf,0x0f,0x91,0x0e,0xe1,0x49,0x10,0x45,0x08,0x00,0x4f,
0x82,0xb0,0x88,0x07,0x49,0x08,0xf9,0xb1,0xf8,0x81,0x0c,0x02,0x22,0x6f,0x05,0x1e,
0x01,0x12,0x4a,0x06,0x72,0x00,0x4e,0x47,0x2a,0x20,0xc5,0x54,0x03,0x28,0x5f,0xe0,
0xcc,0x27,0xea,0x22,0x29,0x5f,0xde,0x2d,0xc3,0xb8,0x1f,0x97,0x04,0xdd,0x02,0x8c,
0x52,0x0f,0x1c,0x4f,0x40,0xe0,0x70,0xef,0x22,0x21,0x0b,0x4e,0x32,0x00,0xce,0x47,
0xbe,0x1e,0x21,0x12,0x8a,0x04,0x72,0xc5,0x03,0x00,0x4f,0x82,0xd8,0xc8,0x07,0x41,
0x08,0x22,0x21,0x08,0x0c,0x0f,0xf9,0xe2,0xf2,0x62,0x05,0x1e,0x21,0x26,0x8a,0x04,
0x72,0x5f,0x23,0x0e,0x0c,0x01,0xc4,0xa0,0xc5,0xa0,0x00,0xdf,0x01,0x41,0x0e,0xc1,
0x4b,0x10,0x1e,0xe1,0x1e,0x7a,0x07,0x72,0x1e,0xc1,0x22,0x72,0x00,0x76,0x12,0x21,
0x15,0x0d,0xf0,0x00,0x1f,0x42,0x40,0x82,0xd0,0x4f,0xf0,0x4f,0xd1,0x10,0x8a,0xe6,
0x49,0x10,0x4e,0x01,0xc0,0x42,0x07,0x72,0x4e,0xc1,0xc8,0x5a,0x03,0x72,0x4e,0x52,
0x0c,0x72,0x04,0x72,0x0e,0xe1,0xc4,0x52,0x11,0xbe,0x4e,0xed,0x10,0x5a,0x11,0xbe,
0x4e,0xf1,0xc6,0x12,0x11,0xbe,0x4e,0xfd,0x14,0x32,0x11,0xbe,0x4e,0x7d,0xfc,0x38,
0x11,0xbe,0x4e,0x54,0x22,0x38,0x96,0xbe,0xde,0xc1,0xce,0x52,0x01,0xb3,0x0f,0x3c,
0x7e,0x38,0x01,0x42,0xa8,0x9e,0x32,0xc5,0xca,0x41,0x72,0x32,0x61,0x06,0xae,0xee,
0x23,0xbf,0x2f,0xb5,0xcf,0x5d,0x81,0x88,0xc1,0x4b,0x10,0xae,0xff,0x2b,0x7a,0xb6,
0xbe,0xc0,0x05,0x00,0x29,0x3d,0x16,0x42,0x17,0x38,0xdd,0x2e,0xf3,0xd2,0x38,0xa1,
0x92,0x39,0xdd,0x8f,0x1c,0x7b,0xf8,0xff,0xbd,0xaf,0x9e,0x31,0x0d,0x92,0x02,0x72,
0xa6,0x14,0x18,0x9e,0x2d,0x07,0x52,0x01,0x72,0x3d,0xf0,0xc0,0x05,0x00,0x29,0x3d,
0x9e,0x02,0xa9,0x8c,0x42,0x72,0x38,0xdd,0x2a,0x23,0x29,0xdd,0x9e,0x2d,0x07,0x7a,
0x03,0x72,0x2e,0xca,0xe0,0x3d,0x21,0x90,0xdf,0x3f,0x59,0x38,0x1f,0x87,0xa8,0x8f,
0x5d,0x81,0x88,0xc1,0x4b,0x10,0xe0,0x4e,0x20,0xc0,0x05,0x00,0x22,0x6d,0x03,0xde,
0x02,0xe1,0xfc,0x57,0xbe,0x32,0x2d,0x0d,0x2e,0xe3,0xd0,0x38,0xa1,0x92,0x32,0x6d,
0x0d,0xdf,0x1f,0x75,0x38,0xff,0xbd,0xaf,0x9e,0x4d,0x0f,0x52,0x01,0x72,0x28,0x3d,
0x9f,0x34,0x6b,0x08,0x02,0xc0,0x68,0xc0,0x05,0x00,0x29,0x3d,0x9e,0x02,0x9d,0x8e,
0x43,0x72,0x38,0xdd,0x2a,0x23,0x29,0xdd,0x9e,0x2d,0x07,0x7a,0x04,0x72,0x2e,0xc3,
0xa0,0x3d,0x21,0x90,0xdf,0x3f,0x59,0x38,0x1f,0x87,0xa8,0x8f,0x5d,0x81,0x88,0xc1,
0x4b,0x10,0xe0,0x4e,0x20,0xc0,0x05,0x00,0x22,0x6d,0x03,0xde,0x02,0xd5,0xfe,0x57,
0xbe,0x32,0x2d,0x0d,0x2e,0xe3,0xd0,0x38,0xa1,0x92,0x32,0x6d,0x0d,0xdf,0x1f,0x75,
0x38,0xff,0xbd,0xaf,0x9e,0x3d,0x09,0x92,0x04,0x72,0x9e,0x5d,0x0d,0x5a,0x01,0x72,
0x9f,0x34,0x71,0x88,0x01,0xc0,0x68,0x5a,0x33,0xc0,0x06,0x00,0x29,0x3d,0x9e,0x02,
0x11,0x8e,0x44,0x72,0x38,0xdd,0x20,0x23,0x80,0x22,0x6d,0x0d,0x9e,0x2d,0x07,0x7a,
0x05,0x72,0x2e,0xca,0x20,0x3d,0x21,0x90,0xdf,0x3f,0x59,0x38,0x1f,0x87,0xa8,0x8f,
0x5d,0x81,0x88,0xc1,0x4b,0x10,0xe0,0x4e,0x20,0xc0,0x05,0x00,0x22,0x6d,0x03,0xde,
0x02,0xc9,0xfc,0x57,0xbe,0x32,0x2d,0x0d,0x2e,0xe3,0xd0,0x38,0xa1,0x92,0x32,0x6d,
0x0d,0xdf,0x1f,0x75,0x38,0xff,0xbd,0xaf,0x0e,0xe1,0x0c,0x72,0x00,0x92,0x2c,0x0f,
0x8f,0x3e,0x7a,0x08,0x00,0x42,0xa8,0xce,0x2d,0xff,0xb8,0x0f,0xb7,0x30,0x22,0x10,
0x9e,0x02,0x05,0x8e,0x41,0x72,0xdf,0x5d,0x81,0x08,0xc2,0x4b,0x10,0xee,0x32,0xe3,
0x3b,0x37,0xbc,0xc0,0x05,0x00,0x29,0x3d,0x9c,0x22,0x38,0xdd,0x2e,0xf3,0xd2,0x38,
0xa1,0x92,0xce,0x3d,0xdb,0xfa,0x0f,0xb7,0xe6,0x1e,0xda,0x46,0x00,0x00,0x7c,0xfc,
0x8f,0x01,0x41,0x08,0xc1,0x4b,0x10,0x1e,0xe1,0x06,0x7a,0x01,0x72,0x1e,0xc1,0x0a,
0x72,0x02,0x72,0x04,0x11,0x20,0x0d,0xf0,0x04,0x11,0xf0,0x21,0x65,0xf0,0x09,0x31,
0x28,0x02,0x16,0x22,0x00,0xc0,0x02,0x00,0x21,0x63,0xf0,0x08,0x31,0x04,0x11,0x10,
0x4e,0xf0,0x64,0x4b,0xa0,0x7a,0x00,0x00,0x04,0x11,0xf0,0x21,0x5f,0xf0,0xc9,0x31,
0x09,0x21,0xc1,0x5e,0xf0,0x22,0x22,0x00,0x8e,0x02,0xc5,0x08,0x44,0x56,0x05,0x59,
0x03,0x0c,0x00,0x8f,0x0c,0x01,0x48,0xe1,0x4b,0x10,0x45,0x58,0x03,0x04,0x2c,0x04,
0xc5,0x57,0x03,0x04,0x2c,0x08,0x85,0x57,0x03,0x04,0x2c,0x0c,0x05,0x57,0x03,0x1e,
0x01,0x04,0xb2,0x01,0x72,0x1f,0x10,0x64,0xc2,0xe8,0x14,0xf0,0x04,0x11,0xf0,0xc2,
0x61,0x03,0xc1,0x4e,0xf0,0x02,0x61,0x02,0x31,0x4c,0xf0,0x22,0x0c,0x14,0x5e,0x32,
0x84,0x4a,0x40,0x72,0x8f,0x82,0x15,0x20,0x09,0x06,0xe8,0x05,0x54,0x03,0x00,0x2c,
0x47,0x85,0x53,0x03,0x04,0x2c,0x04,0x45,0x53,0x03,0x04,0x2c,0x08,0xc5,0x52,0x03,
0x04,0x2c,0x0c,0x85,0x52,0x03,0x3e,0x22,0x20,0x03,0x20,0x90,0x02,0x4c,0x10,0x45,
0xaa,0x00,0x22,0xa0,0x01,0x22,0x4c,0x14,0x04,0x2c,0x18,0x85,0x51,0x03,0x1e,0x01,
0x04,0xb2,0x01,0x72,0x1f,0x10,0x64,0xc2,0xe8,0x14,0xf0,0x00,0x04,0x11,0xf0,0x21,
0x37,0xf0,0x02,0x61,0x03,0x22,0xc2,0x18,0xc5,0x4f,0x03,0x02,0x21,0x03,0x04,0x11,
0x10,0x80,0x00,0x00,0x04,0x11,0xf0,0xc2,0x61,0x03,0xc1,0x30,0xf0,0x4f,0xd1,0x90,
0x88,0xe6,0x49,0x10,0x02,0x61,0x01,0x21,0x2c,0xf0,0x32,0x0c,0x14,0x56,0x43,0x03,
0x28,0x02,0x8f,0x82,0x15,0x20,0x09,0x06,0xe8,0x05,0x4c,0x03,0x00,0x2c,0x47,0xc5,
0x4b,0x03,0x04,0x2c,0x04,0x45,0x4b,0x03,0x04,0x2c,0x08,0x05,0x4b,0x03,0x04,0x2c,
0x0c,0x85,0x4a,0x03,0x3e,0x23,0xa0,0x01,0x20,0x90,0x02,0x4c,0x10,0x45,0xa2,0x00,
0x0c,0x12,0x22,0x4c,0x14,0x32,0x0c,0x10,0x0c,0x42,0x56,0x13,0x00,0x0c,0x02,0x9f,
0x2d,0x8d,0x34,0x01,0x81,0xa0,0xc5,0x48,0x03,0x1e,0x01,0x02,0x72,0x01,0x72,0x1f,
0xc1,0xc0,0x80,0xc8,0x0e,0xf0,0x0d,0xf0,0x04,0x11,0xf0,0x31,0x14,0xf0,0x09,0x31,
0x52,0x03,0x10,0x0c,0x44,0x56,0x25,0x00,0x42,0xa0,0x00,0x4f,0x42,0x8e,0x0c,0x01,
0x81,0xa0,0x45,0x46,0x03,0x08,0x31,0x04,0x11,0x10,0x0d,0xf0,0x04,0x11,0xe0,0x1f,
0x31,0x10,0x82,0xe9,0x0c,0xf0,0x8e,0x41,0xc9,0x52,0x00,0x92,0x02,0x61,0x07,0x52,
0x61,0x06,0x45,0x15,0x03,0x02,0x21,0x07,0x04,0x11,0x20,0x0d,0xf0,0x00,0x00,0x00,
0x4f,0x01,0x60,0xc8,0x24,0x4b,0x11,0x5f,0xd1,0xd0,0x8a,0xe6,0x49,0x10,0x9e,0xf1,
0xca,0x7a,0x00,0x72,0x0e,0xc1,0xd0,0x32,0x00,0x92,0x0e,0xe1,0xcc,0x3a,0x00,0x92,
0x0e,0x01,0xc8,0x0a,0x00,0x92,0xde,0x61,0xd7,0x4a,0x00,0x92,0x5e,0x0f,0x14,0xa0,
0x59,0xae,0x16,0xa9,0x0c,0x8e,0x91,0xd4,0x0a,0x03,0x7a,0x49,0x91,0x46,0x08,0x00,
0x9f,0x1d,0x24,0x0a,0xe7,0x51,0x10,0x30,0x42,0x93,0x0e,0x48,0x00,0x14,0x1e,0x43,
0x8e,0xc0,0x23,0x98,0x89,0xbe,0xee,0x28,0x8d,0x08,0xb2,0xb9,0x30,0x04,0xea,0x56,
0x33,0x0c,0x1f,0x22,0xd6,0x8c,0x05,0xd0,0x68,0x30,0x22,0xa0,0xf8,0x02,0x16,0xef,
0x07,0x45,0xdf,0xff,0x27,0xae,0x78,0xfe,0xd0,0x1c,0x88,0xbf,0x94,0x6e,0xf0,0xd6,
0x38,0xb9,0xae,0x9f,0xc2,0x11,0x4e,0x03,0x4b,0x00,0xde,0x23,0xc3,0x90,0x07,0x92,
0x00,0x55,0x11,0xde,0x02,0x49,0x4c,0x42,0x42,0x8e,0x62,0x1d,0x89,0x67,0x40,0x9e,
0x01,0x15,0x12,0x13,0xb7,0xee,0x20,0xdc,0x20,0xba,0xac,0xcf,0x54,0x23,0x82,0xa2,
0x14,0xf0,0x1e,0x46,0x1e,0x5d,0x60,0x90,0x0f,0x40,0x6c,0x7e,0xac,0x8f,0xb0,0xcf,
0xd2,0xba,0xf8,0xf6,0x2e,0xa7,0x0c,0x03,0x8f,0x8a,0xff,0x46,0xc6,0x06,0xf0,0x00,
0xde,0x09,0x05,0xce,0x47,0x96,0x4e,0x0f,0x62,0x20,0x99,0xae,0x0f,0xd2,0xfa,0x16,
0x11,0x06,0x80,0x8f,0xd2,0xd3,0x76,0x01,0x0c,0xa0,0x4e,0x4e,0x02,0x08,0x40,0x90,
0xfe,0x29,0x1f,0xcf,0x2f,0x94,0x7c,0xfe,0x28,0x02,0x39,0x02,0xc6,0x31,0x00,0x00,
0x29,0x14,0x29,0x04,0x28,0x05,0x22,0x12,0x00,0x4e,0xba,0x02,0x08,0x47,0xb1,0x00,
0x0c,0x0e,0xe9,0x14,0xe9,0x04,0x46,0x2b,0x00,0x00,0x00,0x00,0x1f,0xd9,0x03,0x00,
0xe2,0x0e,0xf0,0x46,0x27,0x00,0x38,0x91,0x22,0x53,0x03,0x06,0x26,0x00,0x00,0x00,
0xce,0xf0,0x3e,0x76,0x91,0xbb,0x4e,0x31,0x22,0x38,0x81,0xbe,0x5f,0x19,0x02,0x0a,
0x23,0x8c,0x91,0x4e,0xf6,0x9a,0xca,0xb2,0xbb,0x2e,0x76,0x36,0x8b,0xef,0x40,0x22,
0x49,0x00,0x0f,0x9f,0x40,0x08,0x44,0x40,0xb0,0xdf,0x17,0xa4,0xec,0xfb,0x55,0xf0,
0xd0,0x30,0x91,0x30,0x30,0x54,0x2a,0x63,0x8f,0x64,0x02,0x00,0xe2,0x0e,0xf0,0x9f,
0x85,0x21,0xc8,0x01,0x49,0x08,0x76,0x95,0x4a,0xfe,0x67,0x36,0x03,0xf1,0xc0,0xce,
0x33,0x4e,0x43,0xb1,0xc2,0x2e,0x76,0x36,0x93,0xea,0x41,0xde,0x33,0x8e,0x43,0xb1,
0xc2,0xbe,0x77,0x34,0x8b,0xf2,0xb0,0x7e,0x60,0x16,0x0c,0xa3,0xc8,0xfe,0x77,0x36,
0x03,0xf1,0xc0,0x0e,0x54,0x01,0x8c,0x12,0xb2,0x7e,0x60,0x96,0x0a,0xa4,0xc8,0xce,
0x54,0x00,0xcc,0x12,0xb2,0x0e,0x54,0x04,0xa4,0x0a,0x43,0x2a,0x55,0x8f,0x54,0xc0,
0x10,0xe2,0x0e,0xf0,0x90,0xe4,0x27,0xcf,0x01,0x01,0x0a,0xc1,0x4b,0x10,0x1e,0xe1,
0x0e,0xba,0x02,0x72,0x1e,0xc1,0x12,0xb2,0x03,0x72,0x04,0x11,0x30,0x0d,0xf0,0x00,
0x04,0x11,0xe0,0xf9,0x41,0xf1,0x8c,0xef,0x5f,0xd1,0x90,0x8a,0xe6,0x49,0x10,0x8f,
0xc1,0xd0,0x0a,0xe6,0x49,0x10,0xe9,0x51,0x38,0x0f,0x02,0x61,0x03,0x4f,0x83,0x0c,
0x08,0x07,0x41,0x08,0xc0,0x03,0x00,0x0e,0x0e,0x02,0x78,0x40,0x92,0x21,0x83,0xef,
0xf1,0x84,0xef,0x28,0x02,0x16,0x22,0x00,0xc0,0x02,0x00,0xee,0x52,0x1d,0x7d,0x21,
0xbc,0x8f,0x1d,0xe5,0x08,0xe2,0x51,0x10,0x00,0x6f,0x47,0x45,0xdd,0xff,0x1e,0x01,
0x06,0x7a,0x02,0x72,0x1e,0xd1,0x0c,0xba,0x02,0x72,0xc8,0x71,0x04,0x11,0x20,0x0d,
0xf0,0x00,0x00,0x00,0x04,0x11,0xf0,0xc9,0x31,0xd2,0x61,0x02,0x02,0x61,0x01,0x4f,
0x82,0x1c,0x08,0x06,0x41,0x08,0x45,0x1e,0x03,0x20,0x2c,0x36,0x22,0x02,0x00,0x8c,
0x12,0xc1,0x71,0xef,0x21,0x72,0xef,0xd1,0x57,0xef,0x32,0xa0,0x00,0x52,0x22,0x00,
0x00,0x2c,0x47,0x4e,0x05,0x40,0x14,0x41,0x92,0xc0,0x05,0x00,0x06,0x05,0x00,0x00,
0x9f,0x1c,0xa5,0x88,0xe1,0x51,0x10,0x45,0x2d,0x00,0x9f,0x2a,0x19,0x88,0x21,0x49,
0x11,0x85,0x24,0x00,0x1e,0x01,0x02,0x72,0x01,0x72,0x4e,0xc1,0x04,0x4a,0x01,0x92,
0x1f,0x10,0x64,0xc2,0xe8,0x14,0xf0,0x00,0x04,0x11,0xf0,0xc9,0x31,0x09,0x21,0x9f,
0x83,0x14,0x08,0x06,0x41,0x08,0x21,0x5e,0xef,0x38,0x03,0x39,0x02,0x21,0x5d,0xef,
0x49,0x02,0xc5,0x09,0x00,0x8c,0x1c,0xc0,0x0c,0x00,0x1e,0x01,0x04,0xb2,0x01,0x72,
0x1f,0x10,0x64,0xc2,0xe8,0x14,0xf0,0x00,0x04,0x11,0xe0,0xc2,0x61,0x07,0x31,0xdf,
0xee,0xd2,0x61,0x06,0xe2,0x61,0x05,0x09,0x41,0x4f,0x83,0x0c,0x08,0x06,0x41,0x08,
0x85,0x92,0x03,0xd1,0x51,0xef,0xe1,0x51,0xef,0x28,0x1d,0xce,0x3e,0x01,0x52,0x00,
0x72,0x16,0x42,0x05,0x5f,0x43,0x68,0x4c,0x01,0xc6,0x80,0x04,0x03,0x01,0x4e,0x0e,
0xc0,0x4a,0x00,0x72,0xc0,0x02,0x00,0xce,0x2e,0x03,0x4a,0x00,0x72,0x48,0x1d,0x4f,
0x32,0x74,0x84,0x00,0x40,0x60,0x40,0x32,0xa0,0x09,0x1e,0x38,0x03,0xc0,0x03,0x00,
0xc6,0xf8,0xff,0x30,0x32,0xa0,0x29,0x0d,0x38,0x03,0xc0,0x03,0x00,0x22,0x2d,0x00,
0x32,0x2d,0x01,0x6e,0x32,0x3c,0x8f,0x7f,0x57,0x28,0x2d,0x01,0x3d,0xef,0x9e,0x02,
0xc1,0x8a,0x40,0x72,0x8c,0x10,0x05,0x30,0x00,0x00,0x2c,0x47,0x85,0xa4,0xfe,0x00,
0x21,0x2d,0xef,0x31,0x38,0xef,0xb1,0x38,0xef,0x0c,0x14,0x39,0x02,0x42,0x63,0x1b,
0xb9,0x13,0x0d,0xf0,0xfe,0x78,0xdd,0xd1,0x27,0x90,0x61,0x35,0xef,0x51,0x33,0xef,
0x04,0x32,0xfc,0x07,0xe2,0x05,0x17,0xe2,0x0d,0xc6,0x07,0x00,0x82,0x03,0x04,0x04,
0x33,0x01,0xac,0xc8,0x17,0x63,0x14,0x04,0x33,0x02,0x88,0x03,0x67,0x08,0x32,0x77,
0x88,0x09,0x04,0x33,0x03,0x20,0x23,0xc0,0x0d,0xf0,0x00,0x00,0x0c,0x08,0x76,0x88,
0x10,0x88,0x13,0x04,0x33,0x04,0x47,0x08,0x0b,0x57,0x08,0x0d,0x67,0x08,0x12,0x77,
0x08,0xff,0x04,0x33,0x03,0x20,0x23,0xc0,0x0d,0xf0,0x04,0x33,0x01,0x20,0x23,0xc0,
0x0d,0xf0,0x04,0x33,0x02,0x20,0x23,0xc0,0x0d,0xf0,0x00,0x00,0x04,0x11,0xe0,0x4f,
0xc1,0xd0,0x0a,0xe6,0x49,0x10,0xd9,0x61,0xe2,0x61,0x05,0xf2,0x61,0x04,0x0e,0x01,
0xc6,0x7a,0x00,0x92,0x0e,0x02,0x0a,0x74,0x40,0x92,0x05,0xad,0xff,0x22,0x1c,0x00,
0xd7,0x62,0x40,0x8e,0x3c,0x07,0xf2,0x00,0x72,0x5f,0x3d,0x4e,0x34,0x02,0x86,0xa0,
0x22,0x0c,0x03,0x00,0x3d,0x47,0x00,0x22,0x23,0x85,0x69,0x01,0x8f,0x32,0x4b,0x88,
0x01,0xd0,0x68,0x20,0xdd,0x36,0x5f,0x3d,0xce,0x34,0xe2,0xbe,0xa7,0x8e,0x2c,0xc3,
0xb0,0x00,0x72,0x31,0x0b,0xef,0xd9,0x3c,0x4e,0xdc,0xca,0x4a,0x01,0xb3,0xd2,0x6c,
0x0b,0x22,0x5c,0x00,0x00,0x2c,0x47,0x45,0xae,0xff,0x0e,0x76,0x00,0x30,0x40,0x90,
0x22,0xa0,0x02,0x05,0xaf,0xff,0x21,0x00,0xef,0xe1,0x00,0xef,0x32,0x22,0x00,0xc2,
0xa0,0x00,0x4e,0x03,0x84,0x4a,0x40,0x92,0x86,0x02,0x00,0x00,0x04,0xdd,0x01,0xdf,
0x3d,0x41,0xd4,0x07,0x06,0xe0,0x28,0x0e,0xf0,0x22,0x80,0x22,0x22,0x00,0x16,0xa2,
0xfe,0x85,0xf5,0xff,0xfe,0x35,0xdd,0x97,0x3f,0x95,0x20,0xc4,0xa3,0x7e,0xdb,0xfe,
0x4e,0x40,0x70,0x00,0x0c,0x22,0x05,0xb2,0xff,0xc6,0x09,0x00,0x0c,0x0c,0x85,0xb1,
0xff,0xc6,0x07,0x00,0x0e,0x3c,0x80,0x10,0x08,0x92,0x8f,0xec,0x41,0x08,0xc1,0x4b,
0x10,0x5e,0xec,0xc4,0xd2,0x07,0xbe,0xe9,0x5c,0xe9,0xbc,0xde,0xfc,0x81,0xb2,0x1f,
0x97,0x85,0xa6,0xff,0x8f,0x01,0xc1,0x08,0xc1,0x4b,0x10,0x1e,0xe1,0x0a,0x7a,0x02,
0x72,0x1e,0xc1,0x0e,0x72,0x03,0x72,0x04,0x11,0x20,0x0d,0xf0,0x04,0x11,0xf0,0x4f,
0xc1,0xd0,0x08,0xe6,0x49,0x10,0x5f,0xd1,0x90,0x08,0xe1,0x49,0x10,0x5f,0x01,0x50,
0x88,0xe6,0x49,0x10,0xf0,0x20,0x00,0x45,0x9d,0xff,0x9e,0x2d,0x07,0xca,0x02,0x72,
0x37,0x32,0x0d,0x00,0x2d,0x47,0xf0,0x20,0x00,0x05,0x58,0x00,0x96,0xe2,0x02,0x28,
0x3d,0x04,0x32,0x01,0x32,0x6d,0x03,0x0e,0xc2,0x00,0x34,0x1e,0x43,0x0e,0x2d,0xc2,
0x08,0x10,0x92,0x4f,0xb2,0x92,0x48,0x11,0x81,0xa0,0x66,0x9c,0x12,0x16,0xf2,0x00,
0x00,0x2d,0x47,0x85,0xea,0xff,0x7c,0xf3,0x5e,0x04,0x00,0x08,0x46,0xb8,0x7c,0xfc,
0x00,0x2d,0x47,0x85,0x9e,0xff,0x8f,0x01,0x41,0x08,0xc1,0x4b,0x10,0x1e,0xc1,0x06,
0x72,0x01,0x72,0x1f,0x10,0x64,0xc2,0xe8,0x14,0xf0,0x00,0x00,0x04,0x11,0xd0,0x4f,
0xc1,0x90,0x0c,0xe6,0x49,0x10,0x5f,0xd1,0x50,0x0c,0xe1,0x49,0x10,0x5f,0xe1,0x10,
0x8c,0xe6,0x49,0x10,0xf9,0x71,0x02,0x61,0x06,0x05,0x95,0xff,0x22,0x0c,0x00,0x16,
0x12,0x0a,0xd9,0x41,0x06,0x04,0x00,0x00,0x8f,0xd1,0x01,0x3a,0xce,0x8f,0xb0,0x22,
0x0c,0x00,0xf0,0x20,0x00,0x16,0xb2,0x08,0x9e,0x2d,0x07,0xca,0x02,0x72,0x9f,0x32,
0xd1,0x4c,0x01,0x41,0x00,0x45,0x4e,0x00,0x96,0x12,0x07,0x22,0x0d,0x01,0x32,0xa0,
0x0a,0x8f,0x22,0x2d,0x48,0x01,0x41,0x00,0xc5,0xe4,0x02,0x4f,0x82,0x18,0xf0,0x0f,
0xc4,0xa8,0x22,0x61,0x05,0xdf,0x14,0x03,0x00,0xc2,0x04,0xf0,0x8f,0xf0,0x19,0x08,
0x21,0x49,0x11,0x05,0xda,0xff,0x4f,0xf1,0x50,0x0a,0xe2,0x49,0x10,0x9e,0x2d,0x07,
0xca,0x02,0x72,0x00,0xe4,0x47,0x8f,0x23,0xcd,0x8e,0x01,0x71,0x11,0xde,0x41,0xd5,
0x52,0x08,0xbe,0x00,0xef,0x93,0xe0,0x4e,0x20,0xc5,0xb4,0x02,0x22,0x2d,0x03,0x08,
0xb1,0xea,0x22,0x1e,0x2d,0xc6,0xf2,0x02,0x72,0x28,0x41,0x16,0x9d,0xf7,0x0f,0x0f,
0xef,0x04,0xe0,0x6a,0xe7,0x45,0xdc,0xff,0x16,0xc2,0xf6,0xd8,0x41,0xde,0x16,0x01,
0xb0,0x5f,0x95,0x00,0x22,0x0d,0x01,0x7c,0xfc,0x9f,0x32,0x11,0x08,0x01,0x41,0x00,
0x85,0xda,0xff,0xcc,0x02,0x0c,0x0c,0x00,0x2d,0x47,0x05,0x8f,0xff,0x8f,0x01,0x81,
0x0a,0xc1,0x4b,0x10,0x1e,0xe1,0x12,0xba,0x03,0x72,0x1e,0xc1,0x16,0xb2,0x04,0x72,
0x04,0x11,0x30,0x0d,0xf0,0x00,0x00,0x00,0x04,0x11,0xf0,0x4f,0xc1,0xd0,0x08,0xe6,
0x49,0x10,0xd9,0x21,0x09,0x11,0x4f,0x82,0x1c,0xc0,0x16,0x55,0xe8,0x22,0x2d,0x00,
0x0f,0x42,0x08,0x4e,0x01,0x51,0x88,0x1e,0x32,0x8c,0x4e,0x40,0x92,0x45,0x8c,0xff,
0x21,0x79,0xee,0x38,0x12,0x3d,0xf0,0xbc,0x23,0x37,0x3d,0x30,0x5e,0x33,0x06,0x0a,
0x02,0xbe,0x16,0x23,0x00,0xd7,0x33,0xf3,0x58,0x04,0x5a,0x64,0x67,0x3d,0x54,0xd7,
0x16,0x43,0x8c,0x63,0x58,0x0d,0x50,0x5d,0x80,0x57,0x33,0x47,0x04,0x5c,0xe8,0x39,
0x05,0xd9,0x24,0x38,0x2d,0xcc,0xf3,0x46,0x0e,0x00,0x00,0x00,0x00,0x04,0x4c,0xe8,
0x39,0x04,0x38,0x2d,0xd9,0x12,0xac,0xa3,0x48,0x0d,0x4a,0x4d,0x0f,0x34,0x88,0x06,
0x00,0x42,0xa0,0x09,0x02,0x9e,0x23,0x01,0x12,0x00,0x72,0x2a,0x24,0x29,0x0d,0x28,
0x23,0x29,0x2d,0x46,0x03,0x00,0x38,0x0d,0x5a,0x33,0x39,0x04,0x38,0x24,0x00,0xd4,
0x47,0x56,0x33,0xfd,0x0c,0x12,0x05,0x8c,0xff,0x1e,0x01,0x02,0x72,0x01,0x72,0x1f,
0xc1,0xc0,0x80,0xc8,0x0e,0xf0,0x0d,0xf0,0x04,0x11,0xc0,0xe9,0x91,0x30,0xe4,0x82,
0x9f,0xf1,0x10,0x8c,0xe7,0x49,0x10,0x4f,0xc1,0xd0,0x0c,0xe6,0x49,0x10,0xd9,0xa1,
0x09,0x71,0xe9,0x51,0xdf,0x8e,0x39,0x08,0x01,0x53,0x08,0x16,0xa3,0x0f,0x32,0x61,
0x0c,0x85,0x79,0xff,0x1e,0xf1,0xc8,0xba,0x02,0x72,0xc6,0x03,0x00,0x00,0x00,0x00,
0x1e,0xc1,0x1e,0x3a,0x02,0x72,0xe8,0x61,0xda,0xcc,0x16,0xce,0x09,0xde,0x2f,0x07,
0xca,0x02,0x72,0xdf,0x32,0xd1,0x4c,0x01,0x41,0x00,0x05,0x33,0x00,0x96,0xb2,0x08,
0x0e,0x2f,0x42,0x4a,0x00,0x92,0x00,0x4e,0x47,0x8f,0x22,0x19,0x08,0x01,0x41,0x00,
0x32,0xa0,0x0a,0x05,0xb9,0x02,0x00,0x32,0x47,0x5f,0x4f,0x40,0xb2,0xca,0xce,0xb0,
0x5f,0x2f,0xc0,0x08,0xc3,0x4b,0x10,0x8f,0x31,0xd1,0x8e,0xe1,0x49,0x10,0x9f,0x24,
0x0e,0x00,0x06,0x34,0xf1,0xce,0x01,0xd9,0x5a,0x16,0xb7,0x2e,0xcc,0x68,0x76,0xaa,
0xbe,0x0e,0x31,0xdc,0x92,0x06,0xba,0x4d,0x0d,0xc5,0x99,0x02,0xcf,0x2f,0xc3,0x30,
0xc8,0xce,0xb0,0x09,0x61,0xda,0xe2,0x1e,0xef,0xc6,0xfa,0x07,0x72,0x22,0x21,0x0d,
0x16,0xcf,0xf7,0x1f,0xc2,0xf0,0x4c,0xe2,0xea,0x67,0xc2,0x22,0x01,0xc5,0xc0,0xff,
0x16,0xc2,0xf6,0xcf,0xf1,0x01,0x32,0xce,0xce,0xb0,0x1e,0x0c,0x80,0x78,0x43,0x72,
0x46,0x0c,0x00,0x00,0x0e,0x41,0x00,0x10,0x40,0x90,0x0c,0x0e,0x0c,0x0c,0xec,0x3c,
0x1e,0x3f,0xc0,0x08,0x00,0x92,0x4e,0xdf,0x06,0x52,0x19,0xae,0xfe,0x23,0x93,0xc8,
0xa0,0x72,0xdf,0x82,0x1d,0x48,0x01,0x41,0x08,0x30,0xdd,0xc0,0xc5,0xbc,0xff,0x00,
0xc2,0x47,0x20,0xcd,0x93,0x00,0x2f,0x47,0x05,0x71,0xff,0x28,0x51,0x4e,0x31,0x18,
0x3a,0x11,0xbe,0xc0,0x22,0xc0,0x30,0x42,0xc2,0x1e,0x01,0x0e,0x7a,0x04,0x72,0x1e,
0xd1,0x14,0xba,0x04,0x72,0xc8,0xb1,0x8f,0x01,0x60,0x08,0x21,0x49,0x11,0x0d,0xf0,
0x04,0x11,0xe0,0x4f,0xc1,0x50,0x0a,0xe6,0x49,0x10,0x1e,0xf1,0xc4,0x0a,0x00,0x92,
0x8f,0xf0,0xbf,0xfe,0x39,0x0e,0xf1,0x5e,0xe1,0xc6,0x7a,0x07,0xb3,0xd9,0x41,0x09,
0x11,0x05,0x6e,0xff,0x0f,0xec,0x4b,0x04,0x00,0x5a,0xe0,0xd1,0xfe,0xed,0xf0,0x20,
0x00,0x4b,0x2d,0x29,0x71,0x51,0xfc,0xed,0x22,0x2d,0x00,0xc2,0x2d,0x01,0x16,0xe2,
0x03,0x38,0x02,0x5e,0x03,0x42,0x4a,0x46,0xbe,0x48,0x0c,0x0f,0xe4,0x53,0x44,0x00,
0x58,0xe0,0x8f,0xcc,0x81,0x20,0xc1,0x0e,0xf0,0x56,0xcc,0xfe,0xc8,0x1d,0x9f,0x3c,
0x01,0x14,0x01,0x0c,0xe0,0x48,0x0c,0x0f,0xe4,0x5b,0x44,0x00,0x52,0xe0,0x8f,0xcc,
0x81,0x20,0xc1,0x0e,0xf0,0x37,0x1c,0x29,0x48,0x0c,0xe7,0x34,0xf0,0xc6,0x25,0x00,
0x1e,0x0c,0x80,0xce,0x43,0x72,0x42,0x2c,0x00,0x0f,0xe4,0x57,0x44,0x00,0x50,0xe0,
0x8f,0xcc,0x81,0x20,0xc1,0x0e,0xf0,0x8c,0x7c,0x48,0x0c,0xe7,0x34,0xf1,0x86,0x1d,
0x00,0x00,0xf8,0x05,0xe0,0xcf,0x73,0x2d,0x0c,0xc5,0x27,0x00,0x56,0xb2,0x04,0x1e,
0xfe,0x08,0xf6,0xd7,0xb9,0xc6,0xfa,0xff,0x22,0x2d,0x01,0x9f,0x82,0x19,0x50,0x02,
0x0c,0xe8,0x4f,0x22,0x80,0x88,0xc1,0x4b,0x10,0x8f,0x83,0x00,0x8a,0x27,0x49,0x11,
0x56,0xe2,0xfe,0x28,0x03,0x2e,0x23,0x10,0x08,0xa0,0x92,0x09,0x61,0x45,0x17,0x01,
0x38,0x61,0x27,0x93,0x26,0x28,0x0f,0x28,0x02,0x20,0x2c,0xc0,0x85,0x23,0x00,0x9c,
0x92,0x38,0x0f,0x38,0x03,0xf0,0x20,0x00,0x30,0xcc,0xc0,0x4f,0xc2,0x10,0x80,0xf1,
0x0c,0xf0,0x00,0x23,0x47,0x05,0xd1,0xff,0x46,0xca,0xff,0x00,0x0c,0x12,0x85,0x66,
0xff,0x0e,0x48,0x00,0x08,0x40,0x90,0x00,0x04,0x34,0xe0,0x8f,0xe3,0x6d,0x7c,0x08,
0x85,0xa0,0x38,0x2c,0x39,0x02,0xac,0x43,0x28,0x23,0x04,0xf3,0x08,0xde,0x20,0x01,
0x08,0x41,0xb8,0x00,0x00,0x00,0x09,0x02,0x48,0x2c,0x49,0x20,0x4e,0x3c,0x00,0x12,
0x00,0x72,0xe0,0x33,0xc0,0x39,0x04,0xe9,0x0c,0x38,0x02,0x56,0x93,0xfd,0x22,0xa0,
0x00,0x1e,0x2d,0xc0,0x0a,0x00,0x92,0x05,0x62,0xff,0x04,0x2c,0x20,0x1e,0x01,0x02,
0x7a,0x01,0x72,0x1e,0xd1,0x08,0xba,0x01,0x72,0xc2,0x21,0x05,0x04,0x11,0x20,0x80,
0x00,0x00,0x00,0x00,0x04,0x11,0xf0,0xd2,0x61,0x02,0xd1,0xac,0xed,0x41,0x9e,0xed,
0xc2,0x61,0x03,0x02,0x61,0x01,0x38,0x0d,0x48,0x04,0x4f,0x34,0xd4,0x0c,0x06,0x41,
0x00,0x45,0x10,0x01,0xac,0x82,0x38,0x0d,0x7e,0x26,0x9a,0xcd,0x3f,0x55,0x39,0x0d,
0xd1,0xa5,0xed,0x48,0x02,0x40,0x43,0xa0,0x08,0x11,0x1e,0xc4,0xc0,0xb2,0x01,0x72,
0x28,0x02,0x1e,0x2d,0xc2,0x32,0x01,0x72,0x1f,0x10,0x64,0xc2,0xe8,0x14,0xf0,0x00,
0x45,0x1e,0xfe,0x00,0x04,0x11,0xf0,0x21,0x9c,0xed,0x09,0x31,0x28,0x02,0x16,0x22,
0x00,0xc0,0x02,0x00,0x21,0x9a,0xed,0x08,0x31,0x04,0x11,0x10,0x4e,0xf0,0x64,0x4b,
0xa0,0x72,0x00,0x00,0x1f,0x32,0x10,0x80,0xd8,0x4f,0xf0,0x4f,0x01,0xd0,0x10,0xf0,
0x0c,0xf0,0x4f,0x73,0x94,0xd0,0x05,0x07,0xe0,0x1e,0x02,0xcc,0xc2,0x01,0x72,0x0c,
0x03,0xde,0x32,0x81,0xaa,0x07,0x92,0x1f,0xa2,0xc0,0x80,0xe8,0x0e,0xf0,0xb9,0x12,
0xb9,0x32,0xb9,0x42,0xb9,0xa2,0xb9,0x52,0xb9,0xb2,0xb9,0x62,0x0d,0xf0,0x00,0x00,
0x00,0x31,0x7d,0xed,0x01,0x7e,0xed,0x48,0x03,0x38,0x00,0x9c,0x14,0x76,0x84,0x07,
0x48,0x03,0x27,0x14,0x06,0x04,0x33,0x04,0x06,0x01,0x00,0x00,0x0c,0x04,0x49,0x03,
0x45,0xbd,0xff,0x08,0x31,0x04,0x11,0x10,0x0d,0xf0,0x00,0x00,0x1f,0x32,0xc0,0x80,
0xd0,0x4f,0xf0,0x4f,0xc1,0xd0,0x0a,0xe6,0x49,0x10,0x0e,0x42,0x08,0x4a,0x00,0x92,
0x1e,0xd1,0xce,0x12,0x01,0x92,0x0e,0xe1,0xc8,0x5a,0x08,0x92,0x9e,0x01,0xca,0x9a,
0x1a,0xae,0x5f,0x43,0xc2,0x34,0x00,0x52,0xa0,0x9e,0x2c,0xc3,0x88,0x1e,0xae,0x41,
0x70,0xed,0x3d,0xf0,0xfe,0x42,0x11,0x4a,0xa0,0x42,0xcf,0x54,0xac,0x80,0x02,0xc8,
0xa8,0x8f,0xd2,0x71,0x16,0x01,0xc0,0x60,0x47,0x33,0x11,0x00,0x2c,0x47,0xc5,0x8f,
0xff,0x00,0x32,0x47,0xde,0x33,0x8d,0x8e,0x5f,0x97,0x22,0x1c,0x00,0x8f,0xb2,0x9d,
0x10,0x01,0x0d,0xe0,0xe2,0x2c,0x01,0x0f,0x2e,0x88,0x0e,0x08,0x48,0xa0,0x05,0xd4,
0xff,0x22,0x6c,0x01,0xac,0x82,0x0e,0x3c,0x80,0x10,0x02,0x92,0x4f,0x2c,0xd0,0x08,
0xe0,0x8c,0xf0,0x5e,0x2c,0xd4,0x12,0x07,0xbe,0x29,0xbc,0x09,0x2c,0xe2,0x5c,0x00,
0x06,0x06,0x00,0x00,0x9e,0x2f,0xfc,0xce,0x81,0xbe,0x46,0x09,0x00,0x00,0x00,0x00,
0xcf,0xec,0x53,0x00,0xe1,0x0c,0xf0,0xe2,0x6c,0x03,0x29,0x2c,0x05,0x93,0x02,0x8e,
0x3c,0x81,0x80,0x00,0x72,0x8e,0x0c,0xc9,0x3a,0x01,0x72,0x5e,0x20,0x22,0xb0,0x81,
0xbe,0xe9,0x5c,0x32,0x5c,0x00,0x1e,0x01,0x08,0xba,0x02,0x72,0x1e,0xc1,0x0e,0x72,
0x03,0x72,0x04,0x11,0x20,0x0d,0xf0,0x00,0x04,0x11,0xf0,0x0e,0xc1,0xc4,0x72,0x00,
0x92,0xd9,0x21,0x09,0x11,0x0f,0x32,0x42,0x70,0x1f,0x47,0xa8,0x45,0xf1,0x00,0x4f,
0x02,0x2e,0xf8,0x09,0x04,0xe8,0x4f,0xd3,0x60,0x0e,0xa6,0x51,0x10,0x9f,0x2d,0x11,
0x4c,0x01,0x84,0xa0,0xc5,0xef,0x00,0x00,0xcd,0x47,0x8f,0x01,0x41,0x08,0xc1,0x4b,
0x10,0x1e,0xc1,0x06,0x72,0x01,0x72,0x1f,0x10,0x64,0xc2,0xe8,0x14,0xf0,0x00,0x00,
0x04,0x11,0xf0,0x09,0x31,0xc5,0x8c,0x02,0x1f,0x01,0xc0,0x80,0xc8,0x0e,0xf0,0x0d,
0xf0,0x00,0x00,0x00,0x00,0x00,0x00,0x00,0x00,0x00,0x00,0x00,0x00,0x00,0x00,0x00,
0x1f,0xf1,0x2c,0xcc,0x24,0x4b,0x11,0x0f,0xa0,0xbd,0xc6,0x30,0x4e,0xf1,0x1f,0xa1,
0x60,0x88,0xa5,0x51,0x10,0xb2,0x61,0x46,0x92,0x61,0x47,0x4f,0xd1,0x14,0x8a,0xe6,
0x49,0x10,0xc2,0x61,0x25,0x2e,0xe1,0xc4,0x7a,0x01,0x92,0xf2,0x61,0x22,0xf2,0xa0,
0x61,0x02,0x61,0x21,0xde,0x71,0xc0,0x46,0xa3,0x90,0x4e,0x61,0x80,0x46,0xa0,0x20,
0x7e,0x31,0x04,0x39,0x87,0xbc,0x5f,0xfe,0x30,0x0c,0x06,0x41,0x00,0x28,0xcd,0x96,
0xb2,0x00,0x1e,0x32,0x00,0x0e,0x40,0x92,0x07,0x9e,0x06,0x46,0x00,0x00,0x0c,0x62,
0x29,0xcd,0x9f,0x81,0xa5,0x88,0x21,0x49,0x11,0xc5,0x64,0x00,0x8f,0x52,0xab,0xb8,
0x0b,0x44,0xe8,0xae,0x30,0x58,0x49,0x20,0x90,0x51,0x0f,0xed,0x06,0x05,0x00,0x00,
0x00,0x00,0x00,0x00,0x1f,0x32,0x62,0x08,0x03,0x48,0xa8,0xae,0x3c,0x18,0x49,0x20,
0x90,0x51,0x0b,0xed,0x8e,0x41,0x21,0x08,0x83,0xbe,0x8e,0x66,0x35,0x52,0xe2,0xbc,
0x9e,0xe4,0x30,0xda,0xf1,0xb5,0x9e,0x2d,0x08,0xba,0x11,0xb7,0x5e,0x43,0x22,0x38,
0x80,0x92,0xf9,0x7d,0x05,0x4c,0x02,0x3e,0x01,0x02,0x7a,0x09,0x72,0x3e,0xd1,0x08,
0xba,0x09,0x72,0x3e,0xc1,0x08,0x5a,0x07,0x36,0x1e,0x11,0x0e,0xdb,0x07,0x36,0x0d,
0xf0,0x00,0x00,0x00,0x00,0x00,0x00,0x00,0x0f,0x3e,0x96,0x96,0x01,0x42,0xa0,0x32,
0x2d,0x04,0x0e,0xf8,0xe1,0x82,0x82,0x92,0x42,0xc3,0x01,0x42,0x6d,0x04,0x0e,0x53,
0x02,0x9c,0x07,0xba,0x32,0x2d,0x04,0x62,0xc3,0x01,0x62,0x6d,0x04,0xf2,0x43,0x00,
0x38,0x5d,0x2b,0x33,0x39,0x5d,0x1f,0x82,0x20,0x08,0x23,0x40,0xa8,0x1f,0xd1,0x92,
0x46,0xe0,0x8c,0xf0,0x7e,0xc1,0xc0,0x32,0x00,0x92,0x0f,0x2e,0x98,0x26,0x29,0x46,
0xe0,0x1f,0x2d,0x02,0x86,0xc7,0x8e,0xf0,0x9e,0x31,0xa1,0x00,0x80,0x22,0x4e,0x71,
0xf8,0xd2,0x00,0x52,0xdf,0x24,0xcd,0x20,0x09,0x64,0xf1,0x7e,0x31,0x04,0x21,0x8e,
0xbd,0x05,0x71,0x02,0x1f,0x32,0x12,0x80,0xd6,0x0c,0xf0,0x0e,0xd1,0xf6,0x7a,0x00,
0x92,0x0e,0xc1,0xfa,0x8a,0x11,0x4b,0x1e,0x32,0x80,0x82,0x05,0x76,0x3e,0xf1,0x00,
0x0c,0x0a,0x66,0x1e,0x31,0x3a,0x0a,0x08,0x22,0x1f,0x22,0x3e,0xc6,0xa7,0x8c,0xf0,
0x7e,0x21,0xa8,0x3a,0x01,0x52,0x0f,0x3c,0x20,0x30,0x00,0x58,0xa8,0x0f,0x05,0x38,
0x88,0x26,0x63,0x11,0xf2,0xcf,0x98,0x2f,0x3c,0x50,0x50,0x01,0x3e,0xdc,0x0e,0x02,
0x5a,0xc1,0xb1,0xc2,0x56,0x22,0x0b,0xd2,0x21,0x1b,0x00,0x2f,0x47,0x45,0x8b,0x01,
0x0e,0x31,0x06,0x80,0x91,0xc0,0x2f,0x50,0xb0,0x1a,0xec,0x60,0xc8,0x2e,0xf2,0x6a,
0x80,0x91,0xc2,0xa6,0x8e,0x19,0x0e,0x21,0x12,0xc1,0xb1,0xc2,0x2f,0x50,0xb0,0x1a,
0xf4,0x41,0xc8,0x2f,0x50,0xb0,0x6a,0xee,0x01,0x88,0x2e,0x31,0x06,0x81,0x91,0xc0,
0xcf,0x32,0x6b,0x60,0x1f,0x47,0xe8,0x0c,0x83,0x9f,0x03,0x63,0xc8,0x0a,0x8d,0xa8,
0xae,0x20,0x0c,0x0a,0xb1,0xb9,0x9f,0xf3,0xe4,0xf8,0x3a,0x4f,0xf1,0x42,0x45,0x00,
0x56,0x52,0xfe,0x9f,0xf3,0x27,0x4a,0x29,0x8f,0xb1,0x4f,0x33,0xa2,0xb8,0x1e,0x47,
0xe8,0xc6,0x02,0x00,0x00,0x00,0x00,0x00,0x00,0x9f,0x47,0x1b,0x98,0x26,0x0c,0xf1,
0x8f,0xfd,0xe5,0x48,0x21,0x4b,0x11,0x2e,0xa0,0xea,0xc0,0x51,0xc2,0x76,0x84,0x06,
0x5f,0x23,0x02,0xb8,0xf9,0x4f,0xf0,0x4f,0x13,0x40,0x0e,0x26,0x49,0x11,0x9f,0x3e,
0x73,0x98,0x06,0x04,0xe8,0xef,0x3c,0x53,0x40,0x00,0x20,0xdc,0x0e,0x02,0x5a,0xc1,
0xb1,0xc2,0xf0,0x20,0x00,0x3d,0xf0,0x56,0xf2,0xf4,0x1e,0x41,0x38,0xaa,0x05,0x76,
0xc2,0x21,0x20,0x9e,0xd1,0x3d,0x2a,0x11,0xbe,0x40,0x32,0x72,0x30,0x42,0x93,0x8e,
0x40,0x20,0x20,0x8c,0xbf,0x96,0x08,0x0a,0x4f,0x28,0x9d,0x24,0x09,0x85,0xa0,0x22,
0x02,0x00,0x0c,0xf4,0x20,0x23,0x41,0x20,0x42,0x83,0x04,0x21,0x20,0x80,0x62,0x36,
0x52,0x06,0x00,0x00,0x38,0x47,0xdf,0x54,0xbb,0x1e,0x00,0x50,0xa0,0x0f,0x01,0x85,
0x8a,0x21,0x49,0x11,0x80,0x56,0x36,0x04,0x55,0xff,0x52,0x05,0x00,0x04,0x33,0xff,
0x0f,0x54,0x23,0x3c,0xfc,0x7f,0xe7,0x0c,0xf7,0xcf,0x74,0x38,0x24,0x0b,0x8f,0xa0,
0x0f,0x38,0x47,0x00,0x00,0x50,0xe8,0x5f,0x83,0x8c,0x48,0x04,0x79,0x11,0x0f,0x32,
0x4c,0xe0,0x1a,0xc9,0x88,0x6e,0xef,0xd9,0x2b,0x22,0xbc,0x6e,0x2f,0xdb,0x93,0x31,
0xb0,0x92,0x21,0x1d,0x0b,0x33,0x90,0x2e,0x93,0x04,0xf5,0xff,0x72,0x03,0x00,0x04,
0x55,0xff,0x4f,0x9f,0x42,0x18,0x43,0x04,0x90,0x8f,0x66,0x12,0x90,0xcb,0x8f,0xb0,
0xdf,0x63,0x02,0xb8,0xf9,0x4f,0xf0,0x62,0x03,0x00,0x6a,0x62,0x04,0x55,0xff,0x8f,
0x26,0x10,0x08,0xc5,0x4b,0x10,0x22,0x43,0x00,0x28,0xcd,0x80,0x08,0x23,0x0f,0x82,
0x5e,0xc8,0x3f,0x75,0x68,0x39,0xcd,0x86,0xe1,0x00,0x0c,0x08,0x1f,0x81,0x04,0x42,
0xf5,0x0c,0xf0,0x86,0xde,0x00,0x77,0x94,0x86,0x04,0x45,0x01,0x42,0x46,0x00,0x0f,
0x18,0x4b,0x00,0xe0,0x70,0xef,0x5f,0x41,0x06,0xc2,0xc1,0x0c,0xf0,0x00,0xa2,0x47,
0x4b,0xf4,0xf2,0x51,0x34,0x86,0xdb,0xff,0x00,0x00,0x85,0x50,0x02,0x32,0x12,0x00,
0x14,0xf1,0x01,0x7e,0x30,0x7a,0x0e,0xa0,0x90,0xd2,0x52,0x00,0x1f,0x0f,0x86,0x08,
0x28,0x8a,0x31,0x85,0x54,0x00,0xfe,0x31,0xa8,0x88,0x04,0x92,0x14,0x22,0x75,0xf1,
0x57,0xec,0xfe,0x23,0xb7,0xb0,0xbf,0x97,0xe2,0x61,0x1f,0x7c,0xc6,0x2e,0xf2,0xa2,
0x70,0xb8,0x4b,0x0c,0x0e,0xbe,0x2f,0xc1,0x48,0xa9,0xb0,0x6e,0x42,0x5a,0x0b,0x31,
0xb0,0x6e,0x22,0x38,0xa3,0xe9,0xbd,0x6e,0x21,0xa8,0xa2,0x0a,0xbf,0x8f,0x13,0x2b,
0xca,0x1f,0x47,0xa8,0x1f,0x5c,0x8e,0x00,0x00,0xb4,0xf1,0x6e,0x79,0x18,0x1b,0x27,
0xb1,0x1e,0xf0,0x20,0x38,0x82,0xce,0x7e,0x41,0xaa,0x0a,0x00,0x92,0xdf,0x26,0xfa,
0x7e,0x08,0x43,0xc0,0x04,0x20,0x20,0x45,0x4e,0x00,0x86,0x0c,0x00,0x00,0x00,0x00,
0x00,0x00,0x00,0x00,0x00,0x00,0x0f,0x20,0xce,0x8e,0x19,0xc3,0x80,0x1f,0x32,0x22,
0x06,0xa0,0x94,0xf0,0xc2,0x51,0x34,0x5f,0x23,0xea,0x4e,0x00,0x40,0xa0,0x8f,0x00,
0x85,0x08,0x27,0x49,0x11,0x85,0x5e,0x00,0x06,0x01,0x00,0x00,0x00,0x00,0x0c,0x0e,
0x1f,0x11,0x0a,0x80,0x26,0x8c,0xf1,0x1f,0x11,0x86,0x80,0x27,0x8c,0xf1,0x1f,0x21,
0xd0,0x44,0xf6,0x0c,0xf0,0x9f,0x00,0x85,0x80,0x26,0x0f,0xf1,0x22,0x61,0x1c,0xdf,
0x0e,0x3d,0x80,0x17,0x06,0xe0,0x06,0x08,0x00,0x00,0x00,0x00,0x00,0x32,0xa0,0x03,
0xc5,0x5a,0x00,0x9f,0x1f,0xa5,0x08,0xe2,0x51,0x10,0x8f,0x33,0x19,0x08,0x23,0x49,
0x11,0x52,0xa0,0x03,0x45,0x78,0x00,0x07,0x6e,0x16,0xdf,0x21,0x01,0x4e,0xc2,0x4b,
0x10,0x8f,0x33,0x19,0x08,0x23,0x49,0x11,0x52,0xa0,0x03,0xf0,0x20,0x00,0xc5,0x76,
0x00,0x9f,0xe1,0xa1,0x0e,0x21,0x51,0x10,0xdf,0x8e,0xc1,0x48,0xe2,0x79,0x0f,0x3e,
0x21,0xea,0x30,0x07,0x76,0x1e,0x91,0x3c,0xea,0x05,0x76,0x4e,0x67,0x20,0xa0,0x8a,
0xbf,0x9e,0x49,0x36,0xba,0xe5,0x50,0xde,0x3d,0x19,0x12,0x13,0xb7,0x2e,0xaa,0xaa,
0xd6,0xa1,0x92,0xee,0x51,0x02,0x8c,0x11,0xb2,0x0f,0x33,0x4a,0xc0,0x10,0x68,0x08,
0x1f,0x1a,0xa6,0x0e,0xe8,0x90,0x30,0x1f,0x04,0x4a,0x83,0x07,0x41,0x00,0x60,0xc3,
0xbc,0xd8,0x21,0x5e,0xdd,0x57,0x01,0x7e,0x68,0x18,0x01,0x2e,0xb5,0x0e,0x04,0x5a,
0x59,0xa0,0x92,0x1f,0x0f,0xc4,0x16,0x28,0x8a,0x31,0x0f,0x84,0xe8,0xa0,0x01,0x60,
0xa8,0x4f,0x15,0x3d,0x08,0x27,0x63,0x11,0xcf,0x81,0x52,0x5e,0xef,0x4d,0xd0,0x2f,
0xd0,0x10,0x90,0x01,0x3f,0xdc,0x0e,0x02,0x5a,0xc1,0xb1,0xc2,0xfc,0xd2,0x0c,0x0d,
0x2f,0xbf,0x80,0x00,0x4c,0x60,0xd8,0x7e,0xf0,0x2a,0x08,0x80,0x92,0x9e,0x00,0x11,
0xc1,0xb6,0xb2,0x2f,0x50,0xb0,0x0a,0xf4,0x40,0xc8,0x2f,0x50,0xb2,0x0a,0xea,0x80,
0xc8,0xf0,0x20,0x00,0x85,0x10,0x01,0x0e,0x41,0x06,0x80,0x91,0xc0,0xff,0x50,0xb3,
0x2a,0xe0,0x20,0xc8,0x0e,0x02,0x5a,0xc1,0xb1,0xc2,0x56,0x22,0xfc,0x5e,0x29,0x22,
0x08,0x80,0x92,0xcf,0x2c,0xe7,0x5b,0x19,0x1e,0x08,0x71,0x43,0x3c,0xec,0x21,0xb4,
0xc6,0x57,0x01,0xf0,0x20,0x00,0x45,0x4c,0x00,0x04,0xcc,0xf8,0x0e,0xc1,0xf9,0x12,
0x00,0x92,0x1f,0x3d,0x7d,0x30,0x00,0x42,0xa8,0x9f,0x0c,0x61,0x48,0x01,0x49,0x08,
0x0c,0xa3,0x05,0x34,0x02,0x4f,0xce,0x20,0xc8,0x86,0x51,0x10,0x04,0x20,0xfe,0x04,
0x33,0x30,0x32,0x42,0x00,0x8f,0x1d,0x43,0x38,0xfe,0x7f,0xef,0xcf,0xfc,0x25,0x72,
0x29,0x8f,0xb1,0x4f,0x3c,0x8e,0x78,0x1f,0x47,0xe8,0x46,0x02,0x00,0x00,0x00,0x00,
0x00,0x00,0x00,0x00,0x04,0xee,0x08,0x04,0x3e,0xff,0x1e,0xa4,0x10,0xc8,0x46,0x76,
0x5f,0x23,0x02,0xb8,0xf9,0x4f,0xf0,0x5f,0x21,0x52,0x46,0xe7,0x0c,0xf0,0xc2,0x21,
0x1c,0x1f,0x8e,0x82,0x0e,0x28,0x88,0x31,0x0f,0x3c,0x72,0x80,0x10,0x40,0x08,0x3f,
0x50,0xb0,0x4a,0xe0,0x20,0xc8,0xf0,0x20,0x00,0x3d,0xf0,0x1e,0x02,0x58,0x51,0xa8,
0x22,0x56,0xa2,0xf0,0x3e,0x21,0xea,0x30,0x07,0x76,0x1e,0x91,0x3c,0xea,0x05,0x76,
0x3c,0x05,0x04,0x22,0x07,0xcf,0x41,0x55,0xa8,0xc9,0xce,0xb0,0x3e,0x21,0xa8,0x32,
0x08,0x72,0x0f,0x54,0xac,0xd6,0x01,0x40,0xa0,0x4f,0x5a,0x52,0x38,0xd9,0x4f,0xf0,
0x04,0xaa,0x01,0x5f,0x45,0x26,0xbc,0xf9,0x7f,0xe7,0x22,0x51,0x34,0x4e,0x56,0xa0,
0x22,0x8c,0xbf,0x1f,0x71,0x1b,0x28,0x2b,0x4c,0xf1,0x9e,0xe8,0x01,0x52,0xc6,0x70,
0x1f,0x76,0xaf,0x92,0x0a,0xee,0xb1,0x5f,0x5e,0xa2,0x7a,0xfc,0x55,0xf0,0xee,0x0b,
0x94,0x55,0x32,0xb0,0x8e,0x60,0xe0,0xa0,0x8f,0xbf,0x5e,0xf5,0xe2,0xb8,0x8a,0xba,
0x2e,0x54,0x26,0x94,0xa1,0x92,0x00,0x48,0x11,0x0f,0x04,0x29,0x26,0x0a,0x08,0xa0,
0x4f,0x34,0x9d,0x14,0x00,0x04,0x80,0x32,0x00,0x00,0x3c,0x95,0xf0,0x33,0x62,0x30,
0x56,0x93,0x00,0x68,0x47,0xcf,0x4a,0xe0,0x48,0x84,0x51,0x10,0x04,0x33,0xff,0x32,
0x03,0x00,0x04,0x44,0xff,0xcf,0x35,0x1a,0x3c,0xfb,0x7f,0xe7,0x8f,0x79,0xda,0x00,
0x23,0x0c,0xf1,0x4f,0x75,0x91,0x56,0x0a,0x85,0xa0,0x04,0x33,0x01,0x32,0x44,0x00,
0x4f,0x16,0x5a,0x40,0x01,0x04,0xe8,0x4f,0x18,0x03,0x3c,0x3d,0x4d,0xf1,0x22,0x51,
0x34,0x2e,0x61,0xa9,0xa0,0x0a,0xbf,0x8f,0x1d,0xa5,0x88,0xe1,0x51,0x10,0x00,0x4a,
0x47,0xc5,0xb7,0x00,0xc6,0x7f,0xfe,0x00,0x04,0x11,0xf0,0x09,0x31,0x05,0xa8,0x00,
0x1f,0x01,0xc0,0x80,0xc8,0x0e,0xf0,0x0d,0xf0,0x00,0x00,0x00,0x1f,0x01,0x40,0x88,
0x24,0x4b,0x11,0x1f,0xa0,0xbc,0xce,0x25,0x4b,0x11,0xa0,0x11,0x10,0x52,0xa0,0x20,
0x5e,0xb1,0xfe,0x92,0x02,0xbe,0x4e,0x91,0xfd,0x5a,0x00,0x92,0x4f,0xc1,0x50,0x4c,
0xe6,0x49,0x10,0x5f,0xe1,0xd0,0x4a,0xe7,0x49,0x10,0x0e,0xd1,0xf2,0x8a,0x00,0x92,
0x8e,0xf1,0xef,0xba,0x00,0x72,0x9f,0x01,0x50,0x62,0xe0,0x4c,0xf0,0xee,0x24,0xd7,
0x63,0x2c,0x51,0xee,0x84,0xd4,0xc3,0x21,0xb8,0xcf,0xdc,0x03,0x80,0xca,0x4e,0xf0,
0x0e,0x79,0xa1,0x12,0x80,0x92,0x8f,0x7e,0x0c,0x1c,0x03,0x40,0xa0,0x67,0x9e,0x17,
0x1e,0x60,0x22,0xb0,0x83,0xce,0xee,0xfd,0xea,0x32,0xab,0xbe,0x60,0x6f,0x80,0x3e,
0x77,0x68,0x5e,0xa3,0xce,0xf0,0xf6,0xa3,0x6e,0x53,0x32,0x22,0xa4,0xba,0x9e,0x41,
0xe7,0x7a,0x00,0xbe,0x0e,0x81,0xeb,0x92,0x00,0x92,0xcc,0x30,0x28,0xcc,0x16,0x72,
0x14,0xdf,0x1d,0xa5,0x88,0xe1,0x51,0x10,0x0c,0x05,0x45,0x62,0x02,0x1e,0x41,0x24,
0x62,0x02,0x76,0x1c,0x75,0x2a,0x28,0x22,0x02,0x00,0x22,0x41,0x37,0x9e,0x30,0x21,
0x10,0x89,0xbe,0x1f,0xf3,0xac,0x00,0x13,0x24,0xf1,0x9f,0x82,0xf9,0x48,0x01,0x4b,
0x08,0xdf,0xc1,0x11,0xce,0xe1,0x49,0x10,0x9f,0x50,0x18,0x08,0x26,0x49,0x11,0xcf,
0xe1,0xd0,0xcc,0xe6,0x49,0x10,0xc5,0x32,0x02,0x8f,0x41,0xc3,0xf0,0xca,0x8f,0xb0,
0x8f,0xd1,0x91,0xcc,0xe6,0x49,0x10,0x9f,0xc6,0x82,0x7e,0x3e,0x65,0xf1,0x0e,0x31,
0xfa,0x52,0x00,0x92,0x00,0xf2,0x47,0xc5,0x30,0x02,0x1e,0x41,0x24,0x5a,0x02,0x76,
0x82,0x21,0x1d,0xfe,0x42,0x7d,0x92,0xab,0xbe,0x04,0xee,0x01,0xde,0xf0,0x23,0x90,
0x92,0xbe,0x50,0x56,0x80,0x80,0x7f,0x93,0x04,0x0d,0xff,0x0f,0x55,0x10,0x88,0xc6,
0x4b,0x10,0x8f,0x5c,0x03,0x38,0xfe,0x4f,0xf0,0x56,0x27,0x00,0x56,0xe0,0xfb,0x1e,
0xc1,0x38,0xba,0x02,0xce,0x1e,0x61,0x34,0xba,0x05,0x76,0xde,0x2f,0xa0,0x82,0x80,
0x92,0x0f,0x2e,0x86,0xce,0x01,0x42,0xa0,0x22,0x0c,0x3c,0xcf,0x32,0x32,0x50,0x09,
0x85,0xa0,0x57,0x30,0x05,0x22,0x02,0x00,0x37,0x12,0x0c,0x9f,0x20,0xda,0xb8,0x3a,
0x4d,0xf1,0x50,0x36,0x36,0x22,0x43,0x00,0x0e,0x2c,0x09,0x92,0x00,0x92,0x8f,0x56,
0xe2,0x50,0x8a,0xd4,0xb0,0xde,0x4c,0xcf,0x72,0x1f,0x97,0xc5,0xd2,0x01,0x8e,0x2c,
0x0f,0x4a,0x06,0x72,0x8e,0x0c,0xfc,0x90,0x00,0x92,0x8f,0x32,0xb5,0x1c,0x07,0xc0,
0x60,0xae,0xd0,0x3d,0x3a,0xa7,0x6c,0x20,0x23,0x27,0xce,0x2c,0xcd,0x92,0x07,0xb3,
0xf2,0x5c,0x1e,0x86,0x07,0x00,0x00,0x00,0x0e,0x13,0x40,0xd4,0x41,0xb3,0x8f,0x53,
0xe5,0xd4,0x02,0xc0,0x68,0xce,0x5c,0x0c,0x0a,0x11,0xbe,0x40,0x22,0xc0,0x50,0x22,
0xc0,0x8c,0x02,0x29,0x6c,0x1e,0x01,0x2a,0x7a,0x03,0x76,0x1e,0xd1,0x30,0xba,0x03,
0x76,0x1e,0x11,0x3c,0xf2,0x04,0x76,0x0d,0xf0,0x06,0xb4,0xff,0x1f,0x01,0x44,0x88,
0x24,0x4b,0x11,0x1f,0xa0,0xbc,0xce,0x25,0x4b,0x11,0xa0,0x11,0x10,0xb2,0x61,0x16,
0x92,0x61,0x17,0xc9,0x51,0xd9,0x41,0xe9,0x31,0x02,0x61,0x02,0x5f,0x11,0x80,0xce,
0x86,0x49,0x10,0x4f,0x31,0x00,0x08,0x66,0x4b,0x10,0x1f,0x33,0x4c,0x10,0x01,0x0c,
0xe8,0x1f,0x03,0x70,0xa3,0x21,0xc0,0x0f,0x71,0x43,0x3c,0xf0,0x21,0x58,0xc5,0x57,
0x01,0x45,0xdc,0xff,0x1f,0x82,0x00,0x20,0x0f,0x06,0xe8,0x4f,0x32,0x7b,0xc8,0x00,
0x42,0xa8,0x1e,0x20,0x22,0x08,0x80,0x22,0x2e,0x0c,0x02,0x81,0x91,0xc0,0x29,0x3c,
0x29,0x2c,0x86,0x03,0x00,0x00,0x00,0x00,0x0e,0x31,0x82,0xc6,0x91,0xc0,0x2e,0x0c,
0x82,0xc7,0x91,0xc0,0x8f,0x01,0x81,0x08,0xc1,0x4b,0x10,0x1e,0xd1,0x08,0xba,0x01,
0x72,0x1e,0xc1,0x0a,0x42,0x07,0x36,0x12,0x21,0x17,0x0d,0xf0,0x00,0x2e,0x47,0x05,
0x10,0x01,0xcf,0x31,0x81,0x08,0xc1,0x49,0x10,0x85,0x10,0x01,0x0e,0x31,0x02,0x80,
0x91,0xc0,0xef,0x50,0xb3,0x6a,0xee,0xc0,0x8b,0x2e,0x0c,0x00,0x11,0x98,0xb9,0x2e,
0x1c,0x82,0xc7,0x91,0xc0,0xa6,0x3d,0x67,0xef,0x8c,0xa3,0x06,0x00,0x20,0xcc,0xcf,
0x12,0x25,0x88,0xc1,0x51,0x10,0xf0,0x20,0x00,0x1f,0x82,0xe4,0x50,0x01,0x0c,0xe8,
0x45,0xd3,0xff,0xcf,0x3a,0x59,0x08,0x21,0x49,0x11,0x45,0x0b,0x01,0xcf,0x31,0x81,
0x08,0xc1,0x49,0x10,0xc5,0x0b,0x01,0x0e,0x1c,0x02,0x80,0x91,0xc0,0xef,0x50,0xb3,
0x6a,0xee,0x00,0x88,0x2e,0x2c,0x02,0x81,0x91,0xc0,0x0f,0x3d,0x2f,0x02,0xe0,0x6a,
0xef,0x0e,0x00,0x20,0x90,0x98,0xbb,0x2f,0x50,0xb0,0x0a,0xe0,0x21,0xc8,0x0e,0x02,
0x5a,0xc1,0xb1,0xc2,0x56,0xc2,0xf5,0x09,0x7c,0x09,0x6c,0x46,0xd5,0xff,0x00,0x00,
0x0f,0x3d,0xe0,0x08,0xe0,0x68,0xaf,0x29,0x5c,0x29,0x4c,0x46,0xd1,0xff,0x00,0x00,
0x5f,0x01,0x64,0xc8,0x22,0x4b,0x11,0x8f,0xd5,0x2c,0xca,0x01,0x53,0x11,0x4f,0xc1,
0xd0,0x08,0xe6,0x49,0x10,0x09,0x21,0x05,0xb8,0x01,0x8f,0x01,0x81,0x08,0xc1,0x4b,
0x10,0x1f,0xc1,0xc0,0x80,0xc8,0x0e,0xf0,0x0d,0xf0,0x00,0x00,0x1f,0xf1,0x2c,0xcc,
0x24,0x4b,0x11,0x0f,0xa0,0xbd,0xc6,0x20,0x0f,0xf1,0x1f,0xa1,0x60,0x88,0xa5,0x51,
0x10,0xb2,0x61,0x2e,0x92,0x61,0x2f,0xc9,0xb1,0xd9,0xa1,0xe9,0x91,0xf9,0x81,0x02,
0x61,0x07,0x5f,0x41,0xc0,0xce,0x86,0x49,0x10,0x1f,0x31,0x80,0x46,0x87,0x0d,0xf0,
0xcf,0x21,0x91,0x0a,0xe1,0x49,0x10,0x1f,0x33,0x50,0x70,0x03,0xc8,0x68,0x2e,0xee,
0x2e,0x80,0x91,0xc2,0x8f,0x1c,0xe5,0x86,0xe7,0x94,0x30,0x2f,0x60,0xdf,0x0d,0x5a,
0xf5,0x44,0x2e,0x81,0x02,0x81,0x91,0xc0,0x45,0x57,0xff,0x0e,0x22,0x48,0x1a,0x40,
0x92,0x4f,0x52,0x90,0x88,0x07,0x41,0x08,0x1c,0x02,0x85,0x76,0x00,0x1e,0x31,0x0c,
0x22,0x00,0x22,0x2e,0x0c,0x00,0x09,0x80,0x90,0xa6,0x2d,0x07,0xa6,0x1f,0x04,0x29,
0x33,0x22,0x63,0x02,0x1e,0x01,0x0c,0x4a,0x03,0x72,0x1e,0xe1,0x12,0x7a,0x04,0x72,
0x1e,0xc1,0x16,0x72,0x05,0x72,0x3e,0x31,0x80,0xd6,0x87,0x34,0x1e,0xf0,0x66,0xc3,
0xaf,0x72,0x00,0x00,0x0f,0x81,0xa2,0x80,0x37,0x4c,0x11,0x1e,0xe1,0xd8,0x3a,0x00,
0x92,0x69,0x1c,0x29,0xd1,0x69,0x0f,0x0e,0x13,0x00,0x30,0x40,0x90,0x00,0x00,0x00,
0xcf,0x1c,0x03,0x3e,0x3f,0x4d,0xf1,0x0f,0xcd,0x30,0x5c,0xe0,0x72,0xa7,0x1f,0x1e,
0x34,0x0a,0x06,0xc8,0x68,0x52,0x21,0x06,0xae,0x2e,0x9c,0x10,0xa0,0x92,0x8f,0xec,
0xe0,0x78,0x8a,0xd4,0xb0,0x5f,0x54,0xc2,0x90,0x81,0x85,0xb0,0xe0,0x4c,0x36,0xcf,
0xd4,0xa3,0x44,0x07,0x06,0xe0,0x0e,0x03,0x02,0x80,0x91,0xc0,0x2f,0x50,0xb0,0x0a,
0xe0,0x3f,0xc8,0x0e,0x04,0x5a,0xc1,0xb1,0xc2,0xdc,0x74,0x7f,0x63,0xc0,0x0d,0x1a,
0x81,0x44,0x69,0x03,0x04,0x33,0x08,0x4f,0x02,0x00,0x20,0x61,0x0e,0xf0,0x8e,0x0a,
0x00,0x38,0x40,0x90,0x0e,0x62,0xc1,0x7a,0x00,0x92,0x69,0x02,0x1f,0x81,0xc4,0x66,
0x20,0x88,0x31,0x2f,0xbf,0xc0,0x00,0x40,0x3f,0xd8,0x0e,0x02,0x5a,0xc1,0xb1,0xc2,
0x1f,0x82,0xc0,0x10,0xe9,0x2c,0xef,0x2e,0x71,0x02,0x81,0x91,0xc0,0x85,0xb5,0xff,
0xdf,0x3a,0x59,0x08,0x21,0x49,0x11,0x85,0xed,0x00,0xdf,0x31,0x81,0x0c,0xc1,0x49,
0x10,0x05,0xee,0x00,0xf8,0x61,0x00,0x3d,0x47,0x3e,0xff,0xaa,0x58,0xa0,0x22,0x05,
0xaa,0x00,0x1e,0x81,0x02,0x98,0x80,0x20,0x2f,0xff,0x53,0xdb,0x59,0x01,0x04,0x69,
0x43,0xbc,0xee,0x21,0xbf,0xc6,0x57,0x01,0x45,0xa8,0x00,0x0e,0x31,0x18,0x4a,0x00,
0x92,0x04,0x22,0x01,0x0f,0xe2,0x93,0x04,0xe0,0x62,0xe7,0x0e,0x03,0x02,0x80,0x91,
0xc0,0x2f,0x50,0xb0,0xba,0xe1,0x3f,0xc8,0x5f,0xf3,0x3c,0xa0,0x61,0x0e,0xf0,0x0e,
0x04,0x5a,0xc1,0xb1,0xc2,0x56,0x84,0xfd,0x06,0xc1,0xff,0x00,0x1f,0x01,0x40,0x88,
0x24,0x4b,0x11,0x1f,0xa0,0xbc,0xce,0x25,0x4b,0x11,0xa0,0x11,0x10,0xb2,0x61,0x1e,
0x92,0x61,0x1f,0x4f,0xc1,0x90,0x0e,0xe6,0x49,0x10,0x0e,0xd1,0xd8,0xd2,0x18,0xbb,
0x9f,0xe1,0x10,0x0e,0xe7,0x49,0x10,0xf9,0xb1,0x09,0xa1,0x8f,0x21,0x80,0xce,0x87,
0x49,0x10,0x5f,0x83,0x3c,0xc8,0x06,0x43,0x08,0xbc,0x85,0x8f,0x1d,0xe4,0x00,0xe0,
0x90,0x30,0x2f,0xbc,0x00,0x02,0x40,0x21,0xd8,0x0e,0x02,0x5a,0xc1,0xb1,0xc2,0xdc,
0x82,0x0e,0x1f,0x82,0x80,0x91,0xc0,0x6f,0x50,0xb0,0xba,0xe1,0x21,0xc8,0x0e,0x02,
0x5a,0xc1,0xb1,0xc2,0xcf,0x82,0xd0,0x08,0x01,0x43,0x08,0x9f,0x1c,0xa5,0x88,0xe1,
0x51,0x10,0x85,0xdc,0xff,0x8f,0x01,0x81,0x0c,0xc1,0x4b,0x10,0x1e,0xe1,0x1a,0xba,
0x05,0x72,0x1e,0xc1,0x1e,0xb2,0x06,0x72,0x1e,0x11,0x3c,0x4a,0x07,0x36,0x0d,0xf0,
0x69,0x81,0xc5,0xd7,0xff,0x9f,0x1c,0xa5,0x88,0xe1,0x51,0x10,0xdf,0x8f,0xc1,0x06,
0x20,0x88,0x31,0x85,0xd9,0xff,0x1f,0x3e,0x94,0x50,0xe4,0xf8,0x6f,0x9f,0xfe,0xa5,
0x56,0x29,0x8b,0xb1,0x0e,0x21,0xdc,0x52,0x1f,0xbf,0xc9,0x91,0xdf,0x1d,0xe5,0x00,
0xe0,0x90,0x30,0x2f,0x50,0xb0,0x0a,0xe0,0x3e,0xc8,0x0e,0x02,0x5a,0xc1,0xb1,0xc2,
0x56,0x12,0xfa,0xc8,0xf1,0x2d,0x0c,0x85,0xd3,0xff,0x00,0x2c,0x47,0xdf,0x1d,0xe7,
0x00,0xf8,0x90,0x90,0x45,0xd5,0xff,0x8f,0x21,0x41,0x0c,0xc2,0x4b,0x10,0xc8,0x91,
0x9f,0x1d,0xe5,0x88,0xe2,0x51,0x10,0x45,0xcf,0x00,0x3e,0xe0,0xb4,0x57,0xe4,0x72,
0x46,0xdc,0xff,0x00,0x8f,0x01,0x64,0x88,0x25,0x4b,0x11,0x9e,0x75,0xc4,0x50,0x00,
0x72,0xce,0xc1,0xce,0x22,0x00,0x72,0xde,0xd1,0xc8,0xea,0x1f,0x96,0x5f,0xe1,0x10,
0x0a,0xe6,0x49,0x10,0x4e,0xf1,0xc7,0x7a,0x1d,0xae,0x1e,0x01,0xc6,0x32,0x00,0x92,
0x0e,0x09,0x14,0x38,0x40,0x92,0x0f,0x83,0x34,0x00,0x00,0x60,0xa8,0x22,0x61,0x07,
0x16,0xcb,0x0e,0x70,0x70,0x74,0xdf,0x27,0xf4,0x1c,0x00,0xde,0x88,0x78,0x00,0x00,
0x84,0x47,0x16,0xe7,0x0e,0x8f,0xea,0x17,0x46,0x00,0x1e,0xe0,0x92,0x0c,0x00,0x3e,
0x79,0xd7,0xb2,0xac,0xbe,0xf2,0x17,0x00,0x04,0xee,0x01,0xde,0x0f,0x5b,0x7a,0x41,
0x42,0x0e,0x8f,0x1f,0xb9,0x7b,0x40,0x3e,0x24,0x24,0x14,0xa0,0x92,0x0e,0x24,0x99,
0x60,0xba,0xae,0x20,0x2f,0x10,0xd0,0x22,0x62,0x3e,0xfc,0x41,0x0c,0xa1,0xbc,0xfe,
0x20,0x25,0x86,0xa7,0x92,0x00,0x00,0x11,0x2e,0x04,0x10,0x42,0xa0,0x92,0x0e,0x48,
0x1c,0x4d,0x77,0xb5,0x6e,0x40,0x3e,0x72,0xa1,0xbd,0x20,0xbb,0xc0,0x0f,0xdf,0x1f,
0x60,0xf2,0x34,0xa7,0x22,0x21,0x07,0x30,0x3c,0x27,0x16,0x22,0x00,0x42,0x52,0x00,
0xbe,0x40,0xfd,0x8e,0xbf,0x95,0x5e,0x75,0x86,0x4a,0x01,0xba,0xf9,0x05,0xde,0xb8,
0x03,0x38,0x51,0xb5,0x5f,0x83,0x20,0x08,0x03,0x51,0x08,0xde,0x0b,0x4b,0xe0,0x47,
0x92,0x0e,0xa0,0xa0,0x36,0x86,0x92,0x0f,0x5b,0x00,0x82,0x87,0x40,0xb0,0xcf,0x79,
0xf4,0x26,0x00,0x00,0x60,0xae,0xc8,0xd0,0x64,0xbb,0x0b,0xdf,0x5b,0x8a,0xfe,0x1b,
0x4d,0xe8,0x0f,0x79,0x4d,0x62,0x02,0xc6,0xa0,0x06,0x19,0x00,0x0f,0x78,0x01,0x68,
0x12,0x8b,0xa0,0x0f,0xc4,0x99,0x46,0x12,0x81,0xa0,0x0c,0x17,0x0e,0x0d,0x00,0x20,
0x42,0x41,0x00,0x00,0x0f,0xa4,0xb8,0x26,0x1a,0x01,0x80,0x0c,0x27,0x04,0x66,0x01,
0x2e,0x70,0xdc,0x90,0xbf,0x49,0xf9,0x05,0xce,0x35,0x85,0xca,0x1f,0x97,0x06,0x12,
0x00,0x00,0x00,0x00,0xfe,0x2c,0x13,0xcd,0x2f,0x94,0xf8,0x02,0x39,0x0f,0xde,0x38,
0x01,0x88,0x5f,0x95,0x09,0x15,0x09,0x05,0x28,0x06,0x0c,0xf3,0x5e,0x22,0xc0,0xa0,
0x19,0xae,0x4e,0x24,0x02,0x08,0x41,0xb1,0x0c,0x02,0x29,0x15,0x29,0x05,0x06,0x06,
0x00,0x8c,0x12,0x82,0x52,0x00,0xcf,0x80,0xae,0x88,0xa9,0xce,0xb0,0x5f,0x40,0x1a,
0x80,0x21,0x0c,0xf1,0x5e,0x45,0x84,0x4a,0x01,0xba,0x1e,0x01,0x06,0xba,0x01,0x72,
0x1e,0xd1,0x08,0x7a,0x02,0x72,0xc8,0x61,0x04,0x11,0x20,0x0d,0xf0,0x00,0x00,0x00,
0x04,0x11,0xe0,0xf9,0x41,0xf1,0x74,0xe9,0x5f,0xe1,0x50,0x0a,0xe7,0x49,0x10,0x9f,
0xc1,0xd0,0x0a,0xe6,0x49,0x10,0x8f,0xd1,0x90,0x8a,0xe6,0x49,0x10,0x38,0x0f,0x09,
0x31,0x4f,0x83,0x0c,0x88,0x07,0x41,0x08,0xc0,0x03,0x00,0xfe,0x6e,0x93,0x7b,0x21,
0xbc,0x9f,0x1e,0xe5,0x08,0xe2,0x51,0x10,0x00,0x5c,0x47,0x85,0xe2,0xff,0x1e,0x01,
0x06,0x7a,0x02,0x72,0x1e,0xd1,0x0c,0xba,0x02,0x72,0xc8,0x71,0x04,0x11,0x20,0x0d,
0xf0,0x00,0x00,0x00,0x04,0x11,0xf0,0x31,0x5f,0xe9,0x02,0x61,0x03,0x02,0x23,0x00,
0x00,0x32,0x47,0x00,0x20,0x20,0xc5,0x39,0x01,0x1f,0x01,0xc0,0x80,0xc8,0x0e,0xf0,
0x0d,0xf0,0x00,0x00,0x04,0x11,0xf0,0xb1,0x57,0xe9,0x02,0x61,0x03,0x00,0x54,0x47,
0x30,0x43,0x20,0x02,0x2b,0x00,0x00,0x32,0x47,0x2d,0x00,0x85,0x2e,0x01,0x1f,0x01,
0xc0,0x80,0xc8,0x0e,0xf0,0x0d,0xf0,0x00,0x04,0x11,0xe0,0x21,0x77,0xe9,0xc9,0x71,
0xd9,0x61,0xe9,0x51,0xf9,0x41,0x09,0x31,0x0e,0x02,0x10,0x34,0x40,0x92,0xe1,0x53,
0xe9,0x28,0x0e,0x20,0xf1,0x41,0x2a,0x2f,0xe0,0x22,0x11,0x45,0xd4,0xfe,0xce,0x02,
0x8f,0x68,0x40,0x72,0x0c,0x1c,0x7e,0x0d,0x93,0x7b,0x37,0xb0,0xe0,0x4e,0x11,0x0c,
0x03,0x00,0xd2,0x47,0xc2,0x60,0x00,0x85,0x79,0x01,0x21,0x47,0xe9,0xe1,0x54,0xe9,
0x08,0x02,0x38,0x0e,0x9f,0xe0,0x2d,0x4a,0x01,0x53,0x11,0xc5,0x61,0x01,0x41,0x43,
0xe9,0x21,0x4e,0xe9,0x38,0x0e,0x48,0x04,0x08,0x02,0xae,0xd0,0x58,0x02,0xb2,0xbe,
0x2e,0x5f,0x9a,0x88,0xb9,0xb2,0xe0,0x44,0x11,0xc5,0x5f,0x01,0x28,0x0e,0x31,0x5c,
0xe9,0x01,0x3b,0xe9,0x37,0x12,0x04,0x8c,0x10,0xc5,0xaf,0xfe,0x51,0x44,0xe9,0x41,
0x37,0xe9,0xd9,0x0e,0x28,0x05,0x38,0x04,0xf0,0x22,0x80,0x5e,0x25,0xc2,0xba,0x11,
0xb2,0x32,0x64,0x00,0x8f,0x01,0xc1,0x08,0xc1,0x4b,0x10,0x1e,0xe1,0x0a,0x7a,0x02,
0x72,0x1e,0xc1,0x0e,0x72,0x03,0x72,0x04,0x11,0x20,0x0d,0xf0,0x1f,0x22,0x18,0x80,
0x38,0x4d,0xf1,0x02,0x61,0x03,0xc5,0x3a,0xfe,0x21,0x4a,0xe9,0x45,0xe1,0xfe,0x22,
0xa0,0x02,0x45,0x41,0xfe,0x08,0x31,0x04,0x11,0x10,0x0d,0xf0,0x04,0x11,0xe0,0x21,
0x2a,0xe9,0x0e,0xc1,0xcc,0x72,0x00,0x92,0x0e,0xd1,0xce,0x32,0x00,0x92,0xe9,0x51,
0x4e,0xf1,0xca,0x0a,0x00,0x72,0x09,0x31,0x5e,0x03,0x06,0x7e,0x40,0x92,0xe1,0x23,
0xe9,0x46,0x02,0x00,0x04,0xcc,0x01,0x9f,0x3c,0x59,0xd4,0x06,0x06,0xe0,0x22,0x2e,
0x00,0xd0,0x22,0x80,0x22,0x22,0x00,0x16,0x92,0xfe,0x4e,0x02,0x44,0x52,0x00,0x7a,
0x0f,0x4f,0xc0,0x06,0xea,0x3a,0xa7,0x96,0x94,0xfd,0x05,0x02,0x00,0x21,0x16,0xe9,
0x6e,0xd0,0xfe,0x4e,0x40,0x70,0x00,0x00,0x1e,0x01,0x06,0x7a,0x02,0x72,0x1e,0xd1,
0x0c,0xba,0x02,0x72,0xc8,0x71,0x04,0x11,0x20,0x0d,0xf0,0x00,0x1f,0x33,0x18,0x80,
0x30,0x4d,0xf1,0xde,0xc1,0xcd,0xf2,0x1f,0x97,0xd9,0x61,0xe9,0x51,0xf9,0x41,0x09,
0x31,0x4f,0x82,0x14,0xc8,0x06,0x51,0x08,0xf2,0x02,0x00,0xf7,0x03,0x65,0x22,0x0d,
0x03,0x00,0x22,0x23,0x9f,0x82,0xb9,0x08,0x01,0x49,0x08,0x05,0x79,0xfe,0x4f,0x22,
0x18,0x08,0x26,0x49,0x11,0xc5,0x2e,0xfe,0x22,0x0d,0x00,0xf0,0x20,0x00,0x9f,0x62,
0x0d,0x88,0x00,0xc0,0x60,0x05,0x9f,0xfe,0x0e,0x2d,0x44,0x7a,0x00,0x92,0x7c,0xff,
0x4e,0xed,0xc0,0x42,0x09,0xbf,0x45,0x9c,0x00,0x4f,0x2d,0x80,0x8e,0xc1,0x4b,0x10,
0x30,0xcf,0x93,0x8c,0xd2,0x05,0x05,0x00,0x38,0xed,0x20,0xcf,0x93,0x2d,0x03,0x85,
0x9c,0xfe,0xe9,0xed,0x00,0x2d,0x47,0xc5,0xd8,0xfe,0x22,0xa0,0x02,0x85,0x31,0xfe,
0x06,0x07,0x00,0x00,0x22,0xa0,0x02,0xc5,0x29,0xfe,0x00,0x2d,0x47,0x45,0xd7,0xfe,
0x0c,0x22,0x45,0x30,0xfe,0x21,0xd7,0xe8,0x28,0x02,0x32,0xa0,0x09,0x32,0x62,0x00,
0x8f,0x01,0xc1,0x08,0xc1,0x4b,0x10,0x1e,0xe1,0x0a,0x7a,0x02,0x72,0x1e,0xc1,0x0e,
0x72,0x03,0x72,0x04,0x11,0x20,0x0d,0xf0,0x04,0x11,0xf0,0x4f,0xc1,0xd0,0x08,0xe6,
0x49,0x10,0x02,0x61,0x02,0x45,0x97,0x00,0x16,0x42,0x01,0x00,0x2c,0x47,0xc5,0x97,
0x00,0x1e,0x01,0x04,0xb2,0x01,0x72,0x1f,0x10,0x64,0xc2,0xe8,0x14,0xf0,0x00,0x00,
0x1e,0x01,0x04,0xb2,0x01,0x72,0x1f,0x20,0x18,0x80,0x28,0x0c,0xf1,0x0d,0xf0,0x00,
0x1f,0x4f,0xfc,0xc6,0x38,0x4d,0xf1,0x5f,0xc1,0xd0,0x08,0xe6,0x49,0x10,0x5e,0xd1,
0xc6,0x8a,0x01,0x6a,0x4f,0x01,0x50,0x88,0xe6,0x49,0x10,0x8e,0x00,0x22,0x08,0x91,
0xbb,0x0f,0x24,0xe0,0x0e,0x11,0x83,0x80,0xdf,0x42,0x81,0x16,0x00,0x48,0xa0,0x02,
0x5d,0x00,0x22,0x0c,0x06,0x0c,0x23,0x4f,0x24,0x6c,0x12,0x00,0x48,0xa0,0x22,0x1c,
0x02,0x56,0xc2,0x04,0x22,0x1c,0x01,0x56,0x62,0x04,0x22,0x1c,0x00,0x0c,0x13,0x8e,
0x3e,0x00,0x88,0x41,0xb8,0x00,0x2c,0x47,0x05,0x79,0x01,0x0f,0x32,0x56,0x08,0x00,
0x40,0xa8,0x32,0x5d,0x00,0x06,0x0a,0x00,0x00,0x32,0x1c,0x03,0xde,0x4f,0x23,0xd0,
0x87,0x96,0x8f,0xb5,0x6e,0x7a,0x1a,0x97,0xf1,0xfe,0x43,0xd1,0xc0,0xbf,0x97,0x6e,
0x53,0x52,0x2a,0xb0,0x93,0xb0,0x22,0x36,0x0e,0x5c,0x84,0xc2,0x19,0x4b,0x22,0x5d,
0x00,0x1e,0x01,0x02,0x72,0x01,0x72,0x5e,0xc1,0x04,0x62,0x09,0xbf,0x1f,0x10,0x64,
0xc2,0xe8,0x14,0xf0,0x04,0x11,0xf0,0x4f,0xc1,0xd0,0x08,0xe6,0x49,0x10,0xce,0x01,
0xc4,0x02,0x00,0x92,0x2e,0x02,0x92,0x48,0xa0,0x92,0x20,0x23,0x62,0xc0,0x22,0x20,
0x85,0x8b,0x00,0x1f,0x4c,0x98,0x48,0x01,0x40,0xa0,0x32,0xa0,0x0e,0x4f,0xc3,0xdc,
0x4e,0x01,0x40,0xa0,0x31,0x8c,0xe8,0x32,0x23,0x00,0xf0,0x20,0x00,0x22,0x63,0x00,
0x1e,0x01,0x04,0xb2,0x01,0x72,0x1f,0x10,0x64,0xc2,0xe8,0x14,0xf0,0x00,0x00,0x00,
0x04,0x11,0xc0,0x5f,0xc1,0x90,0x0c,0xe6,0x49,0x10,0x8f,0xd1,0x50,0x8c,0xe6,0x49,
0x10,0x4f,0xe1,0x10,0x0c,0xe7,0x49,0x10,0x9f,0xf1,0xd0,0x8a,0xe7,0x49,0x10,0x09,
0x61,0x69,0x51,0xf0,0x20,0x00,0x85,0x95,0x00,0x1e,0xb2,0x14,0x6a,0x00,0x92,0xfe,
0x76,0x91,0x2d,0x2a,0xb8,0x0e,0x26,0xa0,0x02,0x81,0x92,0xbe,0xaf,0x55,0xd6,0xb3,
0xb7,0xcf,0xe1,0x41,0x8a,0xc7,0x4b,0x10,0x8e,0x8b,0x41,0x82,0x01,0xbe,0xdf,0x23,
0x94,0x16,0x03,0x4a,0xa0,0x04,0x4e,0x01,0x8f,0x23,0xa0,0x26,0x0f,0x10,0xa0,0x0f,
0x3e,0x53,0x00,0x00,0x6a,0xe8,0xde,0x2f,0x0b,0x8a,0x03,0x72,0xdf,0x1e,0x25,0x0a,
0xe6,0x51,0x10,0x4f,0xed,0xae,0x0c,0x01,0x14,0x80,0xdf,0xd0,0x6c,0x8e,0xa1,0x4b,
0x10,0x0f,0xdd,0x0d,0x0a,0x06,0x69,0x11,0xc5,0x2b,0x01,0xde,0x2f,0x1b,0x8a,0x03,
0x72,0xcf,0x0f,0x17,0x76,0xca,0xce,0xb0,0x5e,0x4f,0xd2,0xb2,0x11,0xb2,0x39,0x7f,
0xe6,0x12,0x02,0x37,0x60,0x0e,0x28,0x4f,0x3a,0x22,0xc2,0x42,0x00,0xe8,0x9f,0x28,
0xcf,0x1b,0x3e,0x39,0x9f,0x29,0xaf,0x46,0xb9,0x00,0x00,0x00,0x8f,0x43,0x99,0x96,
0x1f,0x45,0xa0,0x47,0x2e,0x05,0x42,0x2f,0x0c,0x47,0x2e,0x88,0x0e,0x01,0xa0,0x0a,
0x83,0x92,0xdf,0xc2,0x3c,0x0e,0x03,0x50,0xa0,0x4c,0x12,0xdf,0x2c,0x08,0x44,0x02,
0x6a,0xa0,0x0f,0x0c,0x3b,0x04,0x00,0x50,0xe0,0xc6,0x58,0x00,0xde,0x0f,0x19,0x0a,
0x0e,0x7e,0xd0,0x30,0xf4,0xdf,0x32,0xbd,0x48,0x06,0xd2,0x60,0x0f,0x03,0xb0,0x04,
0x01,0xd6,0xa0,0x39,0xcf,0x5f,0xaf,0x00,0x08,0xc1,0x41,0x10,0x00,0x89,0x51,0xdf,
0x17,0xe4,0x88,0xe7,0x51,0x10,0x05,0x23,0x01,0x28,0x7c,0x8e,0x5c,0x1b,0x0a,0x0e,
0x7e,0xea,0x22,0x29,0x7c,0x9f,0x15,0x4d,0x38,0x0a,0xc4,0xa8,0x37,0x63,0x13,0x38,
0x4c,0xd8,0x51,0x2a,0x03,0x04,0xb2,0x01,0xb9,0x7c,0xd2,0x40,0x00,0x8e,0x2c,0x0f,
0x52,0x06,0x72,0x8e,0x6c,0x08,0xa2,0x0e,0xbf,0xdf,0xd5,0xcd,0xfa,0x09,0xaf,0xb1,
0xbe,0x26,0x92,0x18,0xa2,0xba,0x80,0xd4,0x23,0x4d,0x0d,0xc5,0x1e,0x01,0x8e,0x2c,
0x0f,0x4a,0x06,0x72,0x00,0xfc,0x47,0x7e,0xd2,0x92,0xb0,0xb1,0xbe,0x29,0x7c,0x39,
0x8c,0xc6,0x8a,0x00,0x0f,0x0c,0x2b,0x44,0x00,0x58,0xe0,0x0f,0x2c,0xa3,0x46,0x00,
0x58,0xe0,0x28,0xcf,0xfe,0xd0,0xfd,0x10,0xae,0x7c,0x27,0xa3,0x09,0x37,0xe4,0x06,
0x5f,0x3f,0x10,0x0e,0xe1,0x49,0x10,0x8f,0x40,0x1b,0xa0,0x2a,0x4c,0xf1,0x9e,0xc5,
0xa0,0x1a,0x82,0x92,0x04,0x32,0xff,0xae,0x56,0x30,0x0e,0xa8,0xba,0x00,0x03,0x93,
0x09,0xcf,0x86,0x26,0x00,0x00,0x00,0x00,0x4f,0x30,0x18,0x38,0x29,0xcc,0xb1,0x30,
0x22,0x53,0x29,0xcf,0x0f,0x1e,0x7f,0x00,0xe0,0x50,0xef,0xde,0x2f,0x0b,0x8a,0x03,
0x72,0x3c,0x04,0x4e,0xc3,0x02,0x4a,0xd1,0xb0,0xc9,0x7f,0x42,0x42,0x00,0x38,0xcf,
0x22,0x0f,0x3c,0xe6,0x13,0x02,0x37,0x62,0x12,0xde,0x2f,0x09,0xb2,0x03,0x72,0x4e,
0x4c,0x00,0x72,0xd1,0xb0,0x49,0x7f,0x82,0x42,0x00,0x38,0xcf,0x1e,0xe1,0x8e,0x49,
0xa2,0xce,0x5e,0x5f,0x08,0x8a,0x0d,0xba,0xce,0x6f,0x0f,0x6a,0x12,0xb7,0xae,0xd0,
0x3c,0x20,0xaa,0xbd,0x7e,0x65,0x90,0x10,0xb6,0xb2,0x8e,0x41,0x8d,0xc7,0xaa,0xba,
0xdf,0x5c,0x6c,0x8e,0x01,0x61,0x11,0x9e,0xef,0xd1,0xa2,0x0e,0xbf,0x9e,0xcf,0xdb,
0x32,0x02,0xbe,0xd9,0x9f,0x05,0x11,0x01,0x28,0xcf,0xd0,0x22,0xc0,0x29,0xaf,0x46,
0x57,0x00,0x00,0x00,0x0e,0x08,0x00,0xb0,0x42,0x90,0x00,0x00,0x00,0xc2,0xa0,0x70,
0xde,0x2f,0x0b,0x8a,0x03,0x72,0x42,0x07,0x00,0x4e,0x53,0x02,0x4a,0xd1,0xb0,0x59,
0x7f,0x42,0x42,0x00,0x28,0xcf,0x02,0x0f,0x3c,0xe6,0x12,0x02,0x37,0x60,0x4e,0xde,
0x2f,0x0b,0x8a,0x03,0x72,0x04,0x0d,0xff,0x4e,0x43,0x02,0x4a,0xd1,0xb0,0x49,0x7f,
0x0e,0x82,0x00,0xa4,0x09,0xbf,0xde,0x2f,0x1b,0x12,0x02,0x72,0x68,0x7f,0x4f,0x32,
0x5a,0x88,0x16,0xc2,0xa8,0xdf,0xd2,0x2e,0x80,0x01,0x24,0xf1,0x2e,0x65,0x90,0xa0,
0xae,0xbf,0xd0,0x4d,0x20,0x05,0x0a,0x01,0xde,0x2f,0x0f,0x4a,0x06,0x72,0x7e,0xd2,
0x92,0xb0,0xb1,0xbe,0x29,0x7f,0x39,0x8f,0x46,0x01,0x00,0x00,0x00,0x00,0x22,0x2f,
0x07,0xde,0xe0,0x4f,0x4f,0xa2,0x72,0x9e,0x0b,0xa1,0x10,0x81,0x92,0x20,0x53,0x80,
0xbe,0xe4,0x2d,0x20,0xa9,0xbf,0x72,0xc5,0x02,0xdf,0xc5,0x01,0x08,0xe7,0x4b,0x10,
0x02,0x45,0x01,0x0f,0x32,0x72,0x70,0x00,0x42,0xa8,0x1f,0x51,0xd0,0x84,0xff,0x0c,
0xf0,0x79,0x51,0x6e,0x20,0xbf,0x08,0xa0,0x90,0x05,0x3f,0x01,0x4e,0x3f,0x00,0x24,
0x09,0xbf,0x04,0xdd,0xff,0xdf,0x12,0x57,0x80,0xe7,0x3e,0xef,0x1f,0x0d,0x32,0x98,
0x02,0xc0,0x68,0xcf,0xd6,0xc1,0xc8,0x27,0x61,0x11,0xc6,0x0c,0x00,0x00,0x00,0x00,
0x0e,0x11,0x00,0x08,0x40,0x90,0x00,0x00,0x1e,0x51,0x16,0xda,0x02,0x72,0xcf,0x21,
0x19,0x88,0x27,0x49,0x11,0x2c,0x03,0x8e,0x45,0xa3,0x8a,0x81,0xbe,0x0f,0x43,0x94,
0x86,0x01,0x40,0xa0,0xdf,0x05,0x82,0x80,0xe3,0x0e,0xf0,0x1e,0x02,0xc6,0x4c,0x40,
0x92,0xdf,0xf1,0x84,0x08,0x22,0x49,0x11,0x4f,0xf3,0xa6,0x4a,0x2f,0x8f,0xb1,0x52,
0x0e,0x00,0x5f,0x76,0x42,0xb8,0x59,0x45,0xf0,0x4f,0x55,0x16,0x48,0xab,0x8d,0xb0,
0xce,0x54,0x02,0x14,0x00,0x7a,0x8f,0xf3,0xe6,0x40,0x22,0x0e,0xf1,0x04,0x25,0x30,
0x8f,0x24,0x02,0x00,0xe2,0x0e,0xf0,0x06,0x02,0x00,0x3c,0x02,0xdf,0x27,0x02,0x00,
0xe2,0x0e,0xf0,0xde,0x2f,0x0b,0x8a,0x03,0x72,0x3a,0x22,0x20,0x24,0xc0,0x29,0x9f,
0x8e,0x2f,0xfe,0x88,0x00,0x92,0xde,0x0f,0x09,0xda,0x03,0x72,0xfe,0x32,0x91,0x50,
0xa4,0x72,0xdf,0x52,0xff,0x94,0x04,0xc0,0x68,0xfe,0x06,0x11,0x3e,0xa5,0x72,0xfe,
0x54,0x51,0x0e,0xa7,0x72,0xda,0x3c,0xe0,0x33,0x80,0x4f,0x23,0x8e,0x0c,0x01,0x84,
0xa0,0x22,0x6f,0x06,0x1e,0x01,0x0e,0xba,0x03,0x72,0x1e,0xd1,0x10,0x7a,0x04,0x72,
0xc8,0xa1,0x04,0x11,0x40,0x0d,0xf0,0x00,0x00,0x00,0x00,0x00,0x00,0x00,0x00,0x00,
0x1f,0xf1,0x2c,0xcc,0x24,0x4b,0x11,0x0f,0xa0,0xbd,0xc6,0x30,0x0f,0xf1,0x1f,0xa1,
0x60,0x88,0xa5,0x51,0x10,0xf0,0x20,0x00,0xb2,0x61,0x26,0x92,0x61,0x27,0xe9,0xe1,
0x4f,0xc1,0x10,0x48,0xe7,0x49,0x10,0xd9,0xf1,0xf9,0xd1,0x02,0x61,0x0c,0x5f,0x31,
0x80,0xce,0x87,0x49,0x10,0x1f,0x21,0x00,0x00,0x71,0x0e,0xf0,0x2e,0xa1,0x02,0x81,
0x91,0xc0,0x1f,0x83,0x34,0x80,0x29,0x27,0xe8,0xc5,0x04,0xff,0xdf,0x32,0x53,0xf8,
0x19,0x4f,0xe8,0xcf,0x02,0xa5,0x48,0x01,0x49,0x08,0x45,0x96,0xfe,0xa6,0x12,0x49,
0x1f,0x02,0xb8,0x00,0x29,0x24,0xe8,0xc5,0x1c,0x01,0xcf,0xc2,0x01,0x08,0xc1,0x49,
0x10,0x05,0x1c,0x01,0x22,0x92,0x00,0x4e,0xc0,0x20,0x30,0x81,0xbf,0x80,0x22,0x23,
0x0f,0x82,0x78,0x88,0x20,0x5a,0xa8,0xc5,0xb3,0xff,0x21,0x94,0xe7,0x0e,0x02,0x02,
0x80,0x91,0xc0,0x2e,0x0e,0x02,0x81,0x91,0xc0,0x0f,0x3f,0x87,0x40,0x20,0x5a,0xe8,
0xc9,0x3e,0xc9,0x2e,0x06,0xb6,0x00,0x00,0x00,0x00,0x0e,0x21,0x02,0x80,0x91,0xc0,
0x2e,0x0e,0x02,0x81,0x91,0xc0,0x86,0xb1,0x00,0x1f,0x82,0x04,0x50,0x20,0x58,0xa8,
0xcf,0x3f,0x79,0x20,0x21,0x16,0xe8,0x04,0x01,0x1c,0x5f,0x81,0x20,0xfe,0x2e,0x89,
0xb1,0x0e,0xc1,0xe4,0x12,0x1f,0xbf,0x29,0xa1,0x0e,0x01,0xe4,0x72,0x00,0x92,0x8e,
0x31,0xe2,0x52,0x1a,0xae,0xd9,0xb1,0x49,0x91,0x1e,0x13,0x00,0x88,0x41,0x74,0x00,
0x00,0x04,0xcc,0x01,0x29,0x91,0x22,0x21,0x13,0x9f,0xfc,0x85,0x4c,0x27,0x51,0x00,
0x00,0xde,0x47,0xe0,0xec,0x26,0xce,0x31,0x25,0x02,0x00,0x22,0x2e,0xb1,0x02,0x81,
0x91,0xc0,0xf0,0x20,0x00,0x05,0xf8,0xfe,0x1f,0x12,0x40,0xc8,0x20,0x8a,0x28,0x1f,
0x82,0x00,0x48,0x27,0xc8,0xc8,0x3f,0x31,0xa0,0x00,0x00,0x3e,0xd4,0x58,0xa1,0x4e,
0x04,0x5a,0xc9,0xb1,0xbe,0x6c,0x60,0x8f,0x84,0xe9,0x48,0x02,0x4b,0x08,0x37,0x20,
0x6e,0x50,0x3c,0x26,0x8f,0x14,0x00,0x0a,0x21,0x49,0x11,0xf7,0xa4,0x15,0x0e,0x13,
0x22,0x80,0xb1,0xc2,0x2f,0x50,0xb0,0xba,0xe1,0x3e,0xc8,0x0e,0x05,0x5a,0xc1,0xb1,
0xc2,0x56,0xf5,0xfd,0x4f,0x61,0x42,0xc0,0xc1,0x0e,0xf0,0x04,0x52,0x02,0x20,0x46,
0xc0,0x7e,0x43,0xb0,0x98,0xa9,0xba,0x30,0x25,0x93,0x4f,0x2c,0xbe,0xf4,0x01,0x85,
0xa0,0x4f,0x33,0x8c,0x30,0x08,0xec,0xb1,0x04,0x40,0xff,0x5e,0xa4,0x92,0x38,0x58,
0x2b,0x4e,0xf2,0x38,0x38,0xb8,0x2b,0x0e,0xf2,0x3a,0x80,0xb1,0xc2,0x2e,0x0e,0x40,
0x09,0x80,0x90,0x29,0x51,0x29,0x41,0xc6,0xd2,0xff,0x00,0x00,0x00,0x00,0x00,0x00,
0x3f,0x0a,0x50,0x00,0x00,0x3e,0xdc,0x0e,0x04,0x5a,0xc1,0xb1,0xc2,0xcc,0x54,0x0f,
0x03,0x9f,0x04,0xe0,0x62,0xe7,0xce,0x01,0x15,0x02,0x00,0x22,0x3f,0x50,0xb0,0x7a,
0xec,0x00,0x88,0x2f,0x0c,0xf0,0xb0,0xc1,0x3e,0xc8,0x0e,0x02,0x5a,0xc1,0xb1,0xc2,
0x2e,0x0e,0x02,0x81,0x91,0xc0,0x8f,0x82,0xd5,0x08,0x01,0x49,0x08,0x04,0x22,0x01,
0xf7,0xa2,0x1c,0x0e,0x03,0x02,0x80,0x91,0xc0,0x2f,0x50,0xb0,0xba,0xe1,0x3e,0xc8,
0x5f,0xf3,0x3c,0xa0,0x61,0x0e,0xf0,0x0e,0x04,0x5a,0xc1,0xb1,0xc2,0x56,0xc4,0xfd,
0x32,0x21,0x0b,0x22,0xa0,0x00,0x22,0x63,0x01,0x22,0x63,0x00,0x0e,0x0e,0x02,0x80,
0x91,0xc0,0x2f,0x50,0xb0,0x0a,0xe0,0x3e,0xc8,0x3d,0xf0,0x0e,0x00,0x5a,0xc1,0xb1,
0xc2,0x56,0x80,0x14,0x04,0x21,0x20,0x1f,0x21,0x00,0x80,0x69,0x0e,0xf0,0x85,0xe5,
0xfe,0x1e,0x21,0xe2,0x88,0x04,0x72,0x6e,0x33,0x0c,0x23,0xea,0xbd,0x4f,0x43,0xae,
0x4c,0x00,0x94,0xa0,0x1f,0x80,0xcc,0x40,0x09,0x3c,0xf1,0x22,0x61,0x09,0xf0,0x20,
0x00,0xc5,0x1b,0x00,0x1e,0x31,0xa0,0x88,0x04,0x72,0xf0,0x20,0x00,0x45,0x1c,0x00,
0xce,0x21,0x01,0x80,0x80,0x20,0x3f,0x01,0x14,0x62,0x0e,0x00,0x94,0x2f,0x0c,0xe0,
0xb8,0x61,0x3e,0xdc,0x0e,0x02,0x5a,0xc1,0xb1,0xc2,0x2e,0x0e,0x02,0x81,0x91,0xc0,
0x8f,0x82,0xe1,0x48,0x01,0x43,0x08,0x04,0x22,0x01,0xf7,0xa2,0x1c,0x0e,0x03,0x02,
0x80,0x91,0xc0,0x2f,0x50,0xb0,0xba,0xe1,0x3e,0xc8,0x5f,0xf3,0x3c,0xa0,0x61,0x0e,
0xf0,0x0e,0x04,0x5a,0xc1,0xb1,0xc2,0x56,0xc4,0xfd,0x32,0x21,0x0b,0x22,0xa0,0x00,
0x22,0x63,0x01,0x29,0x03,0x8f,0xc1,0x83,0x78,0x3e,0x4d,0xf1,0x1f,0x8c,0x08,0xc0,
0x09,0x15,0xe8,0x0e,0xee,0x3e,0x80,0x91,0xc0,0x2e,0xa1,0x02,0x81,0x91,0xc0,0x85,
0xdb,0xfe,0x3e,0x0e,0xbc,0x4e,0x47,0x60,0xcf,0x1c,0x01,0x8e,0x21,0x49,0x11,0x1f,
0xfc,0x14,0x34,0x09,0x14,0xe0,0x0e,0x0e,0x02,0x80,0x91,0xc0,0x2e,0x21,0x02,0x81,
0x91,0xc0,0x45,0xd9,0xfe,0xcf,0x3a,0x59,0x08,0x21,0x49,0x11,0x05,0x11,0x00,0xcf,
0x31,0x81,0x0e,0xc1,0x49,0x10,0xc5,0x11,0x00,0x1e,0x0e,0x00,0x88,0x80,0x20,0x3f,
0xe1,0x9c,0x60,0x0e,0x20,0x94,0x04,0x31,0x50,0x3f,0xe1,0xd0,0xba,0x01,0x3e,0xd4,
0x1f,0x21,0x40,0x00,0x71,0x0e,0xf0,0x2e,0x00,0x5a,0x81,0x91,0xc2,0x2e,0xa1,0x02,
0x81,0x91,0xc0,0x45,0xd5,0xfe,0x06,0x6b,0xff,0x00,0x00,0x00,0x00,0x00,0x00,0x00,
0x00,0x00,0x00,0x00,0x00,0x0e,0x21,0x20,0x30,0x80,0x92,0x6e,0x95,0x7e,0x56,0x59,
0xac,0x00,0x00,0x00,0x1f,0x1c,0x80,0x08,0x20,0x88,0x31,0x4f,0x0e,0x02,0x30,0x68,
0x8b,0xb0,0x0f,0xf2,0x8e,0x4c,0x00,0x40,0xa0,0x39,0x10,0x39,0x00,0x00,0xed,0x47,
0xcf,0x01,0x01,0x0e,0xc1,0x4b,0x10,0x1e,0xe1,0x1e,0xba,0x06,0x72,0x1e,0xc1,0x22,
0xb2,0x07,0x72,0x3e,0x11,0x0e,0x4a,0x07,0x36,0x0d,0xf0,0x00,0x1f,0x01,0x44,0x88,
0x24,0x4b,0x11,0x1f,0xa0,0xbc,0xce,0x25,0x4b,0x11,0xa0,0x11,0x10,0xb2,0x61,0x16,
0x92,0x61,0x17,0x4f,0xe1,0x50,0x0a,0xe7,0x49,0x10,0x9f,0xc1,0xd0,0x0a,0xe6,0x49,
0x10,0xd9,0x61,0xf9,0x41,0x09,0x31,0x8f,0x11,0x80,0xce,0x86,0x49,0x10,0x5f,0x35,
0x60,0x88,0x07,0x43,0x08,0x2e,0xee,0x36,0x80,0x91,0xc2,0x9f,0x1f,0xe5,0x00,0xe0,
0x90,0x30,0x2f,0x8d,0x60,0x06,0x00,0x3e,0xcc,0x0e,0x02,0x5a,0xc1,0xb1,0xc2,0xf0,
0x20,0x00,0xcf,0x82,0xd9,0x08,0x01,0x41,0x08,0x45,0xc0,0xff,0x2e,0xc0,0xfa,0xc5,
0xf1,0xc2,0xcf,0x01,0xc1,0x08,0xc1,0x4b,0x10,0x1e,0xe1,0x0a,0x7a,0x02,0x72,0x1e,
0xc1,0x0e,0x72,0x03,0x72,0x1e,0x11,0x2e,0x42,0x07,0x36,0x0d,0xf0,0x00,0x00,0x00,
0x04,0x11,0xf0,0x09,0x31,0x45,0x18,0x00,0x1f,0x01,0xc0,0x80,0xc8,0x0e,0xf0,0x0d,
0xf0,0x00,0x00,0x00,0x1f,0x44,0x18,0x80,0x38,0x4d,0xf1,0x09,0x31,0x05,0x28,0x00,
0x1f,0x01,0xc0,0x80,0xc8,0x0e,0xf0,0x0d,0xf0,0x00,0x00,0x00,0x04,0x11,0xf0,0x31,
0x75,0xe6,0x02,0x61,0x03,0x02,0x23,0x00,0x00,0x32,0x47,0x00,0x20,0x20,0x85,0x50,
0x00,0x1f,0x01,0xc0,0x80,0xc8,0x0e,0xf0,0x0d,0xf0,0x00,0x00,0xb1,0x6e,0xe6,0x7c,
0xf2,0x38,0x0b,0x0c,0x14,0x49,0x03,0x0d,0xf0,0x00,0x00,0x00,0x04,0x11,0xf0,0x31,
0x69,0xe6,0x02,0x61,0x03,0x02,0x23,0x00,0x00,0x32,0x47,0x00,0x20,0x20,0x05,0x6c,
0x00,0x1f,0x01,0xc0,0x80,0xc8,0x0e,0xf0,0x0d,0xf0,0x00,0x00,0x1f,0x3f,0x58,0x80,
0x38,0x4d,0xf1,0x09,0x31,0x0f,0x23,0xf8,0x0e,0x01,0x41,0x80,0x90,0x32,0x11,0x90,
0x4e,0xe3,0x30,0x34,0x20,0x30,0xe9,0xf3,0x30,0x37,0x41,0x5f,0x32,0xcc,0x0e,0x11,
0x81,0xa0,0x05,0x01,0x00,0x0e,0x01,0x04,0x4a,0x00,0x92,0x1f,0x10,0x64,0xc2,0xe8,
0x14,0xf0,0x00,0x00,0x04,0x11,0xf0,0xc0,0x20,0x00,0x32,0xaf,0xff,0x30,0x31,0x41,
0x32,0x61,0x03,0x07,0xe2,0x3d,0x17,0xe2,0x5c,0x27,0xe2,0x71,0x0f,0x32,0x8b,0x00,
0x00,0x50,0xe0,0x47,0x62,0x1d,0xc0,0x20,0x00,0x22,0xa0,0xff,0x90,0x22,0x01,0x22,
0x61,0x02,0xc0,0x20,0x00,0x2e,0x21,0x02,0x81,0x71,0xc0,0xc0,0x20,0x00,0x2e,0x21,
0x02,0x81,0x71,0xc0,0x5f,0xd0,0x50,0x83,0x40,0xe0,0x30,0x60,0x43,0xb8,0xf2,0xa1,
0x5f,0xdd,0x57,0x01,0xc0,0x20,0x00,0x38,0x31,0x30,0x00,0x46,0x2f,0x50,0xb0,0x0a,
0xf6,0x60,0xc8,0xc0,0x20,0x00,0x0e,0x21,0x02,0x81,0x91,0xc0,0xc0,0x20,0x00,0x1f,
0x12,0x0c,0x08,0xe0,0x32,0x27,0x0c,0x13,0x5e,0x31,0x1a,0x51,0xb8,0xbb,0x0f,0x22,
0x37,0x2b,0x88,0x00,0x18,0x2d,0x00,0xd4,0x03,0xa8,0xb7,0xc6,0x53,0x01,0x31,0x60,
0xe6,0x30,0x00,0x46,0x0f,0x32,0x17,0x2b,0x88,0x00,0x04,0x6c,0xc3,0xbb,0xc3,0xa9,
0xb7,0xc6,0x57,0x01,0x3e,0xf0,0x32,0x90,0x98,0xbb,0x2f,0x42,0x33,0x2b,0x68,0x41,
0x00,0x69,0xc3,0xbc,0xc3,0xa9,0xb7,0xc6,0x57,0x01,0x86,0xe1,0xff,0x00,0x00,0x00,
0x04,0x11,0xf0,0x21,0x54,0xe6,0x09,0x31,0x28,0x02,0x16,0x22,0x00,0xc0,0x02,0x00,
0x21,0x52,0xe6,0x1f,0x01,0xc0,0x80,0xc8,0x0e,0xf0,0x0d,0xf0,0xde,0x42,0xc5,0xd8,
0x1f,0x96,0x0c,0xf8,0x8e,0x7f,0xe0,0x96,0x92,0xbb,0xdf,0x65,0x4e,0x7e,0x1b,0x87,
0xe0,0x4f,0x48,0x6e,0x4a,0x00,0x40,0xa0,0x42,0x12,0x02,0x0c,0x25,0x1e,0x34,0xc0,
0x1c,0x40,0x92,0x42,0x12,0x01,0xf0,0x20,0x00,0x16,0xf4,0x0c,0x5e,0xf0,0x64,0x63,
0xa9,0xbf,0x00,0x00,0x00,0x47,0x86,0x0f,0x62,0x12,0x02,0xcc,0x96,0x62,0x12,0x01,
0xcc,0x46,0x62,0x12,0x00,0x16,0x46,0x04,0x7e,0x50,0x6a,0xaa,0xb1,0x90,0xbe,0x35,
0xd2,0x90,0xa1,0x92,0x5e,0x60,0xff,0xce,0x91,0xbe,0x7e,0x78,0xcc,0xa1,0x29,0xbd,
0x0f,0x33,0x50,0x58,0x1c,0xc3,0x88,0x5f,0x53,0x18,0xe6,0x12,0x83,0xa0,0xde,0x31,
0x23,0xa8,0x9f,0x97,0x5e,0x50,0x22,0x80,0x99,0xae,0x2e,0x34,0x12,0xea,0xb9,0x4b,
0x52,0x52,0x02,0x59,0x02,0x5e,0x42,0x84,0x62,0x09,0xbf,0x0d,0xf0,0x0c,0x03,0x5e,
0xf0,0x64,0x63,0xa9,0xbf,0x00,0x00,0x00,0x2e,0x6a,0x8e,0x09,0x3d,0x40,0x50,0x44,
0x41,0xae,0x6a,0xd6,0x98,0xba,0xb2,0x58,0x05,0x7e,0x25,0x56,0x0a,0xa0,0x62,0xb2,
0x95,0x00,0xf0,0x20,0x00,0x30,0x3b,0x10,0xb0,0x63,0x30,0x62,0x55,0x00,0x0f,0x04,
0x7e,0x28,0x00,0x40,0xa8,0x26,0x24,0x0b,0x66,0x34,0x20,0x4e,0xb2,0x84,0x12,0x01,
0x62,0x30,0x34,0x20,0x0e,0x42,0x82,0x68,0x00,0x92,0xb2,0x52,0x01,0x30,0x34,0x20,
0x0e,0x42,0x82,0x28,0x00,0x92,0xb2,0x52,0x00,0x30,0x34,0x20,0xfe,0x30,0xbf,0x88,
0xbf,0x95,0x20,0x32,0x83,0x5e,0xf0,0x64,0x63,0xa9,0xbf,0x00,0x22,0x12,0x00,0x20,
0x65,0x93,0xce,0xf0,0x64,0x63,0xa9,0xbf,0x00,0x00,0x00,0x00,0x00,0x00,0x00,0x00,
0x04,0x11,0xe0,0x5f,0xe1,0x50,0x0a,0xe7,0x49,0x10,0x4e,0xc1,0xce,0xca,0x01,0x6a,
0x4f,0xd1,0x90,0x0a,0xe6,0x49,0x10,0x8f,0x34,0xac,0x88,0x06,0x79,0x11,0xde,0xf1,
0xc9,0x92,0x1f,0x96,0xde,0x01,0xc5,0x42,0x00,0x92,0x0f,0x24,0xd4,0x0e,0x11,0x83,
0x80,0x4f,0x42,0xa2,0x16,0x00,0x42,0xa0,0x4f,0x30,0x6a,0x0a,0x20,0x48,0xa0,0x22,
0x1c,0x02,0x56,0xa2,0x24,0x22,0x1c,0x01,0x56,0x42,0x24,0x22,0x1c,0x00,0x0c,0x15,
0x5e,0x3c,0x80,0x88,0x42,0xb8,0x00,0x00,0x00,0x2c,0x47,0x05,0xbf,0x00,0x0f,0x12,
0x5e,0x10,0x20,0x42,0xa8,0xdf,0x3e,0x47,0xc8,0x1f,0x4c,0xa8,0x5f,0xf0,0x18,0x88,
0x29,0xcc,0xb1,0x1f,0x3e,0x2a,0x56,0x00,0x42,0xa0,0x21,0xee,0xe5,0x32,0x9c,0x03,
0x6e,0xf3,0xbc,0x40,0xa0,0x22,0x2f,0x50,0xb2,0x1a,0xea,0x80,0xc8,0x0f,0x20,0x07,
0x2b,0x08,0x00,0x18,0x6d,0x43,0x3c,0xc2,0x21,0xbc,0xc6,0x57,0x01,0x2e,0x0c,0x42,
0x81,0x91,0xc0,0x46,0x7a,0x00,0x00,0x00,0x00,0x00,0x00,0x00,0x1e,0x3c,0xc4,0x48,
0x02,0xce,0x1f,0xe4,0x8c,0x14,0x00,0x42,0xa0,0x4f,0x4f,0x18,0x78,0x29,0x8d,0xb1,
0x8f,0x5f,0xfe,0x7e,0x3a,0x8f,0xf1,0x6e,0x50,0x7c,0x32,0xb9,0xac,0x40,0x33,0x10,
0x20,0x23,0x20,0x22,0x5c,0x03,0x86,0x6d,0x00,0x00,0x00,0x00,0xae,0x30,0x4e,0x02,
0xba,0xac,0xcf,0x55,0x11,0xc8,0xac,0x8d,0xb0,0x1f,0x43,0xe3,0x38,0xbc,0x55,0xf0,
0x5e,0x5c,0x85,0x5a,0x1e,0x97,0x0f,0x68,0x6e,0xac,0x1f,0x45,0xa0,0x0e,0x3c,0x86,
0x52,0x00,0x92,0x52,0x5c,0x02,0x59,0x0c,0x06,0x61,0x00,0x00,0x00,0x00,0x00,0x00,
0x0e,0x60,0x22,0x18,0x80,0x92,0x1f,0x8b,0x2c,0xc6,0x1f,0x55,0xa0,0x0f,0xac,0x92,
0xa0,0xcc,0xcc,0xb0,0xae,0xb9,0xd1,0x5e,0xa0,0x6a,0xae,0xef,0x93,0xae,0xa0,0x6a,
0x9f,0xaa,0x0c,0x88,0x04,0x69,0x11,0x2e,0x2e,0x92,0x38,0xbf,0x97,0x0f,0x8f,0x34,
0xfe,0x1e,0x4d,0xa0,0x9f,0x90,0x18,0x08,0x20,0x49,0x11,0x1e,0xf0,0x3d,0x5e,0x8b,
0xbe,0x4f,0x6b,0x8d,0x8a,0x05,0x69,0x11,0x0f,0x8e,0x00,0xbe,0x1d,0x4d,0xa0,0x9f,
0x90,0x18,0x88,0x25,0x49,0x11,0x1e,0x00,0x21,0x18,0x8b,0xbe,0x4f,0x8f,0x19,0x1e,
0x03,0xc6,0xa0,0x0f,0x8e,0x32,0x66,0x00,0x40,0xa0,0x04,0x58,0x40,0x50,0x50,0x60,
0x50,0x54,0x41,0x76,0x85,0x01,0x3d,0xf0,0x1e,0x0a,0x00,0x18,0x40,0x90,0x00,0x00,
0x60,0x69,0x62,0x60,0x65,0x20,0x0e,0x00,0x22,0x28,0x80,0x92,0x0c,0x05,0x4f,0xbc,
0x02,0x38,0xe4,0x0c,0xf0,0x02,0x5c,0x01,0x92,0x5c,0x02,0x52,0x5c,0x03,0x16,0x28,
0x06,0x0e,0x00,0x61,0x00,0x99,0xae,0x1e,0x9c,0xc0,0x08,0x01,0xce,0x0e,0xbc,0xc0,
0x48,0x09,0xb6,0x0e,0xfc,0xc4,0x08,0x14,0xbe,0x0e,0x67,0x83,0x83,0xa9,0xc2,0x4e,
0xf9,0xa6,0x05,0xb1,0xc2,0x0e,0x93,0x4f,0xc5,0xa9,0xc2,0x4e,0xfb,0xa6,0x07,0xb1,
0xc2,0x0e,0xb3,0xcf,0xc5,0xa9,0xc2,0x4e,0xff,0x26,0x01,0xb1,0xc2,0x7e,0x9e,0xea,
0xfa,0xa4,0xca,0x2e,0x6a,0xab,0xc2,0xa9,0xc2,0x4e,0xf5,0xa6,0x07,0xb1,0xc2,0x5e,
0x7c,0x82,0x92,0x02,0xca,0xee,0xb0,0xeb,0xe2,0xa7,0xbe,0x72,0x5c,0x01,0xf2,0x5c,
0x02,0x52,0x5c,0x03,0x9e,0xff,0xfe,0x4e,0x81,0xbe,0x0e,0x2c,0x86,0xfa,0x1a,0x4b,
0x9f,0x65,0xe9,0x76,0x1c,0x4d,0xe0,0x0c,0x17,0xbe,0x60,0xbd,0xa2,0xa3,0xb8,0x16,
0x67,0x04,0x26,0x37,0x07,0x66,0x27,0x09,0x8c,0x93,0xc6,0x0e,0x00,0xcc,0x43,0x86,
0x0d,0x00,0x67,0xb4,0x2a,0x42,0x9c,0x00,0x1b,0x44,0x42,0x5c,0x00,0x47,0x85,0x28,
0x42,0x9c,0x01,0x1b,0x44,0x42,0x5c,0x01,0x47,0x85,0x1d,0x42,0x9c,0x02,0x1b,0x44,
0x42,0x5c,0x02,0x47,0x85,0x12,0x04,0x22,0x01,0x22,0x5c,0x03,0x46,0x02,0x00,0x00,
0x47,0x96,0x05,0x42,0x0c,0x00,0x07,0xe4,0xcb,0x20,0x20,0xf4,0x37,0x92,0x10,0x22,
0x1c,0x02,0xcc,0xa2,0x22,0x1c,0x01,0xcc,0x52,0x22,0x1c,0x00,0xcc,0x02,0x0c,0x05,
0x1e,0x01,0x06,0x7a,0x02,0x72,0x1e,0xd1,0x0c,0xba,0x02,0x72,0x9e,0xc1,0x0c,0x62,
0x09,0xbf,0x04,0x11,0x20,0x0d,0xf0,0x00,0x04,0x11,0xf0,0x41,0xb4,0xe4,0x4f,0xd1,
0x90,0x88,0xe6,0x49,0x10,0xc9,0x31,0x09,0x11,0x48,0x04,0x0c,0x52,0x0f,0x04,0xbc,
0x70,0x00,0x40,0xa8,0x66,0x14,0x48,0x0c,0x62,0x00,0x51,0x00,0x39,0x0d,0xc0,0x20,
0x00,0x31,0x59,0xe5,0x29,0x03,0xc0,0x20,0x00,0x5e,0x37,0x00,0x30,0x40,0x70,0x00,
0x00,0x2d,0x47,0xc5,0x14,0x00,0x4f,0x82,0x90,0x08,0x03,0x43,0x08,0x9f,0x32,0xc5,
0xc8,0x1f,0x47,0xa8,0x0e,0x30,0x20,0x10,0x80,0x92,0x52,0xa0,0x00,0xc5,0xa7,0x00,
0x4f,0x13,0xa4,0x08,0xe6,0x51,0x10,0x05,0x02,0x00,0x29,0x0d,0x06,0x01,0x00,0x00,
0x29,0x0d,0x7c,0xfc,0x8f,0x01,0x41,0x08,0xc1,0x4b,0x10,0x1e,0xc1,0x06,0x72,0x01,
0x72,0x1f,0x10,0x64,0xc2,0xe8,0x14,0xf0,0x0e,0x37,0x61,0x92,0x82,0x92,0x5f,0x23,
0x2f,0x8e,0x02,0x40,0xa0,0xee,0x41,0x0b,0xcb,0x20,0x90,0xdf,0x23,0xde,0xcc,0x00,
0x40,0xa0,0x27,0x54,0x0e,0x0d,0xf0,0x00,0x47,0x12,0x02,0x37,0x12,0x0d,0x8e,0xf0,
0x65,0xcb,0xb0,0x92,0xae,0x32,0xad,0x8d,0xf0,0x90,0x0d,0xf0,0x4e,0xf0,0x65,0x4b,
0xb0,0x92,0x00,0x00,0x4f,0xab,0x18,0x88,0x21,0x49,0x11,0x2e,0xa2,0x93,0x48,0xb2,
0xbb,0x1e,0x24,0x43,0x8d,0x75,0xb9,0x4e,0x2b,0x83,0x8d,0x71,0xb9,0x5e,0xf0,0x64,
0xcb,0xa5,0x02,0x00,0x0e,0x37,0x24,0x54,0x86,0x96,0x5e,0x58,0xe0,0xa8,0x99,0xae,
0x7e,0x32,0xd0,0x48,0xb5,0x42,0xfe,0x20,0xca,0x24,0xa0,0x90,0x7e,0x26,0x88,0x12,
0xa2,0xbc,0x7e,0xaa,0x67,0xaa,0xb4,0xb7,0x7e,0x95,0x90,0x18,0xb2,0xb7,0x8e,0xf0,
0x64,0x4b,0xb1,0xb2,0x0d,0xf0,0x00,0x00,0x4e,0x3f,0xe0,0x26,0x9b,0xae,0x7e,0x28,
0x1c,0xc2,0xb9,0xac,0x2e,0x36,0xd0,0xc8,0xba,0x4f,0x9e,0x32,0x1c,0x55,0x7c,0x01,
0x5e,0xf0,0x64,0x53,0xb1,0xb2,0x00,0x00,0x5e,0x4f,0xe0,0xa6,0x9b,0xae,0x4e,0x04,
0x18,0xe2,0xbd,0xae,0xfe,0x4b,0x10,0xd2,0xa3,0xb3,0x2e,0x38,0x5e,0x4a,0xbb,0x4d,
0x2e,0x28,0x1c,0x4c,0xbd,0x4d,0x4e,0x56,0x1d,0x25,0x7c,0x01,0x5e,0x42,0x1e,0x5d,
0x7c,0x05,0xae,0x57,0x90,0xa0,0xb1,0xb2,0x0d,0xf0,0x00,0x00,0x7e,0x5d,0x09,0xd1,
0x21,0x90,0x37,0x34,0x0e,0x3a,0x35,0x32,0x03,0x00,0x8c,0x63,0x5f,0x10,0x66,0x7a,
0xf9,0x55,0xf0,0x00,0x0c,0x93,0xde,0x32,0xc1,0x8a,0x1f,0x97,0x0d,0xf0,0x00,0x00,
0x7e,0x54,0x09,0xd1,0x21,0x90,0x0f,0x34,0xe6,0x6c,0x00,0x40,0xa0,0x3a,0x35,0x42,
0x03,0x00,0x8c,0x74,0x8f,0xb3,0x02,0x38,0xf9,0x4f,0xf0,0x0d,0xf0,0x0c,0x93,0xde,
0x32,0xc1,0x8a,0x1f,0x97,0x0d,0xf0,0x00,0xae,0x4a,0xcb,0x97,0x21,0x90,0x0f,0xe5,
0x02,0x08,0x80,0x40,0xb0,0x52,0x04,0x00,0x04,0x44,0x01,0x8c,0xd5,0x04,0x33,0xff,
0x1c,0x83,0xde,0x32,0xc1,0x8a,0x1f,0x97,0x0d,0xf0,0x00,0x00,0x1e,0xf0,0x66,0x4b,
0xa1,0xce,0x00,0x00,0x41,0xef,0xe4,0x2a,0x24,0x1b,0x33,0x32,0x42,0x00,0x0d,0xf0,
0x5f,0x01,0x64,0x48,0x23,0x4b,0x11,0xd9,0x21,0xd1,0x38,0xe4,0xc9,0x31,0x09,0x11,
0x7c,0xfc,0x38,0x0d,0x00,0xd2,0x47,0xcf,0x03,0x68,0x48,0x01,0x43,0x08,0x9f,0x53,
0xb6,0x48,0x00,0x42,0xa8,0x32,0x02,0x00,0x04,0x22,0x01,0x56,0x63,0xff,0x4f,0x28,
0xfc,0xde,0x29,0xce,0xb1,0x0e,0x40,0x22,0x10,0x80,0x92,0x05,0x8b,0x00,0x4f,0x13,
0xa4,0x08,0xe6,0x51,0x10,0x05,0xe5,0xff,0x4f,0x11,0x00,0x88,0xc1,0x41,0x10,0x00,
0xcf,0x2a,0x18,0x88,0x21,0x49,0x11,0x00,0x51,0x00,0x00,0xc2,0x47,0x8f,0x3d,0x11,
0x08,0xe1,0x49,0x10,0x1e,0x01,0x02,0x72,0x01,0x72,0x1f,0xc1,0xc0,0x80,0xc8,0x0e,
0xf0,0x0d,0xf0,0x00,0x04,0x11,0xe0,0xd9,0x61,0xd1,0x1c,0xe4,0x8f,0xe1,0x50,0x0a,
0xe7,0x49,0x10,0x9f,0xc1,0xd0,0x0a,0xe6,0x49,0x10,0x09,0x41,0x48,0x0d,0x4f,0x1c,
0x64,0x8a,0xe6,0x51,0x10,0x9f,0x04,0x88,0x08,0x00,0x42,0xa8,0xcf,0x54,0x55,0x08,
0x02,0x49,0x08,0x0c,0x42,0x00,0x51,0x00,0x39,0x0d,0xc0,0x20,0x00,0x31,0xc1,0xe4,
0x29,0x03,0xc0,0x20,0x00,0x5e,0x35,0x00,0x30,0x40,0x70,0x00,0x00,0x00,0x2d,0x47,
0x85,0xeb,0xff,0x4f,0x82,0x88,0x48,0x03,0x43,0x08,0x8f,0x1e,0xe5,0x08,0xe2,0x51,
0x10,0x0e,0x2b,0xfe,0x56,0x80,0x92,0x45,0x81,0x00,0x4f,0x13,0xa4,0x08,0xe6,0x51,
0x10,0x45,0xdb,0xff,0x22,0x6d,0x00,0xc6,0x00,0x00,0x29,0x0d,0x7c,0xfc,0x8f,0x01,
0x01,0x0a,0xc1,0x4b,0x10,0x1e,0xd1,0x0c,0xba,0x02,0x72,0xc8,0x71,0x04,0x11,0x20,
0x0d,0xf0,0x00,0x00,0x6e,0x5d,0x88,0x0d,0x22,0xbc,0x2e,0x7b,0xc4,0x5f,0x20,0x90,
0x3e,0x8b,0xc6,0x67,0x20,0x90,0xb1,0xa9,0xe4,0x0e,0x25,0x03,0xda,0x0b,0xbe,0xde,
0xb6,0x82,0xa3,0xa3,0xbf,0xee,0x32,0xd2,0x18,0xa3,0xbe,0xcc,0x36,0x6d,0x01,0x37,
0x36,0x09,0x68,0x05,0x67,0xb3,0x04,0x39,0x15,0x0d,0xf0,0x00,0x8e,0x2f,0xff,0x6e,
0x80,0x92,0xb9,0x04,0x0d,0xf0,0x00,0x00,0x98,0x62,0x90,0xe8,0x13,0x30,0x30,0x34,
0x26,0x43,0x05,0x10,0x41,0x00,0x00,0x52,0x00,0x30,0xb1,0x03,0x81,0x99,0xe4,0x87,
0x13,0x20,0x30,0x81,0xe5,0x71,0x97,0xe4,0x70,0x88,0x30,0xdc,0xd8,0x90,0x90,0xb4,
0x82,0xa1,0x14,0x87,0x99,0x06,0x2d,0xf1,0x3b,0x33,0xc6,0x01,0x00,0x82,0xa2,0x14,
0x87,0x99,0x08,0x2b,0x33,0x30,0xb1,0x13,0x39,0x42,0x0d,0xf0,0x00,0x52,0x00,0x00,
0x4f,0x76,0xd8,0x0e,0x23,0x49,0x11,0xdf,0x67,0xe5,0x8c,0x1f,0x47,0xa0,0x21,0x8a,
0xe4,0x81,0x8a,0xe4,0x20,0x26,0xb0,0x4e,0x03,0x42,0x1c,0x40,0x72,0x49,0x12,0x06,
0x02,0x00,0x00,0x00,0x0f,0x62,0x51,0x88,0xe1,0x49,0x10,0x0e,0x32,0xc0,0x0a,0x00,
0x92,0xdf,0x85,0x10,0xa0,0x09,0xc4,0xa8,0x30,0x37,0x93,0x39,0x05,0x0d,0xf0,0x00,
0x4f,0x68,0x18,0x88,0x22,0x49,0x11,0xdf,0x56,0xc1,0xcc,0x1f,0x47,0xa0,0x21,0x7c,
0xe4,0x61,0x7c,0xe4,0x20,0xb5,0xa0,0x30,0x36,0x83,0x0c,0x02,0x5e,0x3b,0xc3,0x12,
0x00,0x72,0x8c,0x64,0x60,0x35,0x27,0x30,0x35,0x93,0x39,0x04,0x0d,0xf0,0x00,0x00,
0x12,0xc1,0xf0,0x09,0x31,0xcd,0x02,0x05,0x74,0x00,0xd0,0x20,0x00,0x3d,0x0c,0x4d,
0x03,0x0c,0x12,0x00,0x51,0x00,0x2d,0x04,0xf0,0x41,0x00,0x00,0x7f,0x00,0xc6,0xfa,
0xff,0x00,0x00,0x00,0x04,0x11,0xf0,0xc9,0x31,0x09,0x21,0x31,0x6b,0xe4,0x22,0xc3,
0xfc,0x28,0x02,0x26,0x02,0x0d,0xc2,0xc3,0xf8,0xc0,0x02,0x00,0x28,0x0c,0xc2,0xcc,
0xfc,0x66,0x02,0xf4,0x08,0x21,0xc8,0x31,0x04,0x11,0x10,0x0d,0xf0,0x00,0x00,0x00,
0x04,0x11,0xf0,0x29,0x31,0x39,0x21,0x49,0x11,0x04,0x11,0x10,0x0d,0xf0,0x00,0x00,
0x04,0x11,0xe0,0x09,0x21,0x29,0x71,0x39,0x61,0x28,0x61,0x29,0x51,0x28,0x51,0x28,
0x32,0x29,0x41,0x28,0x51,0x28,0x12,0xc0,0x20,0x00,0x28,0x12,0x29,0x31,0x28,0x31,
0x38,0x51,0x38,0x13,0xc0,0x20,0x00,0x29,0x13,0x28,0x41,0x28,0x02,0x9c,0x32,0xc6,
0xff,0xff,0x28,0x41,0x58,0x02,0x28,0x12,0x38,0x31,0x42,0xa0,0x00,0xc0,0x05,0x00,
0x06,0x00,0x00,0x00,0x28,0x31,0x38,0x41,0xc0,0x20,0x00,0x48,0x83,0x20,0x24,0x20,
0xc0,0x20,0x00,0x29,0x83,0x08,0x21,0x04,0x11,0x20,0x0d,0xf0,0x04,0x11,0xf0,0x29,
0x31,0x28,0x31,0x28,0x02,0x04,0x11,0x10,0x0d,0xf0,0x00,0x00,0x04,0x11,0xf0,0x29,
0x31,0x28,0x31,0xc0,0x20,0x00,0x22,0x22,0x21,0x32,0xa0,0xc0,0x30,0x22,0x10,0x22,
0xc2,0x80,0x0c,0x13,0x30,0x22,0x62,0x04,0x11,0x10,0x0d,0xf0,0x04,0x11,0xf0,0x29,
0x31,0x28,0x31,0xc0,0x20,0x00,0x22,0x22,0x21,0x1c,0x83,0x30,0x22,0x10,0x0c,0x13,
0x30,0x22,0x62,0x04,0x11,0x10,0x0d,0xf0,0x04,0x11,0xf0,0x29,0x21,0x28,0x21,0xc0,
0x20,0x00,0x22,0x22,0x21,0x3c,0x03,0x27,0x03,0x0a,0xc6,0xff,0xff,0x0c,0x12,0x22,
0x41,0x0c,0x86,0x08,0x00,0x28,0x21,0xc0,0x20,0x00,0x28,0x12,0x0c,0x33,0x30,0x33,
0x11,0x27,0x03,0x0b,0x06,0x00,0x00,0x00,0x0c,0x12,0x22,0x41,0x0c,0xc6,0x01,0x00,
0x0c,0x02,0x22,0x41,0x0c,0xc6,0xff,0xff,0x22,0x01,0x0c,0x04,0x11,0x10,0x0d,0xf0,
0x04,0x11,0xf0,0x29,0x31,0x28,0x31,0xc0,0x20,0x00,0x28,0x12,0x32,0xa1,0xc1,0xa0,
0x33,0x11,0x30,0x22,0x10,0x0c,0x03,0x20,0x23,0x62,0x04,0x11,0x10,0x0d,0xf0,0x00,
0x04,0x11,0xf0,0x29,0x31,0x28,0x31,0xc0,0x20,0x00,0x22,0x22,0x21,0x32,0xa0,0xc0,
0x30,0x22,0x10,0x22,0xc2,0xc0,0x0c,0x13,0x30,0x22,0x62,0x04,0x11,0x10,0x0d,0xf0,
0x4f,0x01,0x64,0x48,0x22,0x4b,0x11,0x02,0x61,0x03,0x5f,0x84,0x50,0x48,0x01,0x41,
0x08,0x45,0xda,0xff,0x05,0xb0,0xfb,0x85,0x59,0x00,0xc5,0xaf,0xfb,0x00,0x00,0x00,
0x00,0x00,0x00,0x00,0x00,0x00,0x00,0x00,0x00,0x00,0x00,0x00,0x00,0x76,0x94,0x0d,
0x5f,0x63,0x12,0x80,0xc1,0x0e,0xf0,0x9f,0x65,0x02,0x80,0xe2,0x0e,0xf0,0x0d,0xf0,
0xb6,0x74,0xe9,0x8f,0x63,0x12,0x38,0xda,0x4f,0xf0,0x9f,0x65,0x02,0x80,0xe2,0x0e,
0xf0,0x04,0x33,0x01,0x17,0x65,0x28,0xb6,0x64,0xd2,0x5e,0x63,0x42,0x9a,0x00,0x7a,
0x8f,0x65,0x00,0x38,0xfa,0x4f,0xf0,0x5f,0x75,0x40,0x88,0xe1,0x0e,0xf0,0x9f,0x0e,
0x00,0x88,0xc2,0x04,0xf0,0x00,0x00,0x00,0x5d,0x02,0x07,0xe2,0xc2,0x17,0xe2,0xd6,
0x5e,0x44,0xc4,0x4b,0xbc,0xaa,0x56,0x68,0x07,0x76,0x97,0x1d,0x5e,0x63,0x02,0x9a,
0x00,0x72,0x69,0x05,0x5e,0x75,0xc0,0x5a,0x01,0x72,0x5e,0x65,0xc6,0x9a,0x01,0x72,
0x5f,0x75,0xd0,0x80,0xe9,0x0c,0xf0,0x04,0x55,0x10,0x37,0x64,0x13,0x5e,0x63,0x02,
0x9a,0x00,0x72,0x5f,0x65,0x10,0xa0,0xe1,0x0c,0xf0,0x9f,0x75,0x50,0xa0,0xe2,0x0c,
0xf0,0x27,0xe4,0x07,0x17,0xe4,0x1a,0x07,0xe4,0x2a,0x0d,0xf0,0x5f,0x63,0x00,0x90,
0xc1,0x0e,0xf0,0x9f,0x65,0x10,0x90,0xe2,0x0c,0xf0,0x17,0xe4,0x04,0x07,0xe4,0x14,
0x0d,0xf0,0x5f,0x63,0x10,0x88,0xc1,0x0c,0xf0,0x9f,0x65,0x00,0x88,0xe2,0x0c,0xf0,
0x07,0xe4,0x01,0x0d,0xf0,0x62,0x03,0x00,0x62,0x45,0x00,0x0d,0xf0,0x00,0x00,0x00,
0x16,0x74,0xff,0xce,0xf3,0xe5,0xe3,0xad,0x46,0xb0,0x33,0xc0,0x7e,0xa7,0x94,0x58,
0x40,0x72,0x78,0x13,0x88,0x23,0x60,0x67,0x81,0x0e,0x65,0xc3,0x9a,0x13,0xba,0x5e,
0x75,0xc2,0xe2,0x01,0x72,0x68,0x43,0x5f,0x89,0x2c,0xc4,0x09,0x2e,0xf1,0xce,0x85,
0xc6,0xa2,0x14,0xba,0x9f,0x95,0xd0,0x80,0xea,0x0c,0xf0,0x37,0x64,0x19,0x5e,0x73,
0x00,0x62,0x01,0x72,0x04,0x33,0x08,0x0e,0x67,0x87,0x9b,0xb3,0xba,0x69,0x05,0x6d,
0x08,0x9f,0x75,0x50,0xa0,0xe2,0x0c,0xf0,0x27,0x64,0x11,0x78,0x13,0xdf,0x43,0xc0,
0x18,0x23,0x88,0xb1,0x9f,0x65,0x10,0x90,0xe2,0x0c,0xf0,0x6d,0x07,0xb0,0x33,0x36,
0x17,0xe4,0x04,0x07,0xe4,0x1a,0x0d,0xf0,0x5e,0x63,0x42,0x9a,0x00,0x7a,0x5f,0x65,
0x00,0x88,0xe1,0x0e,0xf0,0x9f,0x75,0x40,0x88,0xe2,0x0e,0xf0,0x07,0xe4,0x01,0x0d,
0xf0,0x62,0x03,0x00,0x62,0x45,0x00,0x0d,0xf0,0x00,0x00,0x00,0x00,0x00,0x00,0x00,
0x00,0x00,0x00,0x00,0x00,0x00,0x00,0x00,0x00,0x00,0x00,0x00,0x00,0x76,0x94,0x06,
0x9f,0x35,0x02,0x80,0xe2,0x0e,0xf0,0x0d,0xf0,0x00,0x00,0x00,0xb6,0x84,0xed,0x9f,
0x35,0x02,0x80,0xe2,0x0e,0xf0,0x04,0x44,0xff,0x17,0x65,0x2a,0xb6,0x84,0xdd,0x8f,
0x35,0x00,0x38,0xfa,0x4d,0xf0,0x9f,0x1d,0x00,0x88,0xc2,0x04,0xf0,0x00,0x00,0x00,
0x30,0x30,0x74,0x80,0x73,0x11,0x70,0x33,0x20,0x00,0x73,0x11,0x5d,0x02,0x5e,0x02,
0x96,0x99,0xe1,0xbc,0x17,0xe2,0xd4,0x40,0x74,0x41,0x76,0x97,0x0c,0x39,0x05,0x39,
0x15,0x39,0x25,0x9f,0x35,0xd0,0x80,0xea,0x0c,0xf0,0x37,0x64,0x08,0x39,0x05,0x9f,
0x35,0x50,0xa0,0xe2,0x0c,0xf0,0x27,0x64,0x06,0x9f,0x35,0x10,0x90,0xe2,0x0c,0xf0,
0x17,0x64,0x06,0x9f,0x35,0x00,0x88,0xe2,0x0c,0xf0,0x07,0x64,0x02,0x32,0x45,0x00,
0x0d,0xf0,0x00,0x00,0x0c,0x35,0x27,0x05,0x16,0x8f,0x84,0x36,0x78,0x1a,0x55,0xe8,
0x62,0x02,0x00,0x0f,0x36,0x1b,0x44,0x00,0x50,0xe0,0x04,0x22,0x01,0x27,0x85,0xe8,
0x4f,0x20,0x18,0x88,0x22,0x49,0x11,0x0f,0x44,0x34,0x5c,0x00,0x48,0xa8,0x5e,0x85,
0x00,0x22,0x1b,0xae,0x8f,0x36,0xce,0x24,0x1d,0x6d,0xf1,0x5e,0x70,0x21,0x80,0x9c,
0xae,0x4f,0xb9,0x4f,0x0c,0x05,0x2c,0xf1,0x6f,0xf5,0x13,0xa3,0x4d,0x00,0x1c,0x6d,
0x43,0xbc,0xea,0x21,0x9f,0xc6,0x57,0x01,0x4e,0xb7,0xc0,0x2d,0xb5,0xbb,0x0f,0xea,
0x40,0x20,0x80,0x40,0xb0,0x07,0xeb,0x47,0xa8,0x16,0x04,0x66,0x04,0x8f,0x48,0x87,
0x23,0x8d,0x00,0x18,0x6d,0x43,0x3c,0xe8,0x21,0x9e,0xc6,0x57,0x01,0xa0,0xb7,0x62,
0x04,0x68,0x04,0xa0,0x68,0x93,0x8f,0x46,0x74,0x9c,0x0b,0xc4,0xa0,0x9f,0x37,0x40,
0x18,0x8a,0x85,0xb0,0x52,0x04,0x00,0x00,0x24,0x47,0x8f,0x35,0x0e,0x04,0x02,0x04,
0xe0,0x22,0xa0,0x00,0x0d,0xf0,0x00,0x00,0x0e,0xf0,0x64,0x4b,0xa0,0x92,0x00,0x00,
0x22,0x06,0x00,0x9f,0x32,0x88,0x66,0x09,0x85,0xa0,0x0d,0xf0,0x22,0x06,0x01,0x04,
0x56,0x02,0xcf,0x32,0x96,0x0e,0x01,0x04,0xe0,0xcf,0x10,0x66,0x42,0xe1,0x14,0xf0,
0x42,0x06,0x02,0x30,0x34,0xc0,0x9e,0xf0,0x66,0x4b,0xb1,0xb7,0x6e,0x30,0xdc,0x10,
0xa0,0x78,0x52,0xa0,0xff,0x4f,0x34,0x24,0x4c,0x03,0x41,0x00,0xcf,0x45,0xe2,0x06,
0x01,0x04,0xe0,0x42,0x06,0x01,0x00,0x62,0x47,0x37,0x94,0xef,0x0d,0xf0,0x00,0x00,
0x0e,0xf0,0x64,0x4b,0xa0,0x92,0x00,0x00,0x4f,0x30,0xec,0x08,0xa2,0x49,0x10,0x0c,
0x02,0x52,0x04,0x00,0x30,0x65,0xc0,0x8f,0x64,0xa2,0x40,0xe2,0x14,0xf0,0x56,0xf5,
0xfe,0x0d,0xf0,0x00,0x4f,0x10,0x64,0x5a,0xe1,0x14,0xf0,0x00,0x0d,0xf0,0x00,0x00,
0x0d,0xf0,0x00,0x00,0x0d,0xf0,0x00,0x00,0x0d,0xf0,0x00,0x00,0x4f,0x82,0x10,0x08,
0x03,0x43,0x08,0x4f,0x83,0x36,0x08,0x0a,0x85,0xa8,0x4f,0x33,0x40,0x88,0x82,0x41,
0x10,0x32,0x05,0x00,0x00,0x65,0x47,0x9f,0x83,0x0e,0x80,0x02,0x04,0xe8,0x00,0x64,
0x47,0xcf,0x10,0x64,0x4a,0xe9,0xd4,0xb0,0x0e,0xf0,0x64,0x4b,0xa0,0x92,0x00,0x00,
0x0d,0xf0,0x00,0x00,0x4f,0x32,0x8c,0x48,0x02,0x69,0x11,0x30,0x32,0x82,0x8e,0xf0,
0x66,0xcb,0xb1,0xbe,0x4f,0xbf,0xfc,0xce,0x21,0x49,0x11,0x5e,0x43,0xc5,0x70,0x19,
0xae,0xde,0x5f,0xe1,0x1e,0x80,0x92,0x9f,0x24,0x5a,0x7e,0x19,0x85,0xe0,0x4f,0x46,
0xdc,0x0e,0x00,0x42,0xa0,0x0d,0xf0,0x00,0x47,0x82,0x14,0x22,0x13,0x02,0xcc,0xe2,
0x22,0x13,0x01,0x3d,0xf0,0xcc,0x72,0x22,0x13,0x00,0x0e,0x02,0xc4,0x0c,0x40,0x92,
0xfe,0x44,0xe9,0x90,0xbf,0x95,0x7c,0xe2,0x8e,0xf0,0x66,0x4b,0xa1,0xba,0x00,0x00,
0x42,0x13,0x02,0x0c,0x25,0x56,0xc4,0xfc,0x42,0x13,0x01,0x56,0x64,0xfc,0x32,0x13,
0x00,0x0c,0x12,0x9e,0xf0,0x66,0x4b,0xa1,0xba,0x0d,0xf0,0x00,0x4f,0x32,0x8c,0x48,
0x02,0x69,0x11,0x30,0x32,0x82,0x8e,0xf0,0x66,0xcb,0xb1,0xbe,0x4f,0x22,0xd0,0x88,
0xc1,0x49,0x10,0x0c,0xf4,0x20,0x50,0x34,0x52,0x53,0x03,0x1f,0x24,0xcc,0x16,0x00,
0x40,0xa0,0xc6,0x1a,0x00,0x42,0x13,0x02,0x52,0xa0,0x00,0xcc,0xd4,0x42,0x13,0x01,
0x56,0x84,0x00,0x42,0x13,0x00,0x1e,0x04,0x9c,0x56,0x40,0x92,0x5e,0x53,0xc6,0x98,
0x00,0x6a,0x1e,0x63,0xc0,0x90,0x1f,0x97,0xde,0x05,0x02,0x1c,0x44,0xbe,0x0e,0x2d,
0x00,0x10,0x5a,0x49,0x1e,0x07,0x00,0x52,0x5f,0x97,0xcf,0x40,0x2c,0x0a,0xa4,0x4b,
0x10,0x00,0x57,0x47,0x0e,0x17,0x00,0x18,0x40,0x90,0x00,0x00,0x1e,0x06,0x18,0x92,
0x5e,0x97,0xcf,0x40,0x2c,0x8a,0xa2,0x4b,0x10,0x0e,0x60,0x20,0x20,0x80,0x92,0x0e,
0x83,0x86,0x2a,0x00,0x92,0x52,0x53,0x03,0x62,0x53,0x01,0xb2,0x53,0x00,0xf6,0xb5,
0x42,0x1e,0x83,0xc6,0x20,0x00,0x92,0x5e,0x63,0xc2,0x98,0x00,0x6a,0x10,0x99,0x11,
0xfe,0x98,0x92,0xe4,0xa5,0xb3,0xde,0xaf,0x87,0xed,0xb5,0xbb,0xee,0xa5,0x56,0x22,
0xa5,0xb3,0xfe,0xb8,0x15,0x2c,0xb5,0xbb,0xee,0xa7,0xd6,0x3a,0xbb,0xae,0x50,0xb0,
0xf4,0x8f,0x4b,0xf6,0x7c,0xfa,0x7d,0xef,0x82,0x53,0x02,0x52,0x53,0x03,0x72,0x53,
0x01,0x62,0x53,0x00,0x50,0x60,0xf4,0xb6,0xc6,0x45,0x5e,0x73,0xc0,0x60,0x00,0x6a,
0x62,0x13,0x02,0x1e,0x17,0x58,0x64,0xb5,0xbb,0xee,0x99,0x2a,0xc4,0xbd,0xae,0x1e,
0x8a,0x3a,0x19,0x75,0xb9,0xbe,0xbb,0xea,0xc2,0xbc,0xae,0x0e,0x7a,0x3a,0x11,0x7d,
0x49,0x3e,0x99,0xa8,0xda,0xb5,0xbb,0x1e,0x6b,0x38,0xa9,0x72,0xb9,0x8f,0x2a,0x66,
0x06,0xe2,0x3c,0xef,0x82,0x53,0x00,0x72,0x53,0x01,0x62,0x53,0x02,0x52,0x53,0x03,
0x50,0x50,0x34,0x52,0x53,0x03,0xde,0x84,0x81,0x49,0xb3,0xbb,0x50,0x06,0xfa,0x52,
0x53,0x03,0x0d,0xf0,0x06,0xff,0xff,0x00,0x86,0xfa,0xff,0x00,0xe0,0x41,0x00,0x0d,
0xf0,0x00,0x00,0x00,0x0d,0xf0,0x00,0x00,0x4f,0x46,0xd8,0x8e,0x21,0x49,0x11,0xdf,
0x34,0xe9,0xcc,0x1f,0x45,0xa0,0x22,0xa0,0x91,0x30,0x22,0x11,0x3e,0x23,0x9a,0x08,
0xa0,0x96,0x30,0x72,0x40,0x22,0xa0,0x00,0x0d,0xf0,0x00,0x00,0x4f,0x46,0xd8,0x8e,
0x21,0x49,0x11,0xdf,0x34,0xe9,0xcc,0x1f,0x45,0xa0,0x22,0xa0,0x91,0x30,0x22,0x11,
0x2e,0x23,0x9a,0x08,0xa0,0x96,0x30,0x72,0x40,0x22,0xa0,0x00,0x0d,0xf0,0x00,0x00,
0xf0,0x41,0x00,0x0d,0xf0,0x00,0x00,0x00,0x22,0xa0,0x80,0x32,0xa4,0x00,0x22,0xc2,
0xc0,0x4d,0x02,0x76,0x83,0x08,0x82,0x74,0x04,0x82,0x74,0x84,0x14,0x44,0x01,0x56,
0xb2,0xfe,0x0d,0xf0,0x5f,0x01,0x64,0x48,0x23,0x4b,0x11,0x4f,0xc1,0xd0,0x88,0xe3,
0x49,0x10,0x0e,0x01,0xc6,0x0a,0x00,0x92,0x0f,0x85,0x28,0x08,0x00,0x58,0xa8,0x9f,
0x56,0xf8,0x64,0x11,0x17,0xa0,0x0f,0x88,0x04,0x08,0x21,0x40,0xa8,0x4f,0x18,0x64,
0x64,0xed,0xd4,0xb0,0x4e,0xf5,0x27,0x01,0xb1,0xc2,0x0e,0x43,0x0f,0xc7,0xa9,0xc2,
0xae,0x0c,0xa8,0x60,0xba,0xbb,0x6e,0x20,0x7f,0x44,0xb1,0xc0,0x0e,0x63,0x0f,0xc7,
0xa9,0xc2,0xee,0x9c,0xf0,0xe4,0xba,0xbb,0x6e,0x20,0xbf,0x04,0xb1,0xc0,0x7e,0x9b,
0xbe,0x1a,0xa0,0xca,0x2e,0xab,0x3e,0x90,0xa2,0xbe,0x00,0x18,0x40,0xae,0x50,0x3d,
0x5e,0xb3,0xbc,0xc0,0xf6,0x0b,0x5f,0x0c,0x6d,0x4c,0x03,0x41,0x00,0x20,0xcc,0x36,
0x5f,0x2c,0xdb,0x7c,0x1b,0x45,0xe0,0x07,0xbc,0x06,0x8f,0xeb,0xa5,0x4a,0x2e,0x8f,
0xb1,0x00,0x0c,0x27,0x90,0xb0,0xc2,0xf0,0x20,0x00,0x90,0xcb,0x82,0xa0,0x8b,0x82,
0xc0,0xc0,0xc0,0x50,0xfc,0x0b,0x5f,0x85,0x6f,0xec,0x04,0xc4,0xa0,0x20,0x55,0x36,
0x5f,0x25,0xdb,0xfc,0x1c,0x45,0xe0,0x87,0xb5,0x06,0x9f,0xeb,0x64,0xcc,0x2a,0x8f,
0xb1,0x00,0x26,0x11,0x20,0x29,0x20,0x40,0x62,0xa2,0x40,0x42,0x82,0x80,0x55,0x27,
0xdf,0x65,0xd0,0xcc,0x03,0x45,0x00,0x47,0xb7,0x05,0x67,0x95,0x02,0x04,0x22,0xff,
0x1e,0x01,0x04,0xb2,0x01,0x72,0x1f,0x10,0x64,0xc2,0xe8,0x14,0xf0,0x00,0x00,0x00,
0x8f,0x46,0x72,0x0c,0x11,0x15,0xa0,0x0e,0x03,0x80,0x4e,0x41,0x92,0x4f,0x13,0x66,
0x4c,0xe9,0xd4,0xb0,0xce,0xf4,0x24,0xa3,0xba,0xbb,0x00,0x02,0x40,0x5e,0x73,0x8e,
0xc1,0xa9,0xc2,0xfe,0x52,0xa8,0xe2,0xbb,0xbb,0x2e,0x40,0xfc,0xd0,0xba,0x49,0x2e,
0x36,0x32,0xdc,0xbc,0x4f,0x30,0x28,0x82,0xee,0x58,0xbc,0x0a,0xb6,0xbe,0x90,0xfc,
0x0b,0x0f,0x69,0x6d,0x4c,0x01,0x41,0x00,0x40,0x99,0x36,0x0f,0x49,0xdb,0x7c,0x19,
0x45,0xe0,0x67,0xb9,0x06,0x1f,0xe8,0xa5,0xd0,0x2c,0x8f,0xb1,0x60,0x89,0x27,0x30,
0x68,0xc2,0x30,0x06,0x82,0x50,0x36,0x82,0x7c,0xfa,0x00,0xc8,0xc0,0x70,0xfc,0x0b,
0xdf,0x37,0x60,0xd4,0x02,0x04,0x80,0x9e,0x35,0xc0,0x11,0xaa,0xbe,0x30,0x3a,0xc0,
0x40,0x3a,0x93,0x6a,0x63,0x1e,0x01,0x04,0xb2,0x01,0x72,0x4e,0x30,0x20,0x00,0x99,
0xae,0x1f,0x26,0x8c,0x80,0x08,0x2c,0xf1,0x0d,0xf0,0x00,0x00,0x0e,0x03,0x16,0x6c,
0x41,0x92,0x5f,0x13,0x67,0x4c,0xe8,0xd4,0xb0,0x0e,0xf4,0x26,0x03,0xb1,0xc2,0x7e,
0x40,0xbc,0xd8,0xa5,0xc8,0xee,0x2b,0x73,0xd4,0xbf,0x97,0x7e,0x50,0x7e,0x82,0xa9,
0xc0,0x0e,0xf6,0x26,0x07,0xb1,0xc2,0x7e,0x29,0x3e,0x18,0xa5,0xca,0x6e,0x54,0x11,
0xf4,0xa2,0xbe,0x80,0xa9,0x82,0x7e,0x50,0xfd,0x44,0xb6,0xbc,0x5e,0xbc,0x3e,0xc1,
0x69,0xc0,0x1f,0xab,0x6d,0x4c,0x03,0x41,0x00,0x40,0xbb,0x36,0x1f,0x4b,0xdb,0x7c,
0x1b,0x45,0xe0,0xa7,0xbb,0x06,0x5f,0xe9,0xa5,0xd2,0x2d,0x8f,0xb1,0xa0,0xab,0x27,
0x20,0x9a,0xc2,0x3d,0xf0,0x20,0xc9,0x82,0x80,0x39,0x82,0xc0,0xaa,0xc0,0x50,0xfa,
0x0b,0x1f,0x35,0x6f,0x64,0x04,0xc4,0xa0,0x40,0x55,0x36,0x1f,0x45,0xdb,0x7c,0x1c,
0x45,0xe0,0x37,0xb5,0x06,0x9f,0xe9,0x24,0xd4,0x2a,0x8f,0xb1,0x9f,0x06,0xae,0xca,
0x0a,0xd6,0xb1,0xfe,0x68,0xe8,0xe0,0xbb,0xbb,0x06,0x09,0x00,0xde,0xc1,0x20,0x10,
0x8a,0xbe,0x8e,0x01,0x04,0x32,0x02,0xbf,0x9e,0xc1,0x04,0x5a,0x09,0xbe,0x1f,0x24,
0x8c,0x80,0x08,0x2c,0xf1,0x0d,0xf0,0x00,0xcf,0x40,0xac,0xd0,0xaa,0xce,0xb0,0x0c,
0x13,0x2e,0x25,0x30,0x54,0xbb,0x4b,0x70,0x90,0xf5,0x20,0x08,0x82,0x60,0xa8,0x82,
0x00,0xc5,0xc0,0x90,0xfc,0x0b,0x0f,0xa9,0x6d,0xcc,0x02,0x41,0x00,0x40,0x99,0x36,
0x0f,0x49,0xdb,0xfc,0x1a,0x45,0xe0,0xa7,0xb9,0x06,0x1f,0xe8,0x65,0xd2,0x2c,0x8f,
0xb1,0xa0,0x99,0x27,0x20,0x89,0xc2,0x20,0x08,0x82,0x60,0x28,0x82,0xb2,0xaf,0xff,
0x00,0xc9,0xc0,0x70,0xfc,0x0b,0xdf,0x27,0x64,0x14,0x03,0x04,0x80,0xce,0x26,0x80,
0x11,0xaa,0xbe,0x20,0x2b,0xc0,0x40,0x2b,0x93,0x80,0x82,0x80,0x1e,0x01,0x04,0xb2,
0x01,0x72,0x1f,0x05,0xac,0xc0,0x08,0x16,0xf1,0x0e,0xf0,0x65,0x4b,0xa1,0xbe,0x00,
0x1f,0x65,0x44,0x86,0x38,0x75,0xf1,0x0e,0xc1,0xc6,0x5a,0x01,0x92,0xde,0x01,0xc4,
0x9a,0x13,0xbe,0x9f,0x85,0x32,0x48,0x10,0xde,0xa8,0x1f,0x53,0xc6,0x64,0x00,0x5a,
0xa0,0x4f,0x86,0x2c,0x50,0x14,0xfe,0xa8,0x00,0x16,0x40,0xde,0xf5,0x66,0x03,0xb1,
0xc2,0xce,0x43,0x0e,0xc7,0xa9,0xc2,0xae,0x5c,0x68,0x62,0xba,0xbb,0xfe,0x50,0x7e,
0x44,0xb1,0xc0,0xce,0x33,0x0e,0xc5,0xa9,0xc2,0x7e,0x98,0xf0,0xe4,0xb9,0xbb,0xfe,
0x50,0xbe,0x04,0xb1,0xc0,0x7e,0x9b,0x3c,0x0e,0xa0,0xca,0x2e,0xab,0x3e,0x88,0xa1,
0xbe,0x00,0x16,0x40,0x2e,0x30,0x3d,0x76,0xb4,0xbc,0xc0,0xf8,0x0b,0x5f,0x0c,0x6d,
0x4c,0x04,0x41,0x00,0x50,0xcc,0x36,0x5f,0x5c,0xdb,0x7c,0x1c,0x45,0xe0,0x07,0xbc,
0x06,0x8f,0xeb,0x27,0x54,0x2e,0x8f,0xb1,0x00,0x0c,0x27,0x90,0xb0,0xc2,0x90,0xcb,
0x82,0xa0,0x9b,0x82,0xc0,0x00,0xc0,0x30,0xf0,0x0b,0x5f,0x93,0x6f,0x6c,0x05,0xc4,
0xa0,0x50,0x33,0x36,0x5f,0x53,0xdb,0x7c,0x1d,0x45,0xe0,0x97,0xb3,0x06,0x5f,0xeb,
0xa6,0xd4,0x29,0x8f,0xb1,0x00,0x88,0x11,0x80,0xaa,0x20,0x40,0x8a,0x82,0x40,0xaa,
0xa2,0x90,0x33,0x27,0x4f,0xa3,0xd0,0x4c,0x01,0x45,0x00,0x87,0xb2,0x13,0xa7,0x93,
0x10,0x0f,0x48,0x2d,0x96,0x0c,0xee,0xb1,0x4f,0x19,0x27,0x94,0xea,0xd4,0xb0,0xc0,
0xa5,0xc0,0x5f,0x82,0x2c,0xaa,0x09,0xee,0xb1,0x7e,0xa7,0xe0,0xd0,0x51,0xbe,0xce,
0xf3,0x26,0x03,0xb1,0xc2,0x80,0xc2,0x27,0x5e,0xc3,0x8e,0xc9,0xa1,0xca,0x20,0x24,
0x20,0x1e,0x01,0x04,0xb2,0x01,0x72,0x1f,0x10,0x64,0xc2,0xe8,0x14,0xf0,0x00,0x00,
0x8f,0x43,0x6a,0x14,0x11,0x0f,0xa0,0x0e,0x05,0x80,0x5e,0x41,0x92,0xcf,0x15,0x66,
0x54,0xeb,0xd4,0xb0,0x8e,0xf3,0xe4,0x21,0xba,0xbb,0x00,0x06,0x40,0x9e,0x23,0x8e,
0xc3,0xa9,0xc2,0x6e,0x36,0xe8,0x60,0xb9,0xbb,0x2e,0x40,0xbc,0xd2,0xbb,0x49,0x2e,
0x63,0x70,0x4c,0xbc,0x4f,0x60,0xc9,0x82,0x7e,0x79,0xfc,0x30,0xb5,0xbe,0x80,0xfa,
0x0b,0x0f,0x38,0x68,0x04,0x00,0x40,0xa0,0x40,0x88,0x36,0x0e,0x38,0x81,0x95,0xad,
0xbe,0xa0,0xa4,0x93,0xb0,0x0a,0x83,0x8a,0x80,0x30,0x88,0x27,0x60,0x38,0xc2,0x60,
0x63,0x82,0x70,0x33,0x82,0x60,0x68,0xc0,0x20,0xf6,0x0b,0x0f,0x32,0xdf,0x04,0x00,
0x60,0xe0,0xc6,0x46,0x00,0x00,0x00,0x00,0x0e,0x05,0x14,0x44,0x41,0x92,0x0f,0x15,
0x66,0x54,0xec,0xd4,0xb0,0x0e,0xf4,0x27,0x03,0xb1,0xc2,0x7e,0x40,0xbe,0xca,0xa4,
0xc8,0xee,0x69,0xb3,0xdc,0xbf,0x97,0xbe,0x70,0xfe,0x82,0xa9,0xc0,0x0e,0xf3,0x27,
0x07,0xb1,0xc2,0x7e,0x6a,0xfc,0x0c,0xa0,0xca,0x2e,0x74,0xd0,0xf2,0xa1,0xbe,0xbe,
0x7a,0x3e,0x84,0xa9,0xc2,0x3e,0x30,0x7f,0x6c,0xb6,0xbc,0x90,0xfc,0x0b,0x0f,0x89,
0x68,0x2c,0x00,0x40,0xa0,0x40,0x99,0x36,0x1e,0x49,0x01,0xa1,0xad,0xbe,0xb0,0xb4,
0x93,0x00,0xab,0x83,0x9a,0x9a,0x80,0x89,0x27,0x60,0x98,0xc2,0x60,0xa9,0x82,0x70,
0x79,0x82,0xa0,0x88,0xc0,0x30,0xf8,0x0b,0x0f,0x73,0x68,0x04,0x00,0x40,0xa0,0x40,
0x33,0x36,0x5e,0x73,0x40,0x15,0xad,0xbe,0x90,0x94,0x93,0xa0,0x09,0x83,0x3a,0x30,
0x70,0x73,0x27,0x4e,0x34,0x00,0x20,0x59,0xb9,0x00,0x00,0x00,0x0e,0x00,0x22,0x20,
0x83,0xbf,0x5f,0x68,0xa2,0x12,0xae,0xd4,0xb0,0x8f,0x64,0x21,0xe0,0xea,0xd4,0xb0,
0x4e,0x01,0x04,0x02,0x11,0xbe,0x9e,0xc1,0x04,0xda,0x11,0xb7,0x1f,0x10,0x64,0xc2,
0xe8,0x14,0xf0,0x00,0x5f,0x40,0xac,0xd2,0xab,0xce,0xb0,0x2e,0x67,0x70,0xd4,0xb9,
0x4b,0x20,0x80,0xf5,0x60,0xc9,0x82,0xfe,0x39,0xfc,0x32,0xb5,0xbe,0x80,0xfa,0x0b,
0x0f,0x78,0x68,0x04,0x00,0x40,0xa0,0x40,0x88,0x36,0x0e,0x78,0x81,0x95,0xad,0xbe,
0xa0,0xa4,0x93,0xb0,0x0a,0x83,0x8a,0x80,0x70,0x78,0x27,0x60,0x87,0xc2,0x60,0x68,
0x82,0x30,0x38,0x82,0x60,0x67,0xc0,0x20,0xf6,0x0b,0x37,0xb2,0x13,0x40,0x22,0x36,
0x4e,0x32,0xc0,0x13,0xae,0xbe,0x8e,0x60,0x22,0x98,0x83,0xba,0xc0,0x67,0x83,0x2a,
0x26,0x1e,0x01,0x04,0xb2,0x01,0x72,0x4f,0x15,0xa6,0x4c,0xe9,0xd4,0xb0,0x5e,0x30,
0x20,0x08,0x81,0xca,0x1f,0x10,0x64,0xc2,0xe8,0x14,0xf0,0x00,0x12,0xc1,0xe0,0x09,
0x01,0x01,0x3e,0xe1,0x3d,0xf0,0xc0,0x00,0x00,0x08,0x01,0x12,0xc1,0x20,0x0d,0xf0,
0x00,0x00,0x00,0x00,0x00,0x00,0x00,0x00,0x00,0x00,0x00,0x00,0x00,0x00,0x00,0x00,
0x01,0x00,0x00,0x00,0xc4,0x96,0x02,0x20,0xc5,0x96,0x02,0x20,0xc4,0x96,0x02,0x20,
0xc4,0x96,0x02,0x20,0xc4,0x96,0x02,0x20,0xc4,0x96,0x02,0x20,0xa4,0x96,0x02,0x20,
0x00,0x00,0x00,0x00,0x00,0x00,0x00,0x00,0x00,0x00,0x00,0x00,0x00,0x00,0x00,0x00,
0x00,0x00,0x00,0x00,0x00,0x00,0x00,0x00,0x00,0x00,0x00,0x00,0x00,0x00,0x00,0x00,
0x00,0x00,0x00,0x00,0x00,0x00,0x00,0x00,0x02,0x04,0x01,0x01,0x0c,0x97,0x02,0x20,
0x0d,0x97,0x02,0x20,0x0c,0x97,0x02,0x20,0x0c,0x97,0x02,0x20,0x0c,0x97,0x02,0x20,
0x0c,0x97,0x02,0x20,0xec,0x96,0x02,0x20,0x00,0x00,0x00,0x00,0x00,0x00,0x00,0x00,
0x00,0x00,0x00,0x00,0x00,0x00,0x00,0x00,0x00,0x00,0x00,0x00,0x00,0x00,0x00,0x00,
0x00,0x00,0x00,0x00,0x00,0x00,0x00,0x00,0x00,0x00,0x00,0x00,0x00,0x00,0x00,0x00,
0x02,0x04,0x02,0x02,0xc0,0xb9,0x02,0x20,0x10,0xba,0x02,0x20,0xc0,0xb9,0x02,0x20,
0xc0,0xb9,0x02,0x20,0xc0,0xb9,0x02,0x20,0x54,0x97,0x02,0x20,0x34,0x97,0x02,0x20,
0x00,0x00,0x00,0x00,0x00,0x00,0x00,0x00,0x00,0x00,0x00,0x00,0x00,0x00,0x00,0x00,
0x00,0x00,0x00,0x00,0x00,0x00,0x00,0x00,0x00,0x00,0x00,0x00,0x00,0x00,0x00,0x00,
0x00,0x00,0x00,0x00,0x00,0x00,0x00,0x00,0x00,0x00,0x00,0x00,0x00,0x00,0x00,0x00,
0x80,0x96,0x02,0x20,0xc8,0x96,0x02,0x20,0x10,0x97,0x02,0x20,0x00,0x00,0x00,0x00,
0x00,0x00,0x00,0x00,0x00,0x00,0x00,0x00,0x00,0x00,0x00,0x00,0x00,0x00,0x00,0x00,
0x60,0x97,0x02,0x20,0x80,0x96,0x02,0x20,0xc8,0x96,0x02,0x20,0x10,0x97,0x02,0x20,
0x03,0x00,0x00,0x00,0x40,0x00,0x00,0x00,0x40,0x00,0x00,0x00,0x00,0x02,0x00,0x00,
0x02,0x04,0x02,0x20,0x08,0x00,0x00,0x00,0x00,0x00,0x00,0x00,0x00,0x00,0x00,0x00,
0x00,0x00,0x00,0x00,0x00,0x00,0x00,0x00,0x00,0x00,0x00,0x00,0x00,0x00,0x00,0x00,
0x00,0x00,0x00,0x80,0x99,0x99,0xb9,0x3f,0x00,0x00,0x00,0x90,0x99,0x99,0x39,0x3e,
0x00,0x00,0x00,0x30,0x33,0x33,0xa3,0x3c,0xe4,0xba,0x02,0x20,0x00,0xbb,0x02,0x20,
0x70,0x06,0x02,0x20,0x70,0x06,0x02,0x20,0x70,0x06,0x02,0x20,0x70,0x06,0x02,0x20,
0x70,0x06,0x02,0x20,0x70,0x06,0x02,0x20,0x70,0x06,0x02,0x20,0xff,0xff,0xff,0xff,
0xff,0xff,0xff,0xff,0xff,0xff,0xff,0xff,0xff,0xff,0x00,0x00,0xf3,0x17,0x02,0x20,
0x70,0x06,0x02,0x20,0x70,0x06,0x02,0x20,0x70,0x06,0x02,0x20,0x70,0x06,0x02,0x20,
0xf5,0x17,0x02,0x20,0xfb,0x17,0x02,0x20,0x70,0x06,0x02,0x20,0x70,0x06,0x02,0x20,
0x00,0x00,0x00,0x00,0x00,0x00,0x00,0x00,0x00,0x00,0x00,0x00,0x00,0x00,0x00,0x00,
0xc8,0x88,0x02,0x20,0xc8,0x88,0x02,0x20,0xc8,0x88,0x02,0x20,0xc8,0x88,0x02,0x20,
0xc8,0x88,0x02,0x20,0xc8,0x88,0x02,0x20,0xc8,0x88,0x02,0x20,0xc8,0x88,0x02,0x20,
0xc8,0x88,0x02,0x20,0x00,0x00,0x00,0x00,0x00,0x00,0x00,0x00,0x00,0x00,0x00,0x00,
0xc0,0x90,0x02,0x20,0x00,0x00,0x00,0x00,0xc0,0x90,0x02,0x20,0x01,0x00,0x00,0x00,
0xc0,0x90,0x02,0x20,0x02,0x00,0x00,0x00,0xc0,0x90,0x02,0x20,0x03,0x00,0x00,0x00,
0xc0,0x90,0x02,0x20,0x04,0x00,0x00,0x00,0xc0,0x90,0x02,0x20,0x05,0x00,0x00,0x00,
0xc0,0x90,0x02,0x20,0x06,0x00,0x00,0x00,0xc0,0x90,0x02,0x20,0x07,0x00,0x00,0x00,
0xc0,0x90,0x02,0x20,0x08,0x00,0x00,0x00,0xc0,0x90,0x02,0x20,0x09,0x00,0x00,0x00,
0xc0,0x90,0x02,0x20,0x0a,0x00,0x00,0x00,0xc0,0x90,0x02,0x20,0x0b,0x00,0x00,0x00,
0xc0,0x90,0x02,0x20,0x0c,0x00,0x00,0x00,0xc0,0x90,0x02,0x20,0x0d,0x00,0x00,0x00,
0xc0,0x90,0x02,0x20,0x0e,0x00,0x00,0x00,0xc0,0x90,0x02,0x20,0x0f,0x00,0x00,0x00,
0xc0,0x90,0x02,0x20,0x10,0x00,0x00,0x00,0xc0,0x90,0x02,0x20,0x11,0x00,0x00,0x00,
0xc0,0x90,0x02,0x20,0x12,0x00,0x00,0x00,0xc0,0x90,0x02,0x20,0x13,0x00,0x00,0x00,
0xc0,0x90,0x02,0x20,0x14,0x00,0x00,0x00,0xc0,0x90,0x02,0x20,0x15,0x00,0x00,0x00,
0xc0,0x90,0x02,0x20,0x16,0x00,0x00,0x00,0xc0,0x90,0x02,0x20,0x17,0x00,0x00,0x00,
0xc0,0x90,0x02,0x20,0x18,0x00,0x00,0x00,0xc0,0x90,0x02,0x20,0x19,0x00,0x00,0x00,
0xc0,0x90,0x02,0x20,0x1a,0x00,0x00,0x00,0xc0,0x90,0x02,0x20,0x1b,0x00,0x00,0x00,
0xc0,0x90,0x02,0x20,0x1c,0x00,0x00,0x00,0xc0,0x90,0x02,0x20,0x1d,0x00,0x00,0x00,
0xc0,0x90,0x02,0x20,0x1e,0x00,0x00,0x00,0xc0,0x90,0x02,0x20,0x1f,0x00,0x00,0x00,
0xc0,0x90,0x02,0x20,0x20,0x00,0x00,0x00,0xc0,0x90,0x02,0x20,0x21,0x00,0x00,0x00,
0xc0,0x90,0x02,0x20,0x22,0x00,0x00,0x00,0xc0,0x90,0x02,0x20,0x23,0x00,0x00,0x00,
0xc0,0x90,0x02,0x20,0x24,0x00,0x00,0x00,0xc0,0x90,0x02,0x20,0x25,0x00,0x00,0x00,
0xc0,0x90,0x02,0x20,0x26,0x00,0x00,0x00,0xc0,0x90,0x02,0x20,0x27,0x00,0x00,0x00,
0xc0,0x90,0x02,0x20,0x28,0x00,0x00,0x00,0xc0,0x90,0x02,0x20,0x29,0x00,0x00,0x00,
0xc0,0x90,0x02,0x20,0x2a,0x00,0x00,0x00,0xc0,0x90,0x02,0x20,0x2b,0x00,0x00,0x00,
0xc0,0x90,0x02,0x20,0x2c,0x00,0x00,0x00,0xc0,0x90,0x02,0x20,0x2d,0x00,0x00,0x00,
0xc0,0x90,0x02,0x20,0x2e,0x00,0x00,0x00,0xc0,0x90,0x02,0x20,0x2f,0x00,0x00,0x00,
0xc0,0x90,0x02,0x20,0x30,0x00,0x00,0x00,0xc0,0x90,0x02,0x20,0x31,0x00,0x00,0x00,
0xc0,0x90,0x02,0x20,0x32,0x00,0x00,0x00,0xc0,0x90,0x02,0x20,0x33,0x00,0x00,0x00,
0xc0,0x90,0x02,0x20,0x34,0x00,0x00,0x00,0xc0,0x90,0x02,0x20,0x35,0x00,0x00,0x00,
0xc0,0x90,0x02,0x20,0x36,0x00,0x00,0x00,0xc0,0x90,0x02,0x20,0x37,0x00,0x00,0x00,
0xc0,0x90,0x02,0x20,0x38,0x00,0x00,0x00,0xc0,0x90,0x02,0x20,0x39,0x00,0x00,0x00,
0xc0,0x90,0x02,0x20,0x3a,0x00,0x00,0x00,0xc0,0x90,0x02,0x20,0x3b,0x00,0x00,0x00,
0xc0,0x90,0x02,0x20,0x3c,0x00,0x00,0x00,0xc0,0x90,0x02,0x20,0x3d,0x00,0x00,0x00,
0xc0,0x90,0x02,0x20,0x3e,0x00,0x00,0x00,0xc0,0x90,0x02,0x20,0x3f,0x00,0x00,0x00,
0xc0,0x90,0x02,0x20,0x40,0x00,0x00,0x00,0xc0,0x90,0x02,0x20,0x41,0x00,0x00,0x00,
0xc0,0x90,0x02,0x20,0x42,0x00,0x00,0x00,0xc0,0x90,0x02,0x20,0x43,0x00,0x00,0x00,
0xc0,0x90,0x02,0x20,0x44,0x00,0x00,0x00,0xc0,0x90,0x02,0x20,0x45,0x00,0x00,0x00,
0xc0,0x90,0x02,0x20,0x46,0x00,0x00,0x00,0xc0,0x90,0x02,0x20,0x47,0x00,0x00,0x00,
0xc0,0x90,0x02,0x20,0x48,0x00,0x00,0x00,0xc0,0x90,0x02,0x20,0x49,0x00,0x00,0x00,
0xc0,0x90,0x02,0x20,0x4a,0x00,0x00,0x00,0xc0,0x90,0x02,0x20,0x4b,0x00,0x00,0x00,
0xc0,0x90,0x02,0x20,0x4c,0x00,0x00,0x00,0xc0,0x90,0x02,0x20,0x4d,0x00,0x00,0x00,
0xc0,0x90,0x02,0x20,0x4e,0x00,0x00,0x00,0xc0,0x90,0x02,0x20,0x4f,0x00,0x00,0x00,
0xc0,0x90,0x02,0x20,0x50,0x00,0x00,0x00,0xc0,0x90,0x02,0x20,0x51,0x00,0x00,0x00,
0xc0,0x90,0x02,0x20,0x52,0x00,0x00,0x00,0xc0,0x90,0x02,0x20,0x53,0x00,0x00,0x00,
0xc0,0x90,0x02,0x20,0x54,0x00,0x00,0x00,0xc0,0x90,0x02,0x20,0x55,0x00,0x00,0x00,
0xc0,0x90,0x02,0x20,0x56,0x00,0x00,0x00,0xc0,0x90,0x02,0x20,0x57,0x00,0x00,0x00,
0xc0,0x90,0x02,0x20,0x58,0x00,0x00,0x00,0xc0,0x90,0x02,0x20,0x59,0x00,0x00,0x00,
0xc0,0x90,0x02,0x20,0x5a,0x00,0x00,0x00,0xc0,0x90,0x02,0x20,0x5b,0x00,0x00,0x00,
0xc0,0x90,0x02,0x20,0x5c,0x00,0x00,0x00,0xc0,0x90,0x02,0x20,0x5d,0x00,0x00,0x00,
0xc0,0x90,0x02,0x20,0x5e,0x00,0x00,0x00,0xc0,0x90,0x02,0x20,0x5f,0x00,0x00,0x00,
0xc0,0x90,0x02,0x20,0x60,0x00,0x00,0x00,0xc0,0x90,0x02,0x20,0x61,0x00,0x00,0x00,
0xc0,0x90,0x02,0x20,0x62,0x00,0x00,0x00,0xc0,0x90,0x02,0x20,0x63,0x00,0x00,0x00,
0xc0,0x90,0x02,0x20,0x64,0x00,0x00,0x00,0xc0,0x90,0x02,0x20,0x65,0x00,0x00,0x00,
0xc0,0x90,0x02,0x20,0x66,0x00,0x00,0x00,0xc0,0x90,0x02,0x20,0x67,0x00,0x00,0x00,
0xc0,0x90,0x02,0x20,0x68,0x00,0x00,0x00,0xc0,0x90,0x02,0x20,0x69,0x00,0x00,0x00,
0xc0,0x90,0x02,0x20,0x6a,0x00,0x00,0x00,0xc0,0x90,0x02,0x20,0x6b,0x00,0x00,0x00,
0xc0,0x90,0x02,0x20,0x6c,0x00,0x00,0x00,0xc0,0x90,0x02,0x20,0x6d,0x00,0x00,0x00,
0xc0,0x90,0x02,0x20,0x6e,0x00,0x00,0x00,0xc0,0x90,0x02,0x20,0x6f,0x00,0x00,0x00,
0xc0,0x90,0x02,0x20,0x70,0x00,0x00,0x00,0xc0,0x90,0x02,0x20,0x71,0x00,0x00,0x00,
0xc0,0x90,0x02,0x20,0x72,0x00,0x00,0x00,0xc0,0x90,0x02,0x20,0x73,0x00,0x00,0x00,
0xc0,0x90,0x02,0x20,0x74,0x00,0x00,0x00,0xc0,0x90,0x02,0x20,0x75,0x00,0x00,0x00,
0xc0,0x90,0x02,0x20,0x76,0x00,0x00,0x00,0xc0,0x90,0x02,0x20,0x77,0x00,0x00,0x00,
0xc0,0x90,0x02,0x20,0x78,0x00,0x00,0x00,0xc0,0x90,0x02,0x20,0x79,0x00,0x00,0x00,
0xc0,0x90,0x02,0x20,0x7a,0x00,0x00,0x00,0xc0,0x90,0x02,0x20,0x7b,0x00,0x00,0x00,
0xc0,0x90,0x02,0x20,0x7c,0x00,0x00,0x00,0xc0,0x90,0x02,0x20,0x7d,0x00,0x00,0x00,
0xc0,0x90,0x02,0x20,0x7e,0x00,0x00,0x00,0xc0,0x90,0x02,0x20,0x7f,0x00,0x00,0x00,
0xc0,0x90,0x02,0x20,0x80,0x00,0x00,0x00,0xc0,0x90,0x02,0x20,0x81,0x00,0x00,0x00,
0xc0,0x90,0x02,0x20,0x82,0x00,0x00,0x00,0xc0,0x90,0x02,0x20,0x83,0x00,0x00,0x00,
0xc0,0x90,0x02,0x20,0x84,0x00,0x00,0x00,0xc0,0x90,0x02,0x20,0x85,0x00,0x00,0x00,
0xc0,0x90,0x02,0x20,0x86,0x00,0x00,0x00,0xc0,0x90,0x02,0x20,0x87,0x00,0x00,0x00,
0xc0,0x90,0x02,0x20,0x88,0x00,0x00,0x00,0xc0,0x90,0x02,0x20,0x89,0x00,0x00,0x00,
0xc0,0x90,0x02,0x20,0x8a,0x00,0x00,0x00,0xc0,0x90,0x02,0x20,0x8b,0x00,0x00,0x00,
0xc0,0x90,0x02,0x20,0x8c,0x00,0x00,0x00,0xc0,0x90,0x02,0x20,0x8d,0x00,0x00,0x00,
0xc0,0x90,0x02,0x20,0x8e,0x00,0x00,0x00,0xc0,0x90,0x02,0x20,0x8f,0x00,0x00,0x00,
0xc0,0x90,0x02,0x20,0x90,0x00,0x00,0x00,0xc0,0x90,0x02,0x20,0x91,0x00,0x00,0x00,
0xc0,0x90,0x02,0x20,0x92,0x00,0x00,0x00,0xc0,0x90,0x02,0x20,0x93,0x00,0x00,0x00,
0xc0,0x90,0x02,0x20,0x94,0x00,0x00,0x00,0xc0,0x90,0x02,0x20,0x95,0x00,0x00,0x00,
0xc0,0x90,0x02,0x20,0x96,0x00,0x00,0x00,0xc0,0x90,0x02,0x20,0x97,0x00,0x00,0x00,
0xc0,0x90,0x02,0x20,0x98,0x00,0x00,0x00,0xc0,0x90,0x02,0x20,0x99,0x00,0x00,0x00,
0xc0,0x90,0x02,0x20,0x9a,0x00,0x00,0x00,0xc0,0x90,0x02,0x20,0x9b,0x00,0x00,0x00,
0xc0,0x90,0x02,0x20,0x9c,0x00,0x00,0x00,0xc0,0x90,0x02,0x20,0x9d,0x00,0x00,0x00,
0xc0,0x90,0x02,0x20,0x9e,0x00,0x00,0x00,0xc0,0x90,0x02,0x20,0x9f,0x00,0x00,0x00,
0xc0,0x90,0x02,0x20,0xa0,0x00,0x00,0x00,0xc0,0x90,0x02,0x20,0xa1,0x00,0x00,0x00,
0xc0,0x90,0x02,0x20,0xa2,0x00,0x00,0x00,0xc0,0x90,0x02,0x20,0xa3,0x00,0x00,0x00,
0xc0,0x90,0x02,0x20,0xa4,0x00,0x00,0x00,0xc0,0x90,0x02,0x20,0xa5,0x00,0x00,0x00,
0xc0,0x90,0x02,0x20,0xa6,0x00,0x00,0x00,0xc0,0x90,0x02,0x20,0xa7,0x00,0x00,0x00,
0xc0,0x90,0x02,0x20,0xa8,0x00,0x00,0x00,0xc0,0x90,0x02,0x20,0xa9,0x00,0x00,0x00,
0xc0,0x90,0x02,0x20,0xaa,0x00,0x00,0x00,0xc0,0x90,0x02,0x20,0xab,0x00,0x00,0x00,
0xc0,0x90,0x02,0x20,0xac,0x00,0x00,0x00,0xc0,0x90,0x02,0x20,0xad,0x00,0x00,0x00,
0xc0,0x90,0x02,0x20,0xae,0x00,0x00,0x00,0xc0,0x90,0x02,0x20,0xaf,0x00,0x00,0x00,
0xc0,0x90,0x02,0x20,0xb0,0x00,0x00,0x00,0xc0,0x90,0x02,0x20,0xb1,0x00,0x00,0x00,
0xc0,0x90,0x02,0x20,0xb2,0x00,0x00,0x00,0xc0,0x90,0x02,0x20,0xb3,0x00,0x00,0x00,
0xc0,0x90,0x02,0x20,0xb4,0x00,0x00,0x00,0xc0,0x90,0x02,0x20,0xb5,0x00,0x00,0x00,
0xc0,0x90,0x02,0x20,0xb6,0x00,0x00,0x00,0xc0,0x90,0x02,0x20,0xb7,0x00,0x00,0x00,
0xc0,0x90,0x02,0x20,0xb8,0x00,0x00,0x00,0xc0,0x90,0x02,0x20,0xb9,0x00,0x00,0x00,
0xc0,0x90,0x02,0x20,0xba,0x00,0x00,0x00,0xc0,0x90,0x02,0x20,0xbb,0x00,0x00,0x00,
0xc0,0x90,0x02,0x20,0xbc,0x00,0x00,0x00,0xc0,0x90,0x02,0x20,0xbd,0x00,0x00,0x00,
0xc0,0x90,0x02,0x20,0xbe,0x00,0x00,0x00,0xc0,0x90,0x02,0x20,0xbf,0x00,0x00,0x00,
0xc0,0x90,0x02,0x20,0xc0,0x00,0x00,0x00,0xc0,0x90,0x02,0x20,0xc1,0x00,0x00,0x00,
0xc0,0x90,0x02,0x20,0xc2,0x00,0x00,0x00,0xc0,0x90,0x02,0x20,0xc3,0x00,0x00,0x00,
0xc0,0x90,0x02,0x20,0xc4,0x00,0x00,0x00,0xc0,0x90,0x02,0x20,0xc5,0x00,0x00,0x00,
0xc0,0x90,0x02,0x20,0xc6,0x00,0x00,0x00,0xc0,0x90,0x02,0x20,0xc7,0x00,0x00,0x00,
0xc0,0x90,0x02,0x20,0xc8,0x00,0x00,0x00,0xc0,0x90,0x02,0x20,0xc9,0x00,0x00,0x00,
0xc0,0x90,0x02,0x20,0xca,0x00,0x00,0x00,0xc0,0x90,0x02,0x20,0xcb,0x00,0x00,0x00,
0xc0,0x90,0x02,0x20,0xcc,0x00,0x00,0x00,0xc0,0x90,0x02,0x20,0xcd,0x00,0x00,0x00,
0xc0,0x90,0x02,0x20,0xce,0x00,0x00,0x00,0xc0,0x90,0x02,0x20,0xcf,0x00,0x00,0x00,
0xc0,0x90,0x02,0x20,0xd0,0x00,0x00,0x00,0xc0,0x90,0x02,0x20,0xd1,0x00,0x00,0x00,
0xc0,0x90,0x02,0x20,0xd2,0x00,0x00,0x00,0xc0,0x90,0x02,0x20,0xd3,0x00,0x00,0x00,
0xc0,0x90,0x02,0x20,0xd4,0x00,0x00,0x00,0xc0,0x90,0x02,0x20,0xd5,0x00,0x00,0x00,
0xc0,0x90,0x02,0x20,0xd6,0x00,0x00,0x00,0xc0,0x90,0x02,0x20,0xd7,0x00,0x00,0x00,
0xc0,0x90,0x02,0x20,0xd8,0x00,0x00,0x00,0xc0,0x90,0x02,0x20,0xd9,0x00,0x00,0x00,
0xc0,0x90,0x02,0x20,0xda,0x00,0x00,0x00,0xc0,0x90,0x02,0x20,0xdb,0x00,0x00,0x00,
0xc0,0x90,0x02,0x20,0xdc,0x00,0x00,0x00,0xc0,0x90,0x02,0x20,0xdd,0x00,0x00,0x00,
0xc0,0x90,0x02,0x20,0xde,0x00,0x00,0x00,0xc0,0x90,0x02,0x20,0xdf,0x00,0x00,0x00,
0xc0,0x90,0x02,0x20,0xe0,0x00,0x00,0x00,0xc0,0x90,0x02,0x20,0xe1,0x00,0x00,0x00,
0xc0,0x90,0x02,0x20,0xe2,0x00,0x00,0x00,0xc0,0x90,0x02,0x20,0xe3,0x00,0x00,0x00,
0xc0,0x90,0x02,0x20,0xe4,0x00,0x00,0x00,0xc0,0x90,0x02,0x20,0xe5,0x00,0x00,0x00,
0xc0,0x90,0x02,0x20,0xe6,0x00,0x00,0x00,0xc0,0x90,0x02,0x20,0xe7,0x00,0x00,0x00,
0xc0,0x90,0x02,0x20,0xe8,0x00,0x00,0x00,0xc0,0x90,0x02,0x20,0xe9,0x00,0x00,0x00,
0xc0,0x90,0x02,0x20,0xea,0x00,0x00,0x00,0xc0,0x90,0x02,0x20,0xeb,0x00,0x00,0x00,
0xc0,0x90,0x02,0x20,0xec,0x00,0x00,0x00,0xc0,0x90,0x02,0x20,0xed,0x00,0x00,0x00,
0xc0,0x90,0x02,0x20,0xee,0x00,0x00,0x00,0xc0,0x90,0x02,0x20,0xef,0x00,0x00,0x00,
0xc0,0x90,0x02,0x20,0xf0,0x00,0x00,0x00,0xc0,0x90,0x02,0x20,0xf1,0x00,0x00,0x00,
0xc0,0x90,0x02,0x20,0xf2,0x00,0x00,0x00,0xc0,0x90,0x02,0x20,0xf3,0x00,0x00,0x00,
0xc0,0x90,0x02,0x20,0xf4,0x00,0x00,0x00,0xc0,0x90,0x02,0x20,0xf5,0x00,0x00,0x00,
0xc0,0x90,0x02,0x20,0xf6,0x00,0x00,0x00,0x00,0x00,0x00,0x00,0x00,0x00,0x00,0x00,
0x00,0x00,0x00,0x00,0x00,0x00,0x00,0x00,0x00,0x00,0x00,0x00,0x00,0x00,0x00,0x00,
0x00,0x00,0x00,0x00,0x00,0x00,0x00,0x00,0x00,0x00,0x00,0x00,0x00,0x00,0x00,0x00,
0x00,0x00,0x00,0x00,0x00,0x00,0x00,0x00,0x00,0x00,0x00,0x00,0x00,0x00,0x00,0x00,
0x40,0x18,0x02,0x20,0x00,0x00,0x00,0x00,0x01,0x00,0x00,0x00,0x00,0x00,0x00,0x00,
0x00,0x00,0x00,0x00,0x00,0x00,0x00,0x00,0x00,0x00,0x00,0x00,0x00,0x00,0x00,0x00,
0x00,0x00,0x00,0x00,0x00,0x00,0x00,0x00,0x00,0x00,0x00,0x00,0x00,0x00,0x00,0x00,
0x00,0x00,0x00,0x00,0x00,0x00,0x00,0x00,0x00,0x00,0x00,0x00,0x00,0x00,0x00,0x00,
0x00,0x00,0x00,0x00,0x00,0x00,0x00,0x00,0x00,0x00,0x00,0x00,0x00,0x00,0x00,0x00,
0x00,0x00,0x00,0x00,0x00,0x00,0x00,0x00,0x00,0x00,0x00,0x00,0x00,0x00,0x00,0x00,
0x00,0x00,0x00,0x00,0x00,0x00,0x00,0x00,0x00,0x00,0x00,0x00,0x00,0x00,0x00,0x00,
0x00,0x00,0x00,0x00,0x00,0x00,0x00,0x00,0x00,0x00,0x00,0x00,0x00,0x00,0x00,0x00,
0x00,0x00,0x00,0x00,0x00,0x00,0x00,0x00,0x00,0x00,0x00,0x00,0x00,0x00,0x00,0x00,
0x00,0x00,0x00,0x00,0x00,0x00,0x00,0x00,0x00,0x00,0x00,0x00,0x00,0x00,0x00,0x00,
0x00,0x00,0x00,0x00,0x00,0x00,0x00,0x00,0x00,0x00,0x00,0x00,0x00,0x00,0x00,0x00,
0x00,0x00,0x00,0x00,0x00,0x00,0x00,0x00,0x00,0x00,0x00,0x00,0x00,0x00,0x00,0x00,
0x00,0x00,0x00,0x00,0x00,0x00,0x00,0x00,0x00,0x00,0x00,0x00,0x00,0x00,0x00,0x00,
0x00,0x00,0x00,0x00,0x00,0x00,0x00,0x00,0x00,0x00,0x00,0x00,0x00,0x00,0x00,0x00,
0x00,0x00,0x00,0x00,0x00,0x00,0x00,0x00,0x00,0x00,0x00,0x00,0x00,0x00,0x00,0x00,
0x00,0x00,0x00,0x00,0x00,0x00,0x00,0x00,0x00,0x00,0x00,0x00,0x00,0x00,0x00,0x00,
0x00,0x00,0x00,0x00,0x00,0x00,0x00,0x00,0x00,0x00,0x00,0x00,0x00,0x00,0x00,0x00,
0x00,0x00,0x00,0x00,0x00,0x00,0x00,0x00,0x00,0x00,0x00,0x00,0x00,0x00,0x00,0x00,
0x01,0x02,0x03,0x00,0x00,0x00,0x00,0x00,0x00,0x00,0x00,0x00,0x00,0x00,0x00,0x00,
0x00,0x00,0x00,0x00,0x00,0x00,0x00,0x00,0x00,0x00,0x00,0x00,0x00,0x00,0x00,0x00,
0x00,0x00,0x00,0x00,0x00,0x00,0x00,0x00,0x00,0x00,0x00,0x00,0x00,0x00,0x00,0x00,
0x00,0x00,0x00,0x00,0x00,0x00,0x00,0x00,0x00,0x00,0x00,0x00,0x00,0xe0,0x1f,0x20,
0x00,0xbd,0x02,0x20,0x8c,0xb6,0x02,0x20,0x00,0x00,0x00,0x00,0x00,0x00,0x00,0x00,
0x00,0x00,0x00,0x00,0x00,0x10,0x01,0x31,0x06,0x00,0x00,0x40,0x00,0x00,0x00,0x00,
0x00,0xb0,0x08,0x31,0xb5,0x00,0x00,0x00,0xaf,0x00,0x00,0x00,0x00,0x00,0x00,0x00,
0x00,0x00,0x00,0x00,0x00,0x00,0x00,0x00,0x00,0x00,0x00,0x00,0x00,0x00,0x00,0x00,
0x10,0x8b,0x02,0x20,0x00,0x00,0x00,0x00,0x10,0x8b,0x02,0x20,0x00,0x00,0x00,0x00,
0x10,0x8b,0x02,0x20,0x00,0x00,0x00,0x00,0x10,0x8b,0x02,0x20,0x00,0x00,0x00,0x00,
0x10,0x8b,0x02,0x20,0x00,0x00,0x00,0x00,0x10,0x8b,0x02,0x20,0x00,0x00,0x00,0x00,
0x10,0x8b,0x02,0x20,0x00,0x00,0x00,0x00,0x10,0x8b,0x02,0x20,0x00,0x00,0x00,0x00,
0x10,0x8b,0x02,0x20,0x00,0x00,0x00,0x00,0x10,0x8b,0x02,0x20,0x00,0x00,0x00,0x00,
0x10,0x8b,0x02,0x20,0x00,0x00,0x00,0x00,0x10,0x8b,0x02,0x20,0x00,0x00,0x00,0x00,
0x10,0x8b,0x02,0x20,0x00,0x00,0x00,0x00,0x10,0x8b,0x02,0x20,0x00,0x00,0x00,0x00,
0x10,0x8b,0x02,0x20,0x00,0x00,0x00,0x00,0x10,0x8b,0x02,0x20,0x00,0x00,0x00,0x00,
0x10,0x8b,0x02,0x20,0x00,0x00,0x00,0x00,0x10,0x8b,0x02,0x20,0x00,0x00,0x00,0x00,
0x10,0x8b,0x02,0x20,0x00,0x00,0x00,0x00,0x10,0x8b,0x02,0x20,0x00,0x00,0x00,0x00,
0x10,0x8b,0x02,0x20,0x00,0x00,0x00,0x00,0x10,0x8b,0x02,0x20,0x00,0x00,0x00,0x00,
0x10,0x8b,0x02,0x20,0x00,0x00,0x00,0x00,0x10,0x8b,0x02,0x20,0x00,0x00,0x00,0x00,
0x10,0x8b,0x02,0x20,0x00,0x00,0x00,0x00,0x10,0x8b,0x02,0x20,0x00,0x00,0x00,0x00,
0x10,0x8b,0x02,0x20,0x00,0x00,0x00,0x00,0x10,0x8b,0x02,0x20,0x00,0x00,0x00,0x00,
0x10,0x8b,0x02,0x20,0x00,0x00,0x00,0x00,0x10,0x8b,0x02,0x20,0x00,0x00,0x00,0x00,
0x10,0x8b,0x02,0x20,0x00,0x00,0x00,0x00,0x10,0x8b,0x02,0x20,0x00,0x00,0x00,0x00,
0x10,0x8b,0x02,0x20,0x00,0x00,0x00,0x00,0x10,0x8b,0x02,0x20,0x00,0x00,0x00,0x00,
0x10,0x8b,0x02,0x20,0x00,0x00,0x00,0x00,0x10,0x8b,0x02,0x20,0x00,0x00,0x00,0x00,
0x10,0x8b,0x02,0x20,0x00,0x00,0x00,0x00,0x10,0x8b,0x02,0x20,0x00,0x00,0x00,0x00,
0x10,0x8b,0x02,0x20,0x00,0x00,0x00,0x00,0x10,0x8b,0x02,0x20,0x00,0x00,0x00,0x00,
0x10,0x8b,0x02,0x20,0x00,0x00,0x00,0x00,0x10,0x8b,0x02,0x20,0x00,0x00,0x00,0x00,
0x10,0x8b,0x02,0x20,0x00,0x00,0x00,0x00,0x10,0x8b,0x02,0x20,0x00,0x00,0x00,0x00,
0x10,0x8b,0x02,0x20,0x00,0x00,0x00,0x00,0x10,0x8b,0x02,0x20,0x00,0x00,0x00,0x00,
0x10,0x8b,0x02,0x20,0x00,0x00,0x00,0x00,0x10,0x8b,0x02,0x20,0x00,0x00,0x00,0x00,
0x10,0x8b,0x02,0x20,0x00,0x00,0x00,0x00,0x10,0x8b,0x02,0x20,0x00,0x00,0x00,0x00,
0x10,0x8b,0x02,0x20,0x00,0x00,0x00,0x00,0x10,0x8b,0x02,0x20,0x00,0x00,0x00,0x00,
0x10,0x8b,0x02,0x20,0x00,0x00,0x00,0x00,0x10,0x8b,0x02,0x20,0x00,0x00,0x00,0x00,
0x10,0x8b,0x02,0x20,0x00,0x00,0x00,0x00,0x10,0x8b,0x02,0x20,0x00,0x00,0x00,0x00,
0x10,0x8b,0x02,0x20,0x00,0x00,0x00,0x00,0x10,0x8b,0x02,0x20,0x00,0x00,0x00,0x00,
0x10,0x8b,0x02,0x20,0x00,0x00,0x00,0x00,0x10,0x8b,0x02,0x20,0x00,0x00,0x00,0x00,
0x10,0x8b,0x02,0x20,0x00,0x00,0x00,0x00,0x10,0x8b,0x02,0x20,0x00,0x00,0x00,0x00,
0x10,0x8b,0x02,0x20,0x00,0x00,0x00,0x00,0x10,0x8b,0x02,0x20,0x00,0x00,0x00,0x00,
0x10,0x8b,0x02,0x20,0x00,0x00,0x00,0x00,0x10,0x8b,0x02,0x20,0x00,0x00,0x00,0x00,
0x10,0x8b,0x02,0x20,0x00,0x00,0x00,0x00,0x10,0x8b,0x02,0x20,0x00,0x00,0x00,0x00,
0x10,0x8b,0x02,0x20,0x00,0x00,0x00,0x00,0x10,0x8b,0x02,0x20,0x00,0x00,0x00,0x00,
0x10,0x8b,0x02,0x20,0x00,0x00,0x00,0x00,0x10,0x8b,0x02,0x20,0x00,0x00,0x00,0x00,
0x10,0x8b,0x02,0x20,0x00,0x00,0x00,0x00,0x10,0x8b,0x02,0x20,0x00,0x00,0x00,0x00,
0x10,0x8b,0x02,0x20,0x00,0x00,0x00,0x00,0x10,0x8b,0x02,0x20,0x00,0x00,0x00,0x00,
0x10,0x8b,0x02,0x20,0x00,0x00,0x00,0x00,0x10,0x8b,0x02,0x20,0x00,0x00,0x00,0x00,
0x10,0x8b,0x02,0x20,0x00,0x00,0x00,0x00,0x10,0x8b,0x02,0x20,0x00,0x00,0x00,0x00,
0x10,0x8b,0x02,0x20,0x00,0x00,0x00,0x00,0x10,0x8b,0x02,0x20,0x00,0x00,0x00,0x00,
0x10,0x8b,0x02,0x20,0x00,0x00,0x00,0x00,0x10,0x8b,0x02,0x20,0x00,0x00,0x00,0x00,
0x10,0x8b,0x02,0x20,0x00,0x00,0x00,0x00,0x10,0x8b,0x02,0x20,0x00,0x00,0x00,0x00,
0x10,0x8b,0x02,0x20,0x00,0x00,0x00,0x00,0x10,0x8b,0x02,0x20,0x00,0x00,0x00,0x00,
0x10,0x8b,0x02,0x20,0x00,0x00,0x00,0x00,0x10,0x8b,0x02,0x20,0x00,0x00,0x00,0x00,
0x10,0x8b,0x02,0x20,0x00,0x00,0x00,0x00,0x10,0x8b,0x02,0x20,0x00,0x00,0x00,0x00,
0x10,0x8b,0x02,0x20,0x00,0x00,0x00,0x00,0x10,0x8b,0x02,0x20,0x00,0x00,0x00,0x00,
0x10,0x8b,0x02,0x20,0x00,0x00,0x00,0x00,0x10,0x8b,0x02,0x20,0x00,0x00,0x00,0x00,
0x10,0x8b,0x02,0x20,0x00,0x00,0x00,0x00,0x10,0x8b,0x02,0x20,0x00,0x00,0x00,0x00,
0x10,0x8b,0x02,0x20,0x00,0x00,0x00,0x00,0x10,0x8b,0x02,0x20,0x00,0x00,0x00,0x00,
0x10,0x8b,0x02,0x20,0x00,0x00,0x00,0x00,0x10,0x8b,0x02,0x20,0x00,0x00,0x00,0x00,
0x10,0x8b,0x02,0x20,0x00,0x00,0x00,0x00,0x10,0x8b,0x02,0x20,0x00,0x00,0x00,0x00,
0x10,0x8b,0x02,0x20,0x00,0x00,0x00,0x00,0x10,0x8b,0x02,0x20,0x00,0x00,0x00,0x00,
0x10,0x8b,0x02,0x20,0x00,0x00,0x00,0x00,0x10,0x8b,0x02,0x20,0x00,0x00,0x00,0x00,
0x10,0x8b,0x02,0x20,0x00,0x00,0x00,0x00,0x10,0x8b,0x02,0x20,0x00,0x00,0x00,0x00,
0x10,0x8b,0x02,0x20,0x00,0x00,0x00,0x00,0x10,0x8b,0x02,0x20,0x00,0x00,0x00,0x00,
0x10,0x8b,0x02,0x20,0x00,0x00,0x00,0x00,0x10,0x8b,0x02,0x20,0x00,0x00,0x00,0x00,
0x10,0x8b,0x02,0x20,0x00,0x00,0x00,0x00,0x10,0x8b,0x02,0x20,0x00,0x00,0x00,0x00,
0x10,0x8b,0x02,0x20,0x00,0x00,0x00,0x00,0x10,0x8b,0x02,0x20,0x00,0x00,0x00,0x00,
0x10,0x8b,0x02,0x20,0x00,0x00,0x00,0x00,0x10,0x8b,0x02,0x20,0x00,0x00,0x00,0x00,
0x10,0x8b,0x02,0x20,0x00,0x00,0x00,0x00,0x10,0x8b,0x02,0x20,0x00,0x00,0x00,0x00,
0x10,0x8b,0x02,0x20,0x00,0x00,0x00,0x00,0x10,0x8b,0x02,0x20,0x00,0x00,0x00,0x00,
0x10,0x8b,0x02,0x20,0x00,0x00,0x00,0x00,0x10,0x8b,0x02,0x20,0x00,0x00,0x00,0x00,
0x10,0x8b,0x02,0x20,0x00,0x00,0x00,0x00,0x10,0x8b,0x02,0x20,0x00,0x00,0x00,0x00,
0x10,0x8b,0x02,0x20,0x00,0x00,0x00,0x00,0x10,0x8b,0x02,0x20,0x00,0x00,0x00,0x00,
0x10,0x8b,0x02,0x20,0x00,0x00,0x00,0x00,0x10,0x8b,0x02,0x20,0x00,0x00,0x00,0x00,
0x10,0x8b,0x02,0x20,0x00,0x00,0x00,0x00,0x10,0x8b,0x02,0x20,0x00,0x00,0x00,0x00,
0x10,0x8b,0x02,0x20,0x00,0x00,0x00,0x00,0x10,0x8b,0x02,0x20,0x00,0x00,0x00,0x00,
0x10,0x8b,0x02,0x20,0x00,0x00,0x00,0x00,0x10,0x8b,0x02,0x20,0x00,0x00,0x00,0x00,
0x10,0x8b,0x02,0x20,0x00,0x00,0x00,0x00,0x10,0x8b,0x02,0x20,0x00,0x00,0x00,0x00,
0x10,0x8b,0x02,0x20,0x00,0x00,0x00,0x00,0x10,0x8b,0x02,0x20,0x00,0x00,0x00,0x00,
0x10,0x8b,0x02,0x20,0x00,0x00,0x00,0x00,0x10,0x8b,0x02,0x20,0x00,0x00,0x00,0x00,
0x10,0x8b,0x02,0x20,0x00,0x00,0x00,0x00,0x10,0x8b,0x02,0x20,0x00,0x00,0x00,0x00,
0x10,0x8b,0x02,0x20,0x00,0x00,0x00,0x00,0x10,0x8b,0x02,0x20,0x00,0x00,0x00,0x00,
0x10,0x8b,0x02,0x20,0x00,0x00,0x00,0x00,0x10,0x8b,0x02,0x20,0x00,0x00,0x00,0x00,
0x10,0x8b,0x02,0x20,0x00,0x00,0x00,0x00,0x10,0x8b,0x02,0x20,0x00,0x00,0x00,0x00,
0x10,0x8b,0x02,0x20,0x00,0x00,0x00,0x00,0x10,0x8b,0x02,0x20,0x00,0x00,0x00,0x00,
0x10,0x8b,0x02,0x20,0x00,0x00,0x00,0x00,0x10,0x8b,0x02,0x20,0x00,0x00,0x00,0x00,
0x10,0x8b,0x02,0x20,0x00,0x00,0x00,0x00,0x10,0x8b,0x02,0x20,0x00,0x00,0x00,0x00,
0x10,0x8b,0x02,0x20,0x00,0x00,0x00,0x00,0x10,0x8b,0x02,0x20,0x00,0x00,0x00,0x00,
0x10,0x8b,0x02,0x20,0x00,0x00,0x00,0x00,0x10,0x8b,0x02,0x20,0x00,0x00,0x00,0x00,
0x10,0x8b,0x02,0x20,0x00,0x00,0x00,0x00,0x10,0x8b,0x02,0x20,0x00,0x00,0x00,0x00,
0x10,0x8b,0x02,0x20,0x00,0x00,0x00,0x00,0x10,0x8b,0x02,0x20,0x00,0x00,0x00,0x00,
0x10,0x8b,0x02,0x20,0x00,0x00,0x00,0x00,0x10,0x8b,0x02,0x20,0x00,0x00,0x00,0x00,
0x10,0x8b,0x02,0x20,0x00,0x00,0x00,0x00,0x10,0x8b,0x02,0x20,0x00,0x00,0x00,0x00,
0x10,0x8b,0x02,0x20,0x00,0x00,0x00,0x00,0x10,0x8b,0x02,0x20,0x00,0x00,0x00,0x00,
0x10,0x8b,0x02,0x20,0x00,0x00,0x00,0x00,0x10,0x8b,0x02,0x20,0x00,0x00,0x00,0x00,
0x10,0x8b,0x02,0x20,0x00,0x00,0x00,0x00,0x10,0x8b,0x02,0x20,0x00,0x00,0x00,0x00,
0x10,0x8b,0x02,0x20,0x00,0x00,0x00,0x00,0x10,0x8b,0x02,0x20,0x00,0x00,0x00,0x00,
0x10,0x8b,0x02,0x20,0x00,0x00,0x00,0x00,0x10,0x8b,0x02,0x20,0x00,0x00,0x00,0x00,
0x10,0x8b,0x02,0x20,0x00,0x00,0x00,0x00,0x10,0x8b,0x02,0x20,0x00,0x00,0x00,0x00,
0x10,0x8b,0x02,0x20,0x00,0x00,0x00,0x00,0x10,0x8b,0x02,0x20,0x00,0x00,0x00,0x00,
0x10,0x8b,0x02,0x20,0x00,0x00,0x00,0x00,0x10,0x8b,0x02,0x20,0x00,0x00,0x00,0x00,
0x10,0x8b,0x02,0x20,0x00,0x00,0x00,0x00,0x10,0x8b,0x02,0x20,0x00,0x00,0x00,0x00,
0x10,0x8b,0x02,0x20,0x00,0x00,0x00,0x00,0x10,0x8b,0x02,0x20,0x00,0x00,0x00,0x00,
0x10,0x8b,0x02,0x20,0x00,0x00,0x00,0x00,0x10,0x8b,0x02,0x20,0x00,0x00,0x00,0x00,
0x10,0x8b,0x02,0x20,0x00,0x00,0x00,0x00,0x10,0x8b,0x02,0x20,0x00,0x00,0x00,0x00,
0x10,0x8b,0x02,0x20,0x00,0x00,0x00,0x00,0x10,0x8b,0x02,0x20,0x00,0x00,0x00,0x00,
0x10,0x8b,0x02,0x20,0x00,0x00,0x00,0x00,0x10,0x8b,0x02,0x20,0x00,0x00,0x00,0x00,
0x10,0x8b,0x02,0x20,0x00,0x00,0x00,0x00,0x10,0x8b,0x02,0x20,0x00,0x00,0x00,0x00,
0x10,0x8b,0x02,0x20,0x00,0x00,0x00,0x00,0x10,0x8b,0x02,0x20,0x00,0x00,0x00,0x00,
0x10,0x8b,0x02,0x20,0x00,0x00,0x00,0x00,0x10,0x8b,0x02,0x20,0x00,0x00,0x00,0x00,
0x10,0x8b,0x02,0x20,0x00,0x00,0x00,0x00,0x10,0x8b,0x02,0x20,0x00,0x00,0x00,0x00,
0x10,0x8b,0x02,0x20,0x00,0x00,0x00,0x00,0x10,0x8b,0x02,0x20,0x00,0x00,0x00,0x00,
0x10,0x8b,0x02,0x20,0x00,0x00,0x00,0x00,0x10,0x8b,0x02,0x20,0x00,0x00,0x00,0x00,
0x10,0x8b,0x02,0x20,0x00,0x00,0x00,0x00,0x10,0x8b,0x02,0x20,0x00,0x00,0x00,0x00,
0x10,0x8b,0x02,0x20,0x00,0x00,0x00,0x00,0x10,0x8b,0x02,0x20,0x00,0x00,0x00,0x00,
0x10,0x8b,0x02,0x20,0x00,0x00,0x00,0x00,0x10,0x8b,0x02,0x20,0x00,0x00,0x00,0x00,
0x10,0x8b,0x02,0x20,0x00,0x00,0x00,0x00,0x10,0x8b,0x02,0x20,0x00,0x00,0x00,0x00,
0x10,0x8b,0x02,0x20,0x00,0x00,0x00,0x00,0x10,0x8b,0x02,0x20,0x00,0x00,0x00,0x00,
0x10,0x8b,0x02,0x20,0x00,0x00,0x00,0x00,0x10,0x8b,0x02,0x20,0x00,0x00,0x00,0x00,
0x10,0x8b,0x02,0x20,0x00,0x00,0x00,0x00,0x10,0x8b,0x02,0x20,0x00,0x00,0x00,0x00,
0x10,0x8b,0x02,0x20,0x00,0x00,0x00,0x00,0x10,0x8b,0x02,0x20,0x00,0x00,0x00,0x00,
0x10,0x8b,0x02,0x20,0x00,0x00,0x00,0x00,0x10,0x8b,0x02,0x20,0x00,0x00,0x00,0x00,
0x10,0x8b,0x02,0x20,0x00,0x00,0x00,0x00,0x10,0x8b,0x02,0x20,0x00,0x00,0x00,0x00,
0x10,0x8b,0x02,0x20,0x00,0x00,0x00,0x00,0x10,0x8b,0x02,0x20,0x00,0x00,0x00,0x00,
0x10,0x8b,0x02,0x20,0x00,0x00,0x00,0x00,0x10,0x8b,0x02,0x20,0x00,0x00,0x00,0x00,
0x10,0x8b,0x02,0x20,0x00,0x00,0x00,0x00,0x10,0x8b,0x02,0x20,0x00,0x00,0x00,0x00,
0x10,0x8b,0x02,0x20,0x00,0x00,0x00,0x00,0x10,0x8b,0x02,0x20,0x00,0x00,0x00,0x00,
0x10,0x8b,0x02,0x20,0x00,0x00,0x00,0x00,0x10,0x8b,0x02,0x20,0x00,0x00,0x00,0x00,
0x10,0x8b,0x02,0x20,0x00,0x00,0x00,0x00,0x10,0x8b,0x02,0x20,0x00,0x00,0x00,0x00,
0x10,0x8b,0x02,0x20,0x00,0x00,0x00,0x00,0x10,0x8b,0x02,0x20,0x00,0x00,0x00,0x00,
0x10,0x8b,0x02,0x20,0x00,0x00,0x00,0x00,0x10,0x8b,0x02,0x20,0x00,0x00,0x00,0x00,
0x10,0x8b,0x02,0x20,0x00,0x00,0x00,0x00,0x10,0x8b,0x02,0x20,0x00,0x00,0x00,0x00,
0x10,0x8b,0x02,0x20,0x00,0x00,0x00,0x00,0x10,0x8b,0x02,0x20,0x00,0x00,0x00,0x00,
0x10,0x8b,0x02,0x20,0x00,0x00,0x00,0x00,0x10,0x8b,0x02,0x20,0x00,0x00,0x00,0x00,
0x10,0x8b,0x02,0x20,0x00,0x00,0x00,0x00,0x10,0x8b,0x02,0x20,0x00,0x00,0x00,0x00,
0x10,0x8b,0x02,0x20,0x00,0x00,0x00,0x00,0x10,0x8b,0x02,0x20,0x00,0x00,0x00,0x00,
0x10,0x8b,0x02,0x20,0x00,0x00,0x00,0x00,0x10,0x8b,0x02,0x20,0x00,0x00,0x00,0x00,
0x10,0x8b,0x02,0x20,0x00,0x00,0x00,0x00,0x10,0x8b,0x02,0x20,0x00,0x00,0x00,0x00,
0x10,0x8b,0x02,0x20,0x00,0x00,0x00,0x00,0x10,0x8b,0x02,0x20,0x00,0x00,0x00,0x00,
0x10,0x8b,0x02,0x20,0x00,0x00,0x00,0x00,0x10,0x8b,0x02,0x20,0x00,0x00,0x00,0x00,
0x10,0x8b,0x02,0x20,0x00,0x00,0x00,0x00,0x10,0x8b,0x02,0x20,0x00,0x00,0x00,0x00,
0x10,0x8b,0x02,0x20,0x00,0x00,0x00,0x00,0x10,0x8b,0x02,0x20,0x00,0x00,0x00,0x00,
0x10,0x8b,0x02,0x20,0x00,0x00,0x00,0x00,0x10,0x8b,0x02,0x20,0x00,0x00,0x00,0x00,
0x10,0x8b,0x02,0x20,0x00,0x00,0x00,0x00,0x10,0x8b,0x02,0x20,0x00,0x00,0x00,0x00,
0x10,0x8b,0x02,0x20,0x00,0x00,0x00,0x00,0x10,0x8b,0x02,0x20,0x00,0x00,0x00,0x00,
0x10,0x8b,0x02,0x20,0x00,0x00,0x00,0x00,0x10,0x8b,0x02,0x20,0x00,0x00,0x00,0x00,
0x10,0x8b,0x02,0x20,0x00,0x00,0x00,0x00,0x10,0x8b,0x02,0x20,0x00,0x00,0x00,0x00,
0x10,0x8b,0x02,0x20,0x00,0x00,0x00,0x00,0x10,0x8b,0x02,0x20,0x00,0x00,0x00,0x00,
0x10,0x8b,0x02,0x20,0x00,0x00,0x00,0x00,0x10,0x8b,0x02,0x20,0x00,0x00,0x00,0x00,
0x10,0x8b,0x02,0x20,0x00,0x00,0x00,0x00,0x10,0x8b,0x02,0x20,0x00,0x00,0x00,0x00,
0x10,0x8b,0x02,0x20,0x00,0x00,0x00,0x00,0x10,0x8b,0x02,0x20,0x00,0x00,0x00,0x00,
0x10,0x8b,0x02,0x20,0x00,0x00,0x00,0x00,0x10,0x8b,0x02,0x20,0x00,0x00,0x00,0x00,
0x10,0x8b,0x02,0x20,0x00,0x00,0x00,0x00,0x10,0x8b,0x02,0x20,0x00,0x00,0x00,0x00,
0x10,0x8b,0x02,0x20,0x00,0x00,0x00,0x00,0x10,0x8b,0x02,0x20,0x00,0x00,0x00,0x00,
0x10,0x8b,0x02,0x20,0x00,0x00,0x00,0x00,0x10,0x8b,0x02,0x20,0x00,0x00,0x00,0x00,
0x10,0x8b,0x02,0x20,0x00,0x00,0x00,0x00,0x10,0x8b,0x02,0x20,0x00,0x00,0x00,0x00,
0x10,0x8b,0x02,0x20,0x00,0x00,0x00,0x00,0x10,0x8b,0x02,0x20,0x00,0x00,0x00,0x00,
0x10,0x8b,0x02,0x20,0x00,0x00,0x00,0x00,0x10,0x8b,0x02,0x20,0x00,0x00,0x00,0x00,
0x10,0x8b,0x02,0x20,0x00,0x00,0x00,0x00,0x10,0x8b,0x02,0x20,0x00,0x00,0x00,0x00,
0x10,0x8b,0x02,0x20,0x00,0x00,0x00,0x00,0x10,0x8b,0x02,0x20,0x00,0x00,0x00,0x00,
0x10,0x8b,0x02,0x20,0x00,0x00,0x00,0x00,0x10,0x8b,0x02,0x20,0x00,0x00,0x00,0x00,
0x10,0x8b,0x02,0x20,0x00,0x00,0x00,0x00,0x10,0x8b,0x02,0x20,0x00,0x00,0x00,0x00,
0x10,0x8b,0x02,0x20,0x00,0x00,0x00,0x00,0x10,0x8b,0x02,0x20,0x00,0x00,0x00,0x00,
0x10,0x8b,0x02,0x20,0x00,0x00,0x00,0x00,0x10,0x8b,0x02,0x20,0x00,0x00,0x00,0x00,
0x10,0x8b,0x02,0x20,0x00,0x00,0x00,0x00,0x10,0x8b,0x02,0x20,0x00,0x00,0x00,0x00,
0x10,0x8b,0x02,0x20,0x00,0x00,0x00,0x00,0x10,0x8b,0x02,0x20,0x00,0x00,0x00,0x00,
0x10,0x8b,0x02,0x20,0x00,0x00,0x00,0x00,0x10,0x8b,0x02,0x20,0x00,0x00,0x00,0x00,
0x10,0x8b,0x02,0x20,0x00,0x00,0x00,0x00,0x10,0x8b,0x02,0x20,0x00,0x00,0x00,0x00,
0x10,0x8b,0x02,0x20,0x00,0x00,0x00,0x00,0x10,0x8b,0x02,0x20,0x00,0x00,0x00,0x00,
0x10,0x8b,0x02,0x20,0x00,0x00,0x00,0x00,0x10,0x8b,0x02,0x20,0x00,0x00,0x00,0x00,
0x10,0x8b,0x02,0x20,0x00,0x00,0x00,0x00,0x10,0x8b,0x02,0x20,0x00,0x00,0x00,0x00,
0x10,0x8b,0x02,0x20,0x00,0x00,0x00,0x00,0x10,0x8b,0x02,0x20,0x00,0x00,0x00,0x00,
0x10,0x8b,0x02,0x20,0x00,0x00,0x00,0x00,0x10,0x8b,0x02,0x20,0x00,0x00,0x00,0x00,
0x10,0x8b,0x02,0x20,0x00,0x00,0x00,0x00,0x10,0x8b,0x02,0x20,0x00,0x00,0x00,0x00,
0x10,0x8b,0x02,0x20,0x00,0x00,0x00,0x00,0x10,0x8b,0x02,0x20,0x00,0x00,0x00,0x00,
0x10,0x8b,0x02,0x20,0x00,0x00,0x00,0x00,0x10,0x8b,0x02,0x20,0x00,0x00,0x00,0x00,
0x10,0x8b,0x02,0x20,0x00,0x00,0x00,0x00,0x10,0x8b,0x02,0x20,0x00,0x00,0x00,0x00,
0x10,0x8b,0x02,0x20,0x00,0x00,0x00,0x00,0x10,0x8b,0x02,0x20,0x00,0x00,0x00,0x00,
0x10,0x8b,0x02,0x20,0x00,0x00,0x00,0x00,0x10,0x8b,0x02,0x20,0x00,0x00,0x00,0x00,
0x10,0x8b,0x02,0x20,0x00,0x00,0x00,0x00,0x10,0x8b,0x02,0x20,0x00,0x00,0x00,0x00,
0x10,0x8b,0x02,0x20,0x00,0x00,0x00,0x00,0x10,0x8b,0x02,0x20,0x00,0x00,0x00,0x00,
0x10,0x8b,0x02,0x20,0x00,0x00,0x00,0x00,0x10,0x8b,0x02,0x20,0x00,0x00,0x00,0x00,
0x10,0x8b,0x02,0x20,0x00,0x00,0x00,0x00,0x10,0x8b,0x02,0x20,0x00,0x00,0x00,0x00,
0x10,0x8b,0x02,0x20,0x00,0x00,0x00,0x00,0x10,0x8b,0x02,0x20,0x00,0x00,0x00,0x00,
0x10,0x8b,0x02,0x20,0x00,0x00,0x00,0x00,0x10,0x8b,0x02,0x20,0x00,0x00,0x00,0x00,
0x10,0x8b,0x02,0x20,0x00,0x00,0x00,0x00,0x10,0x8b,0x02,0x20,0x00,0x00,0x00,0x00,
0x10,0x8b,0x02,0x20,0x00,0x00,0x00,0x00,0x10,0x8b,0x02,0x20,0x00,0x00,0x00,0x00,
0x10,0x8b,0x02,0x20,0x00,0x00,0x00,0x00,0x10,0x8b,0x02,0x20,0x00,0x00,0x00,0x00,
0x10,0x8b,0x02,0x20,0x00,0x00,0x00,0x00,0x10,0x8b,0x02,0x20,0x00,0x00,0x00,0x00,
0x10,0x8b,0x02,0x20,0x00,0x00,0x00,0x00,0x10,0x8b,0x02,0x20,0x00,0x00,0x00,0x00,
0x10,0x8b,0x02,0x20,0x00,0x00,0x00,0x00,0x10,0x8b,0x02,0x20,0x00,0x00,0x00,0x00,
0x10,0x8b,0x02,0x20,0x00,0x00,0x00,0x00,0x10,0x8b,0x02,0x20,0x00,0x00,0x00,0x00,
0x10,0x8b,0x02,0x20,0x00,0x00,0x00,0x00,0x10,0x8b,0x02,0x20,0x00,0x00,0x00,0x00,
0x10,0x8b,0x02,0x20,0x00,0x00,0x00,0x00,0x10,0x8b,0x02,0x20,0x00,0x00,0x00,0x00,
0x10,0x8b,0x02,0x20,0x00,0x00,0x00,0x00,0x10,0x8b,0x02,0x20,0x00,0x00,0x00,0x00,
0x10,0x8b,0x02,0x20,0x00,0x00,0x00,0x00,0x10,0x8b,0x02,0x20,0x00,0x00,0x00,0x00,
0x10,0x8b,0x02,0x20,0x00,0x00,0x00,0x00,0x10,0x8b,0x02,0x20,0x00,0x00,0x00,0x00,
0x10,0x8b,0x02,0x20,0x00,0x00,0x00,0x00,0x10,0x8b,0x02,0x20,0x00,0x00,0x00,0x00,
0x10,0x8b,0x02,0x20,0x00,0x00,0x00,0x00,0x10,0x8b,0x02,0x20,0x00,0x00,0x00,0x00,
0x10,0x8b,0x02,0x20,0x00,0x00,0x00,0x00,0x10,0x8b,0x02,0x20,0x00,0x00,0x00,0x00,
0x10,0x8b,0x02,0x20,0x00,0x00,0x00,0x00,0x10,0x8b,0x02,0x20,0x00,0x00,0x00,0x00,
0x10,0x8b,0x02,0x20,0x00,0x00,0x00,0x00,0x10,0x8b,0x02,0x20,0x00,0x00,0x00,0x00,
0x10,0x8b,0x02,0x20,0x00,0x00,0x00,0x00,0x10,0x8b,0x02,0x20,0x00,0x00,0x00,0x00,
0x10,0x8b,0x02,0x20,0x00,0x00,0x00,0x00,0x10,0x8b,0x02,0x20,0x00,0x00,0x00,0x00,
0x10,0x8b,0x02,0x20,0x00,0x00,0x00,0x00,0x10,0x8b,0x02,0x20,0x00,0x00,0x00,0x00,
0x10,0x8b,0x02,0x20,0x00,0x00,0x00,0x00,0x10,0x8b,0x02,0x20,0x00,0x00,0x00,0x00,
0x10,0x8b,0x02,0x20,0x00,0x00,0x00,0x00,0x10,0x8b,0x02,0x20,0x00,0x00,0x00,0x00,
0x10,0x8b,0x02,0x20,0x00,0x00,0x00,0x00,0x10,0x8b,0x02,0x20,0x00,0x00,0x00,0x00,
0x10,0x8b,0x02,0x20,0x00,0x00,0x00,0x00,0x10,0x8b,0x02,0x20,0x00,0x00,0x00,0x00,
0x10,0x8b,0x02,0x20,0x00,0x00,0x00,0x00,0x10,0x8b,0x02,0x20,0x00,0x00,0x00,0x00,
0x10,0x8b,0x02,0x20,0x00,0x00,0x00,0x00,0x10,0x8b,0x02,0x20,0x00,0x00,0x00,0x00,
0x10,0x8b,0x02,0x20,0x00,0x00,0x00,0x00,0x10,0x8b,0x02,0x20,0x00,0x00,0x00,0x00,
0x10,0x8b,0x02,0x20,0x00,0x00,0x00,0x00,0x10,0x8b,0x02,0x20,0x00,0x00,0x00,0x00,
0x10,0x8b,0x02,0x20,0x00,0x00,0x00,0x00,0x10,0x8b,0x02,0x20,0x00,0x00,0x00,0x00,
0x10,0x8b,0x02,0x20,0x00,0x00,0x00,0x00,0x10,0x8b,0x02,0x20,0x00,0x00,0x00,0x00,
0x10,0x8b,0x02,0x20,0x00,0x00,0x00,0x00,0x10,0x8b,0x02,0x20,0x00,0x00,0x00,0x00,
0x10,0x8b,0x02,0x20,0x00,0x00,0x00,0x00,0x10,0x8b,0x02,0x20,0x00,0x00,0x00,0x00,
0x10,0x8b,0x02,0x20,0x00,0x00,0x00,0x00,0x10,0x8b,0x02,0x20,0x00,0x00,0x00,0x00,
0x10,0x8b,0x02,0x20,0x00,0x00,0x00,0x00,0x10,0x8b,0x02,0x20,0x00,0x00,0x00,0x00,
0x10,0x8b,0x02,0x20,0x00,0x00,0x00,0x00,0x10,0x8b,0x02,0x20,0x00,0x00,0x00,0x00,
0x10,0x8b,0x02,0x20,0x00,0x00,0x00,0x00,0x10,0x8b,0x02,0x20,0x00,0x00,0x00,0x00,
0x10,0x8b,0x02,0x20,0x00,0x00,0x00,0x00,0x10,0x8b,0x02,0x20,0x00,0x00,0x00,0x00,
0x10,0x8b,0x02,0x20,0x00,0x00,0x00,0x00,0x10,0x8b,0x02,0x20,0x00,0x00,0x00,0x00,
0x10,0x8b,0x02,0x20,0x00,0x00,0x00,0x00,0x10,0x8b,0x02,0x20,0x00,0x00,0x00,0x00,
0x10,0x8b,0x02,0x20,0x00,0x00,0x00,0x00,0x10,0x8b,0x02,0x20,0x00,0x00,0x00,0x00,
0x10,0x8b,0x02,0x20,0x00,0x00,0x00,0x00,0x10,0x8b,0x02,0x20,0x00,0x00,0x00,0x00,
0x10,0x8b,0x02,0x20,0x00,0x00,0x00,0x00,0x10,0x8b,0x02,0x20,0x00,0x00,0x00,0x00,
0x10,0x8b,0x02,0x20,0x00,0x00,0x00,0x00,0x10,0x8b,0x02,0x20,0x00,0x00,0x00,0x00,
0x10,0x8b,0x02,0x20,0x00,0x00,0x00,0x00,0x10,0x8b,0x02,0x20,0x00,0x00,0x00,0x00,
0x10,0x8b,0x02,0x20,0x00,0x00,0x00,0x00,0x10,0x8b,0x02,0x20,0x00,0x00,0x00,0x00,
0x10,0x8b,0x02,0x20,0x00,0x00,0x00,0x00,0x10,0x8b,0x02,0x20,0x00,0x00,0x00,0x00,
0x10,0x8b,0x02,0x20,0x00,0x00,0x00,0x00,0x10,0x8b,0x02,0x20,0x00,0x00,0x00,0x00,
0x10,0x8b,0x02,0x20,0x00,0x00,0x00,0x00,0x10,0x8b,0x02,0x20,0x00,0x00,0x00,0x00,
0x10,0x8b,0x02,0x20,0x00,0x00,0x00,0x00,0x10,0x8b,0x02,0x20,0x00,0x00,0x00,0x00,
0x10,0x8b,0x02,0x20,0x00,0x00,0x00,0x00,0x10,0x8b,0x02,0x20,0x00,0x00,0x00,0x00,
0x10,0x8b,0x02,0x20,0x00,0x00,0x00,0x00,0x10,0x8b,0x02,0x20,0x00,0x00,0x00,0x00,
0x10,0x8b,0x02,0x20,0x00,0x00,0x00,0x00,0x10,0x8b,0x02,0x20,0x00,0x00,0x00,0x00,
0x10,0x8b,0x02,0x20,0x00,0x00,0x00,0x00,0x10,0x8b,0x02,0x20,0x00,0x00,0x00,0x00,
0x10,0x8b,0x02,0x20,0x00,0x00,0x00,0x00,0x10,0x8b,0x02,0x20,0x00,0x00,0x00,0x00,
0x10,0x8b,0x02,0x20,0x00,0x00,0x00,0x00,0x10,0x8b,0x02,0x20,0x00,0x00,0x00,0x00,
0x10,0x8b,0x02,0x20,0x00,0x00,0x00,0x00,0x10,0x8b,0x02,0x20,0x00,0x00,0x00,0x00,
0x10,0x8b,0x02,0x20,0x00,0x00,0x00,0x00,0x10,0x8b,0x02,0x20,0x00,0x00,0x00,0x00,
0x10,0x8b,0x02,0x20,0x00,0x00,0x00,0x00,0x10,0x8b,0x02,0x20,0x00,0x00,0x00,0x00,
0x10,0x8b,0x02,0x20,0x00,0x00,0x00,0x00,0x10,0x8b,0x02,0x20,0x00,0x00,0x00,0x00,
0x10,0x8b,0x02,0x20,0x00,0x00,0x00,0x00,0x10,0x8b,0x02,0x20,0x00,0x00,0x00,0x00,
0x10,0x8b,0x02,0x20,0x00,0x00,0x00,0x00,0x10,0x8b,0x02,0x20,0x00,0x00,0x00,0x00,
0x10,0x8b,0x02,0x20,0x00,0x00,0x00,0x00,0x10,0x8b,0x02,0x20,0x00,0x00,0x00,0x00,
0x10,0x8b,0x02,0x20,0x00,0x00,0x00,0x00,0x10,0x8b,0x02,0x20,0x00,0x00,0x00,0x00,
0x10,0x8b,0x02,0x20,0x00,0x00,0x00,0x00,0x10,0x8b,0x02,0x20,0x00,0x00,0x00,0x00,
0x10,0x8b,0x02,0x20,0x00,0x00,0x00,0x00,0x10,0x8b,0x02,0x20,0x00,0x00,0x00,0x00,
0x10,0x8b,0x02,0x20,0x00,0x00,0x00,0x00,0x10,0x8b,0x02,0x20,0x00,0x00,0x00,0x00,
0x10,0x8b,0x02,0x20,0x00,0x00,0x00,0x00,0x10,0x8b,0x02,0x20,0x00,0x00,0x00,0x00,
0x10,0x8b,0x02,0x20,0x00,0x00,0x00,0x00,0x10,0x8b,0x02,0x20,0x00,0x00,0x00,0x00,
0x10,0x8b,0x02,0x20,0x00,0x00,0x00,0x00,0x10,0x8b,0x02,0x20,0x00,0x00,0x00,0x00,
0x10,0x8b,0x02,0x20,0x00,0x00,0x00,0x00,0x10,0x8b,0x02,0x20,0x00,0x00,0x00,0x00,
0x10,0x8b,0x02,0x20,0x00,0x00,0x00,0x00,0x10,0x8b,0x02,0x20,0x00,0x00,0x00,0x00,
0x10,0x8b,0x02,0x20,0x00,0x00,0x00,0x00,0x10,0x8b,0x02,0x20,0x00,0x00,0x00,0x00,
0x10,0x8b,0x02,0x20,0x00,0x00,0x00,0x00,0x10,0x8b,0x02,0x20,0x00,0x00,0x00,0x00,
0x10,0x8b,0x02,0x20,0x00,0x00,0x00,0x00,0x10,0x8b,0x02,0x20,0x00,0x00,0x00,0x00,
0x10,0x8b,0x02,0x20,0x00,0x00,0x00,0x00,0x10,0x8b,0x02,0x20,0x00,0x00,0x00,0x00,
0x10,0x8b,0x02,0x20,0x00,0x00,0x00,0x00,0x10,0x8b,0x02,0x20,0x00,0x00,0x00,0x00,
0x10,0x8b,0x02,0x20,0x00,0x00,0x00,0x00,0x10,0x8b,0x02,0x20,0x00,0x00,0x00,0x00,
0x10,0x8b,0x02,0x20,0x00,0x00,0x00,0x00,0x10,0x8b,0x02,0x20,0x00,0x00,0x00,0x00,
0x10,0x8b,0x02,0x20,0x00,0x00,0x00,0x00,0x10,0x8b,0x02,0x20,0x00,0x00,0x00,0x00,
0x10,0x8b,0x02,0x20,0x00,0x00,0x00,0x00,0x10,0x8b,0x02,0x20,0x00,0x00,0x00,0x00,
0x10,0x8b,0x02,0x20,0x00,0x00,0x00,0x00,0x10,0x8b,0x02,0x20,0x00,0x00,0x00,0x00,
0x10,0x8b,0x02,0x20,0x00,0x00,0x00,0x00,0x10,0x8b,0x02,0x20,0x00,0x00,0x00,0x00,
0x10,0x8b,0x02,0x20,0x00,0x00,0x00,0x00,0x10,0x8b,0x02,0x20,0x00,0x00,0x00,0x00,
0x10,0x8b,0x02,0x20,0x00,0x00,0x00,0x00,0x10,0x8b,0x02,0x20,0x00,0x00,0x00,0x00,
0x10,0x8b,0x02,0x20,0x00,0x00,0x00,0x00,0x10,0x8b,0x02,0x20,0x00,0x00,0x00,0x00,
0x10,0x8b,0x02,0x20,0x00,0x00,0x00,0x00,0x10,0x8b,0x02,0x20,0x00,0x00,0x00,0x00,
0x10,0x8b,0x02,0x20,0x00,0x00,0x00,0x00,0x10,0x8b,0x02,0x20,0x00,0x00,0x00,0x00,
0x10,0x8b,0x02,0x20,0x00,0x00,0x00,0x00,0x10,0x8b,0x02,0x20,0x00,0x00,0x00,0x00,
0x10,0x8b,0x02,0x20,0x00,0x00,0x00,0x00,0x10,0x8b,0x02,0x20,0x00,0x00,0x00,0x00,
0x10,0x8b,0x02,0x20,0x00,0x00,0x00,0x00,0x10,0x8b,0x02,0x20,0x00,0x00,0x00,0x00,
0x10,0x8b,0x02,0x20,0x00,0x00,0x00,0x00,0x10,0x8b,0x02,0x20,0x00,0x00,0x00,0x00,
0x10,0x8b,0x02,0x20,0x00,0x00,0x00,0x00,0x10,0x8b,0x02,0x20,0x00,0x00,0x00,0x00,
0x10,0x8b,0x02,0x20,0x00,0x00,0x00,0x00,0x10,0x8b,0x02,0x20,0x00,0x00,0x00,0x00,
0x10,0x8b,0x02,0x20,0x00,0x00,0x00,0x00,0x10,0x8b,0x02,0x20,0x00,0x00,0x00,0x00,
0x10,0x8b,0x02,0x20,0x00,0x00,0x00,0x00,0x10,0x8b,0x02,0x20,0x00,0x00,0x00,0x00,
0x10,0x8b,0x02,0x20,0x00,0x00,0x00,0x00,0x10,0x8b,0x02,0x20,0x00,0x00,0x00,0x00,
0x10,0x8b,0x02,0x20,0x00,0x00,0x00,0x00,0x10,0x8b,0x02,0x20,0x00,0x00,0x00,0x00,
0x10,0x8b,0x02,0x20,0x00,0x00,0x00,0x00,0x10,0x8b,0x02,0x20,0x00,0x00,0x00,0x00,
0x10,0x8b,0x02,0x20,0x00,0x00,0x00,0x00,0x10,0x8b,0x02,0x20,0x00,0x00,0x00,0x00,
0x10,0x8b,0x02,0x20,0x00,0x00,0x00,0x00,0x10,0x8b,0x02,0x20,0x00,0x00,0x00,0x00,
0x10,0x8b,0x02,0x20,0x00,0x00,0x00,0x00,0x10,0x8b,0x02,0x20,0x00,0x00,0x00,0x00,
0x10,0x8b,0x02,0x20,0x00,0x00,0x00,0x00,0x10,0x8b,0x02,0x20,0x00,0x00,0x00,0x00,
0x10,0x8b,0x02,0x20,0x00,0x00,0x00,0x00,0x10,0x8b,0x02,0x20,0x00,0x00,0x00,0x00,
0x10,0x8b,0x02,0x20,0x00,0x00,0x00,0x00,0x10,0x8b,0x02,0x20,0x00,0x00,0x00,0x00,
0x10,0x8b,0x02,0x20,0x00,0x00,0x00,0x00,0x10,0x8b,0x02,0x20,0x00,0x00,0x00,0x00,
0x10,0x8b,0x02,0x20,0x00,0x00,0x00,0x00,0x10,0x8b,0x02,0x20,0x00,0x00,0x00,0x00,
0x10,0x8b,0x02,0x20,0x00,0x00,0x00,0x00,0x10,0x8b,0x02,0x20,0x00,0x00,0x00,0x00,
0x10,0x8b,0x02,0x20,0x00,0x00,0x00,0x00,0x10,0x8b,0x02,0x20,0x00,0x00,0x00,0x00,
0x10,0x8b,0x02,0x20,0x00,0x00,0x00,0x00,0x10,0x8b,0x02,0x20,0x00,0x00,0x00,0x00,
0x10,0x8b,0x02,0x20,0x00,0x00,0x00,0x00,0x10,0x8b,0x02,0x20,0x00,0x00,0x00,0x00,
0x10,0x8b,0x02,0x20,0x00,0x00,0x00,0x00,0x10,0x8b,0x02,0x20,0x00,0x00,0x00,0x00,
0x10,0x8b,0x02,0x20,0x00,0x00,0x00,0x00,0x10,0x8b,0x02,0x20,0x00,0x00,0x00,0x00,
0x10,0x8b,0x02,0x20,0x00,0x00,0x00,0x00,0x10,0x8b,0x02,0x20,0x00,0x00,0x00,0x00,
0x10,0x8b,0x02,0x20,0x00,0x00,0x00,0x00,0x10,0x8b,0x02,0x20,0x00,0x00,0x00,0x00,
0x10,0x8b,0x02,0x20,0x00,0x00,0x00,0x00,0x10,0x8b,0x02,0x20,0x00,0x00,0x00,0x00,
0x10,0x8b,0x02,0x20,0x00,0x00,0x00,0x00,0x10,0x8b,0x02,0x20,0x00,0x00,0x00,0x00,
0x10,0x8b,0x02,0x20,0x00,0x00,0x00,0x00,0x10,0x8b,0x02,0x20,0x00,0x00,0x00,0x00,
0x10,0x8b,0x02,0x20,0x00,0x00,0x00,0x00,0x10,0x8b,0x02,0x20,0x00,0x00,0x00,0x00,
0x10,0x8b,0x02,0x20,0x00,0x00,0x00,0x00,0x10,0x8b,0x02,0x20,0x00,0x00,0x00,0x00,
0x10,0x8b,0x02,0x20,0x00,0x00,0x00,0x00,0x10,0x8b,0x02,0x20,0x00,0x00,0x00,0x00,
0x10,0x8b,0x02,0x20,0x00,0x00,0x00,0x00,0x10,0x8b,0x02,0x20,0x00,0x00,0x00,0x00,
0x10,0x8b,0x02,0x20,0x00,0x00,0x00,0x00,0x10,0x8b,0x02,0x20,0x00,0x00,0x00,0x00,
0x10,0x8b,0x02,0x20,0x00,0x00,0x00,0x00,0x10,0x8b,0x02,0x20,0x00,0x00,0x00,0x00,
0x10,0x8b,0x02,0x20,0x00,0x00,0x00,0x00,0x10,0x8b,0x02,0x20,0x00,0x00,0x00,0x00,
0x10,0x8b,0x02,0x20,0x00,0x00,0x00,0x00,0x10,0x8b,0x02,0x20,0x00,0x00,0x00,0x00,
0x10,0x8b,0x02,0x20,0x00,0x00,0x00,0x00,0x10,0x8b,0x02,0x20,0x00,0x00,0x00,0x00,
0x10,0x8b,0x02,0x20,0x00,0x00,0x00,0x00,0x10,0x8b,0x02,0x20,0x00,0x00,0x00,0x00,
0x10,0x8b,0x02,0x20,0x00,0x00,0x00,0x00,0x10,0x8b,0x02,0x20,0x00,0x00,0x00,0x00,
0x10,0x8b,0x02,0x20,0x00,0x00,0x00,0x00,0x10,0x8b,0x02,0x20,0x00,0x00,0x00,0x00,
0x10,0x8b,0x02,0x20,0x00,0x00,0x00,0x00,0x10,0x8b,0x02,0x20,0x00,0x00,0x00,0x00,
0x10,0x8b,0x02,0x20,0x00,0x00,0x00,0x00,0x10,0x8b,0x02,0x20,0x00,0x00,0x00,0x00,
0x10,0x8b,0x02,0x20,0x00,0x00,0x00,0x00,0x10,0x8b,0x02,0x20,0x00,0x00,0x00,0x00,
0x10,0x8b,0x02,0x20,0x00,0x00,0x00,0x00,0x10,0x8b,0x02,0x20,0x00,0x00,0x00,0x00,
0x10,0x8b,0x02,0x20,0x00,0x00,0x00,0x00,0x10,0x8b,0x02,0x20,0x00,0x00,0x00,0x00,
0x10,0x8b,0x02,0x20,0x00,0x00,0x00,0x00,0x10,0x8b,0x02,0x20,0x00,0x00,0x00,0x00,
0x10,0x8b,0x02,0x20,0x00,0x00,0x00,0x00,0x10,0x8b,0x02,0x20,0x00,0x00,0x00,0x00,
0x10,0x8b,0x02,0x20,0x00,0x00,0x00,0x00,0x10,0x8b,0x02,0x20,0x00,0x00,0x00,0x00,
0x10,0x8b,0x02,0x20,0x00,0x00,0x00,0x00,0x10,0x8b,0x02,0x20,0x00,0x00,0x00,0x00,
0x10,0x8b,0x02,0x20,0x00,0x00,0x00,0x00,0x10,0x8b,0x02,0x20,0x00,0x00,0x00,0x00,
0x10,0x8b,0x02,0x20,0x00,0x00,0x00,0x00,0x10,0x8b,0x02,0x20,0x00,0x00,0x00,0x00,
0x10,0x8b,0x02,0x20,0x00,0x00,0x00,0x00,0x10,0x8b,0x02,0x20,0x00,0x00,0x00,0x00,
0x10,0x8b,0x02,0x20,0x00,0x00,0x00,0x00,0x00,0x00,0x00,0x00,0x00,0x00,0x00,0x00,
0x00,0x00,0x00,0x00,0x00,0x00,0x00,0x00,0x00,0x00,0x00,0x00,0x00,0x00,0x00,0x00,
0x00,0x00,0x00,0x00,0x00,0x00,0x00,0x00,0x00,0x00,0x00,0x00,0x00,0x00,0x00,0x00,
0x00,0x00,0x00,0x00,0x00,0x00,0x00,0x00,0x00,0x00,0x00,0x00,0x00,0x00,0x00,0x00,
0x00,0x00,0x00,0x00,0x00,0x00,0x00,0x00,0x00,0x00,0x00,0x00,0x00,0x00,0x00,0x00,
0x00,0x00,0x00,0x00,0x00,0x00,0x00,0x00,0x00,0x00,0x00,0x00,0x00,0x00,0x00,0x00,
0x00,0x00,0x00,0x00,0x00,0x00,0x00,0x00,0x00,0x00,0x00,0x00,0x00,0x00,0x00,0x00,
0x00,0x00,0x00,0x00,0x00,0x00,0x00,0x00,0x00,0x00,0x00,0x00,0x00,0x00,0x00,0x00,
0x00,0x00,0x00,0x00,0x00,0x00,0x00,0x00,0x00,0x00,0x00,0x00,0x00,0x00,0x00,0x00,
0x00,0x00,0x00,0x00,0x00,0x00,0x00,0x00,